-- MySQL dump 10.13  Distrib 8.0.34, for Linux (x86_64)
--
-- Host: localhost    Database: goh_referral
-- ------------------------------------------------------
-- Server version	8.0.34-0ubuntu0.23.04.1

/*!40101 SET @OLD_CHARACTER_SET_CLIENT=@@CHARACTER_SET_CLIENT */;
/*!40101 SET @OLD_CHARACTER_SET_RESULTS=@@CHARACTER_SET_RESULTS */;
/*!40101 SET @OLD_COLLATION_CONNECTION=@@COLLATION_CONNECTION */;
/*!50503 SET NAMES utf8mb4 */;
/*!40103 SET @OLD_TIME_ZONE=@@TIME_ZONE */;
/*!40103 SET TIME_ZONE='+00:00' */;
/*!40014 SET @OLD_UNIQUE_CHECKS=@@UNIQUE_CHECKS, UNIQUE_CHECKS=0 */;
/*!40014 SET @OLD_FOREIGN_KEY_CHECKS=@@FOREIGN_KEY_CHECKS, FOREIGN_KEY_CHECKS=0 */;
/*!40101 SET @OLD_SQL_MODE=@@SQL_MODE, SQL_MODE='NO_AUTO_VALUE_ON_ZERO' */;
/*!40111 SET @OLD_SQL_NOTES=@@SQL_NOTES, SQL_NOTES=0 */;

--
-- Table structure for table `counties`
--

DROP TABLE IF EXISTS `counties`;
/*!40101 SET @saved_cs_client     = @@character_set_client */;
/*!50503 SET character_set_client = utf8mb4 */;
CREATE TABLE `counties` (
  `id` int NOT NULL AUTO_INCREMENT,
  `name` varchar(20) NOT NULL,
  `code` int NOT NULL,
  `capital` varchar(20) NOT NULL,
  `latitude` double NOT NULL,
  `longitude` double NOT NULL,
  `created_at` timestamp NOT NULL DEFAULT CURRENT_TIMESTAMP ON UPDATE CURRENT_TIMESTAMP,
  `updated_at` timestamp NULL DEFAULT NULL,
  PRIMARY KEY (`id`),
  UNIQUE KEY `code` (`code`)
) ENGINE=InnoDB AUTO_INCREMENT=48 DEFAULT CHARSET=utf8mb4 COLLATE=utf8mb4_0900_ai_ci;
/*!40101 SET character_set_client = @saved_cs_client */;

--
-- Dumping data for table `counties`
--

LOCK TABLES `counties` WRITE;
/*!40000 ALTER TABLE `counties` DISABLE KEYS */;
INSERT INTO `counties` VALUES (1,'Baringo',30,'Kabarnet',0.4919,35.743,'2021-04-01 12:50:26','2021-04-01 11:50:26'),(2,'Bomet',36,'Bomet',-0.7813,35.3416,'2021-04-01 12:50:27','2021-04-01 11:50:27'),(3,'Bungoma',39,'Bungoma',0.5666,34.5666,'2021-04-01 12:50:26','2021-04-01 11:50:26'),(4,'Busia',40,'Busia',0.4608,34.1108,'2021-04-01 12:50:26','2021-04-01 11:50:26'),(5,'Elgeyo-Marakwet',28,'Iten',0.6703,35.5081,'2021-04-01 12:50:27','2021-04-01 11:50:27'),(6,'Embu',14,'Embu',-0.5333,37.45,'2021-04-01 12:50:26','2021-04-01 11:50:26'),(7,'Garissa',7,'Garissa',-0.4569,39.6583,'2021-04-01 12:50:26','2021-04-01 11:50:26'),(8,'Homa Bay',43,'Homa Bay',-0.5167,34.45,'2021-04-01 12:50:26','2021-04-01 11:50:26'),(9,'Isiolo',11,'Isiolo',0.35,37.5833,'2021-04-01 12:50:26','2021-04-01 11:50:26'),(10,'Kajiado',34,'Kajiado',-1.85,36.7833,'2021-04-01 12:50:27','2021-04-01 11:50:27'),(11,'Kakamega',37,'Kakamega',0.2833,34.75,'2021-04-01 12:50:26','2021-04-01 11:50:26'),(12,'Kericho',35,'Kericho',-0.3692,35.2839,'2021-04-01 12:50:26','2021-04-01 11:50:26'),(13,'Kiambu',22,'Kiambu',-1.1714,36.8356,'2021-04-01 12:50:26','2021-04-01 11:50:26'),(14,'Kilifi',3,'Kilifi',-3.21,40.1,'2021-04-01 12:50:26','2021-04-01 11:50:26'),(15,'Kirinyaga',20,'Kerugoya/Kutus',-0.4989,37.2803,'2021-04-01 12:50:26','2021-04-01 11:50:26'),(16,'Kisii',45,'Kisii',-0.6817,34.7667,'2021-04-01 12:50:26','2021-04-01 11:50:26'),(17,'Kisumu',42,'Kisumu',-0.1,34.75,'2021-04-01 12:50:26','2021-04-01 11:50:26'),(18,'Kitui',15,'Kitui',-1.3667,38.0167,'2021-04-01 12:50:26','2021-04-01 11:50:26'),(19,'Kwale',2,'Kwale',-4.1737,39.4521,'2021-04-01 12:50:27','2021-04-01 11:50:27'),(20,'Laikipia',31,'Rumuruti',0.2725,36.5381,'2021-04-01 12:50:27','2021-04-01 11:50:27'),(21,'Lamu',5,'Lamu',-2.2686,40.9003,'2021-04-01 12:50:26','2021-04-01 11:50:26'),(22,'Machakos',16,'Machakos',-1.45,36.9833,'2021-04-01 12:50:26','2021-04-01 11:50:26'),(23,'Makueni',17,'Wote',-1.7808,37.6288,'2021-04-01 12:50:27','2021-04-01 11:50:27'),(24,'Mandera',9,'Mandera',3.9167,41.8333,'2021-04-01 12:50:26','2021-04-01 11:50:26'),(25,'Marsabit',10,'Marsabit',2.3333,37.9833,'2021-04-01 12:50:26','2021-04-01 11:50:26'),(26,'Meru',12,'Meru',0.05,37.65,'2021-04-01 12:50:26','2021-04-01 11:50:26'),(27,'Migori',44,'Migori',-1.0634,34.4731,'2021-04-01 12:50:26','2021-04-01 11:50:26'),(28,'Mombasa',1,'Mombasa City',-4.05,39.6667,'2021-04-01 12:50:26','2021-04-01 11:50:26'),(29,'Murang\'a',21,'Murang\'a',-0.721,37.1526,'2021-04-01 12:50:27','2021-04-01 11:50:27'),(30,'Nairobi',47,'Nairobi City',-1.2864,36.8172,'2021-04-01 12:50:26','2021-04-01 11:50:26'),(31,'Nakuru',32,'Nakuru',-0.2833,36.0667,'2021-04-01 12:50:26','2021-04-01 11:50:26'),(32,'Nandi',29,'Kapsabet',0.2,35.1,'2021-04-01 12:50:27','2021-04-01 11:50:27'),(33,'Narok',33,'Narok',-1.0833,35.8667,'2021-04-01 12:50:27','2021-04-01 11:50:27'),(34,'Nyamira',46,'Nyamira',-0.5633,34.9358,'2021-04-01 12:50:27','2021-04-01 11:50:27'),(35,'Nyandarua',18,'Ol Kalou',-0.2643,36.3788,'2021-04-01 12:50:27','2021-04-01 11:50:27'),(36,'Nyeri',19,'Nyeri',-0.4167,36.95,'2021-04-01 12:50:26','2021-04-01 11:50:26'),(37,'Samburu',25,'Maralal',1.1,36.7,'2021-04-01 12:50:26','2021-04-01 11:50:26'),(38,'Siaya',41,'Siaya',0.0607,34.2881,'2021-04-01 12:50:27','2021-04-01 11:50:27'),(39,'Taita-Taveta',6,'Voi',-3.505,38.3772,'2021-04-01 12:50:27','2021-04-01 11:50:27'),(40,'Tana River',4,'Hola',-1.5,40.03,'2021-04-01 12:50:26','2021-04-01 11:50:26'),(41,'Tharaka-Nithi',13,'Chuka',0,0,'2021-02-22 08:02:19','2021-02-22 08:02:19'),(42,'Trans-Nzoia',26,'Kitale',1.0167,35,'2021-04-01 12:50:26','2021-04-01 11:50:26'),(43,'Turkana',23,'Lodwar',3.1167,35.6,'2021-04-01 12:50:26','2021-04-01 11:50:26'),(44,'Uasin Gishu',27,'Eldoret',0.5167,35.2833,'2021-04-01 12:50:26','2021-04-01 11:50:26'),(45,'Vihiga',38,'Vihiga',0,0,'2021-02-22 08:02:19','2021-02-22 08:02:19'),(46,'Wajir',8,'Wajir',1.75,40.0667,'2021-04-01 12:50:26','2021-04-01 11:50:26'),(47,'West Pokot',24,'Kapenguria',1.2389,35.1119,'2021-04-01 12:50:27','2021-04-01 11:50:27');
/*!40000 ALTER TABLE `counties` ENABLE KEYS */;
UNLOCK TABLES;

--
-- Table structure for table `departments`
--

DROP TABLE IF EXISTS `departments`;
/*!40101 SET @saved_cs_client     = @@character_set_client */;
/*!50503 SET character_set_client = utf8mb4 */;
CREATE TABLE `departments` (
  `id` int NOT NULL AUTO_INCREMENT,
  `name` varchar(100) CHARACTER SET utf8mb4 COLLATE utf8mb4_0900_ai_ci NOT NULL,
  `created_at` timestamp NOT NULL DEFAULT CURRENT_TIMESTAMP,
  `updated_at` timestamp NOT NULL DEFAULT CURRENT_TIMESTAMP ON UPDATE CURRENT_TIMESTAMP,
  PRIMARY KEY (`id`)
) ENGINE=InnoDB AUTO_INCREMENT=4 DEFAULT CHARSET=utf8mb4 COLLATE=utf8mb4_0900_ai_ci;
/*!40101 SET character_set_client = @saved_cs_client */;

--
-- Dumping data for table `departments`
--

LOCK TABLES `departments` WRITE;
/*!40000 ALTER TABLE `departments` DISABLE KEYS */;
INSERT INTO `departments` VALUES (1,'Department Ones','2023-04-23 06:49:55','2023-07-01 11:18:22'),(2,'Department Two','2023-04-23 06:50:11','2023-04-23 06:50:11'),(3,'OPD','2023-07-01 13:30:46','2023-07-01 13:30:46');
/*!40000 ALTER TABLE `departments` ENABLE KEYS */;
UNLOCK TABLES;

--
-- Table structure for table `facilities`
--

DROP TABLE IF EXISTS `facilities`;
/*!40101 SET @saved_cs_client     = @@character_set_client */;
/*!50503 SET character_set_client = utf8mb4 */;
CREATE TABLE `facilities` (
  `id` int NOT NULL AUTO_INCREMENT,
  `mfl_code` char(50) CHARACTER SET utf8mb4 COLLATE utf8mb4_general_ci NOT NULL DEFAULT '0',
  `name` varchar(190) CHARACTER SET utf8mb4 COLLATE utf8mb4_general_ci NOT NULL DEFAULT '',
  `county_code` int NOT NULL,
  `created_at` timestamp NULL DEFAULT CURRENT_TIMESTAMP,
  `updated_at` timestamp NULL DEFAULT NULL,
  PRIMARY KEY (`id`),
  UNIQUE KEY `Index_mfl_code` (`mfl_code`) USING BTREE,
  KEY `FK_facility_county` (`county_code`),
  KEY `Index _name` (`name`) USING BTREE,
  CONSTRAINT `FK_facility_county` FOREIGN KEY (`county_code`) REFERENCES `counties` (`code`) ON DELETE RESTRICT ON UPDATE CASCADE
) ENGINE=InnoDB AUTO_INCREMENT=2130 DEFAULT CHARSET=utf8mb4 COLLATE=utf8mb4_general_ci;
/*!40101 SET character_set_client = @saved_cs_client */;

--
-- Dumping data for table `facilities`
--

LOCK TABLES `facilities` WRITE;
/*!40000 ALTER TABLE `facilities` DISABLE KEYS */;
INSERT INTO `facilities` VALUES (2,'12935','Embakasi Health Centre',47,'2022-05-16 10:55:01','2022-06-28 09:40:36'),(3,'12974','Huruma Lions Dispensary',47,'2022-05-16 10:55:01','2022-06-28 09:40:36'),(4,'18176','Sex Workers Outreach Program (Kibra)',47,'2022-05-16 10:55:01',NULL),(5,'17684','Hope World Wide Kenya Mukuru Clinic',47,'2022-05-16 10:55:01','2022-06-30 08:53:10'),(6,'19504','Child Doctor Kenya',47,'2022-05-16 10:55:01','2022-06-30 08:53:09'),(7,'19429','SWOP Donholm',47,'2022-05-16 10:55:01',NULL),(8,'28284','LVCT Health Dreams',47,'2022-05-16 10:55:01','2022-06-30 08:53:08'),(9,'13189','SOS Dispensary',47,'2022-05-16 10:55:01','2022-06-30 08:53:10'),(10,'12929','Dreams Centre Dispensary (Langata)',47,'2022-05-16 10:55:01','2022-06-28 09:40:36'),(11,'13249','Waithaka Health Centre',47,'2022-05-16 10:55:01','2022-06-28 09:40:36'),(12,'13240','Umoja Health Centre',47,'2022-05-16 10:55:01','2022-06-28 09:40:36'),(13,'13234','Tabitha Medical Clinic',47,'2022-05-16 10:55:01','2022-06-28 09:40:36'),(14,'13180','Sex Workers Operation Project (Swop)',47,'2022-05-16 10:55:01','2022-06-30 08:53:10'),(15,'23200','bar Hostess Empowerment & Support programme-Roysambu',47,'2022-05-16 10:55:01','2022-06-30 08:53:09'),(16,'18896','Swop Thika Road',47,'2022-05-16 10:55:01',NULL),(17,'19271','Swop Korogocho',47,'2022-05-16 10:55:01',NULL),(18,'19719','Swop Kawangware',47,'2022-05-16 10:55:01',NULL),(19,'13210','St Joseph\'s Dispensary (Dagoretti)',47,'2022-05-16 10:55:01','2022-06-28 09:40:36'),(20,'13188','Sokoni Arcade VCT',47,'2022-05-16 10:55:01',NULL),(21,'13186','Silanga (MSF Belgium) Dispensary',47,'2022-05-16 10:55:01','2022-06-28 09:40:36'),(22,'13171','Ruai Health Centre',47,'2022-05-16 10:55:01','2022-06-28 09:40:36'),(23,'13165','Riruta Health Centre',47,'2022-05-16 10:55:01','2022-06-28 09:40:36'),(24,'28592','LVCT Health (Ngando Dreams Site)',47,'2022-05-16 10:55:01','2022-06-30 08:53:08'),(25,'13156','Pumwani Maternity Hospital',47,'2022-05-16 10:55:01','2022-06-28 09:40:36'),(26,'13155','Pumwani Majengo Dispensary',47,'2022-05-16 10:55:01','2022-06-30 08:53:10'),(27,'13126','Njiru  Health Centre',47,'2022-05-16 10:55:01','2022-06-30 08:53:10'),(28,'12893','Chandaria Health Centre',47,'2022-05-16 10:55:01','2022-06-28 09:40:36'),(29,'13122','Ngara Health Centre (City Council of Nairobi)',47,'2022-05-16 10:55:01','2022-06-28 09:40:36'),(30,'13113','Nairobi South Clinic',47,'2022-05-16 10:55:01','2022-06-28 09:40:36'),(31,'13108','Nairobi Deaf (Liverpool)',47,'2022-05-16 10:55:01',NULL),(32,'13105','Mutuini Sub-District Hospital',47,'2022-05-16 10:55:01','2022-06-28 09:40:36'),(33,'13076','Mathari Hospital',47,'2022-05-16 10:55:01','2022-06-28 09:40:36'),(34,'19308','Maisha House VCT (Noset)',47,'2022-05-16 10:55:01','2022-06-30 08:53:09'),(35,'13051','Loco Dispensary',47,'2022-05-16 10:55:01','2022-06-28 09:40:36'),(36,'13050','Liverpool VCT',47,'2022-05-16 10:55:01','2022-06-28 09:40:36'),(37,'13041','Langata Subcounty Hospital(Mugumoini)',47,'2022-05-16 10:55:01','2022-06-30 08:53:10'),(38,'23414','Kware Dispensary',47,'2022-05-16 10:55:01','2022-06-28 09:40:36'),(39,'13028','Kibera Community Health Centre - Amref',47,'2022-05-16 10:55:01','2022-06-28 09:40:36'),(40,'13023','Kenyatta National Hospital',47,'2022-05-16 10:55:01','2022-06-28 09:40:36'),(41,'13015','Kayole I Health Centre',47,'2022-05-16 10:55:01','2022-06-30 08:53:10'),(42,'12871','APTC Health Centre',47,'2022-05-16 10:55:01','2022-06-30 08:53:10'),(43,'12913','Dandora I Health Centre',47,'2022-05-16 10:55:01','2022-06-28 09:40:36'),(44,'12930','Eastleigh Health Centre',47,'2022-05-16 10:55:01','2022-06-28 09:40:36'),(45,'13029','Kibera D O Dispensary',47,'2022-05-16 10:55:01','2022-06-28 09:40:36'),(46,'13009','Karura Health Centre (Kiambu Rd)',47,'2022-05-16 10:55:01','2022-06-28 09:40:36'),(47,'13003','Karen Health Centre',47,'2022-05-16 10:55:01','2022-06-28 09:40:36'),(48,'12998','Kaloleni Dispensary',47,'2022-05-16 10:55:01','2022-06-28 09:40:36'),(49,'19471','Iom Wellness Clinic',47,'2022-05-16 10:55:01','2022-06-28 09:40:36'),(50,'13245','Ushirika Medical Clinic',47,'2022-05-16 10:55:01','2022-06-28 09:40:36'),(51,'13019','Kemri VCT',47,'2022-05-16 10:55:01','2022-06-30 08:53:10'),(52,'12889','Cana Family Life Clinic',47,'2022-05-16 10:55:01','2022-06-28 09:40:36'),(53,'12876','Babadogo Health Centre',47,'2022-05-16 10:55:01','2022-06-28 09:40:36'),(54,'20402','Support For Addiction Prevention & Treatment In Africa',47,'2022-06-13 10:03:01','2022-06-30 08:53:09'),(55,'23786','NGARA MAT CLINIC',47,'2022-06-13 10:05:58','2022-06-30 08:53:09'),(56,'13079','Mathari MAT',47,'2022-06-13 10:08:48','2022-06-13 10:08:48'),(57,'12883','Biafra Lions Clinic',47,'2022-06-20 12:46:18','2022-06-28 09:40:36'),(58,'12977','Patanisho Maternity and Nursing Home',47,'2022-06-20 12:46:57','2022-06-30 08:53:10'),(59,'12919','Dog Unit Dispensary (O P Kenya Police)',47,'2022-06-21 13:57:46','2022-06-30 08:53:10'),(60,'13138','Pangani Dispensary',47,'2022-06-22 13:07:06','2022-06-28 09:40:36'),(61,'13184','Shauri Moyo Clinic',47,'2022-06-22 13:07:59','2022-06-30 08:53:10'),(62,'13239','Uhuru Camp Dispensary (O P Admin Police)',47,'2022-06-22 13:08:42','2022-06-30 08:53:10'),(66,'13130','National Youth Service Hq Dispensary (Ruaraka)',47,'2022-06-22 13:59:28','2022-06-30 08:53:10'),(68,'28742','SWOP Majengo clinic',47,'2022-06-27 06:17:25','2022-06-27 06:17:25'),(69,'13078','Mathare Police Depot',47,'2022-06-27 10:28:47','2022-06-28 09:40:36'),(70,'13259','Woodley Clinic',47,'2022-06-28 06:57:58','2022-06-28 09:40:36'),(71,'12989','Jerusalem Clinic',47,'2022-06-28 07:07:58','2022-06-28 09:40:36'),(72,'12961','Gsu Dispensary (Nairobi West)',47,'2022-06-28 08:32:42','2022-06-28 09:40:36'),(73,'12963','Gsu Hq Dispensary (Ruaraka)',47,'2022-06-28 08:33:28','2022-06-28 09:40:36'),(74,'12962','GSUTraining School',47,'2022-06-28 08:33:54','2022-06-30 08:53:10'),(75,'18505','KEMRI Mimosa',47,'2022-06-28 08:37:22','2022-06-30 08:53:10'),(76,'13030','Kibera South Health Centre',47,'2022-06-28 08:40:14','2022-06-28 09:40:36'),(77,'26911','Noset Maisha House',47,'2022-06-28 08:44:32','2022-06-30 08:53:09'),(78,'13144','South B Police Band Dispensary',47,'2022-06-28 08:47:15','2022-06-28 09:40:36'),(293,'29537','Jaystel Medical Centre',47,'2022-06-30 08:53:08','2022-06-30 08:53:08'),(294,'29470','Libra Dental Centre Limited',47,'2022-06-30 08:53:08','2022-06-30 08:53:08'),(295,'29468','Equity Afia Medical Centre-UpperHill',47,'2022-06-30 08:53:08','2022-06-30 08:53:08'),(296,'29414','Sunnybrook Healthcare Centre Limited',47,'2022-06-30 08:53:08','2022-06-30 08:53:08'),(297,'29413','Dr Catherine  Mutinda Medical Clinic',47,'2022-06-30 08:53:08','2022-06-30 08:53:08'),(298,'29415','Health Risk assessment Clinic',47,'2022-06-30 08:53:08','2022-06-30 08:53:08'),(299,'29417','Caremax Health LTD-Evergreen Branch',47,'2022-06-30 08:53:08','2022-06-30 08:53:08'),(300,'29394','The Savannah Hospital Limited',47,'2022-06-30 08:53:08','2022-06-30 08:53:08'),(301,'29419','Lizzy Clinca Health Care',47,'2022-06-30 08:53:08','2022-06-30 08:53:08'),(302,'29330','Equity Afia Eastleigh',47,'2022-06-30 08:53:08','2022-06-30 08:53:08'),(303,'29324','Luton Medical Hospital Limited (Ngong road)',47,'2022-06-30 08:53:08','2022-06-30 08:53:08'),(304,'29322','Elegance Medical clinic',47,'2022-06-30 08:53:08','2022-06-30 08:53:08'),(305,'29270','KCA student Clinic',47,'2022-06-30 08:53:08','2022-06-30 08:53:08'),(306,'29292','BHESP Kariobangi North Wellness Centre',47,'2022-06-30 08:53:08','2022-06-30 08:53:08'),(307,'29280','Shining Hope For Communities Mathare Clinic',47,'2022-06-30 08:53:08','2022-06-30 08:53:08'),(308,'29281','Medica family Hospital',47,'2022-06-30 08:53:08','2022-06-30 08:53:08'),(309,'29267','Trans Marigold Hospital',47,'2022-06-30 08:53:08','2022-06-30 08:53:08'),(310,'29283','Provide Medical Centre',47,'2022-06-30 08:53:08','2022-06-30 08:53:08'),(311,'29285','Tapiwa Medical Center',47,'2022-06-30 08:53:08','2022-06-30 08:53:08'),(312,'29288','Bliss Medical Centre Buruburu',47,'2022-06-30 08:53:08','2022-06-30 08:53:08'),(313,'29289','Glenfin Donholm Hospital LTD',47,'2022-06-30 08:53:08','2022-06-30 08:53:08'),(314,'29290','Tendercare Hospital LTD',47,'2022-06-30 08:53:08','2022-06-30 08:53:08'),(315,'29174','Chiromo Hospital Group-Muthithi',47,'2022-06-30 08:53:08','2022-06-30 08:53:08'),(316,'29162','MP Shah Hospital Medical Centre-Village Market',47,'2022-06-30 08:53:08','2022-06-30 08:53:08'),(317,'29171','Equity Afia Limited-Pangani Medical Centre',47,'2022-06-30 08:53:08','2022-06-30 08:53:08'),(318,'29170','Medileen Medical Services',47,'2022-06-30 08:53:08','2022-06-30 08:53:08'),(319,'29169','Megalife Hospital Limited',47,'2022-06-30 08:53:08','2022-06-30 08:53:08'),(320,'29144','Vintagelight Medical Centre',47,'2022-06-30 08:53:08','2022-06-30 08:53:08'),(321,'29145','Bethel Afya Clinic',47,'2022-06-30 08:53:08','2022-06-30 08:53:08'),(322,'29146','Seaton Park Medical Centre',47,'2022-06-30 08:53:08','2022-06-30 08:53:08'),(323,'29168','Church Road Medical Center',47,'2022-06-30 08:53:08','2022-06-30 08:53:08'),(324,'29228','The Aga Khan University Hospital Muthithi Clinic',47,'2022-06-30 08:53:08','2022-06-30 08:53:08'),(325,'29140','Accupoint Healthcare Limited',47,'2022-06-30 08:53:08','2022-06-30 08:53:08'),(326,'29147','Middle Star-Swiss Hospital',47,'2022-06-30 08:53:08','2022-06-30 08:53:08'),(327,'29113','Equity Afia Umoja',47,'2022-06-30 08:53:08','2022-06-30 08:53:08'),(328,'29122','Umoja Modern Medical',47,'2022-06-30 08:53:08','2022-06-30 08:53:08'),(329,'29115','Jacaranda Maternity Hospital',47,'2022-06-30 08:53:08','2022-06-30 08:53:08'),(330,'29101','Mwiki Health Centre',47,'2022-06-30 08:53:08','2022-06-30 08:53:08'),(331,'29090','Siron Medical Centre',47,'2022-06-30 08:53:08','2022-06-30 08:53:08'),(332,'29136','Shabaha Cancer Center',47,'2022-06-30 08:53:08','2022-06-30 08:53:08'),(333,'29070','Healthex Africa Limited',47,'2022-06-30 08:53:08','2022-06-30 08:53:08'),(334,'29054','Joma Medical Centre',47,'2022-06-30 08:53:08','2022-06-30 08:53:08'),(335,'29091','Wellstar healthcare Systems LTD',47,'2022-06-30 08:53:08','2022-06-30 08:53:08'),(336,'29034','Jelnice Medical and Diagnostic Laboratories',47,'2022-06-30 08:53:08','2022-06-30 08:53:08'),(337,'29092','Dexta Hearing Centre',47,'2022-06-30 08:53:08','2022-06-30 08:53:08'),(338,'29093','IncusEar Hearing and ENT Centre',47,'2022-06-30 08:53:08','2022-06-30 08:53:08'),(339,'29094','Equity Afia lavington',47,'2022-06-30 08:53:08','2022-06-30 08:53:08'),(340,'29095','Zarayah Medicare',47,'2022-06-30 08:53:08','2022-06-30 08:53:08'),(341,'28994','Exelite Hospital',47,'2022-06-30 08:53:08','2022-06-30 08:53:08'),(342,'29036','Newlife Cottage Hospital',47,'2022-06-30 08:53:08','2022-06-30 08:53:08'),(343,'28958','Inclusive Healthcare Medical Centre',47,'2022-06-30 08:53:08','2022-06-30 08:53:08'),(344,'28954','Equity Afia Medical Centre(Ruai)',47,'2022-06-30 08:53:08','2022-06-30 08:53:08'),(345,'28955','Growth Changer Health Center',47,'2022-06-30 08:53:08','2022-06-30 08:53:08'),(346,'28885','Mama Margaret Uhuru Hospital',47,'2022-06-30 08:53:08','2022-06-30 08:53:08'),(347,'28886','Minnesota costimec Dental Limited',47,'2022-06-30 08:53:08','2022-06-30 08:53:08'),(348,'28883','Ananda Marga Dispensary',47,'2022-06-30 08:53:08','2022-06-30 08:53:08'),(349,'28870','The Aga Khan University Hospital-Peponi Executive Clinic',47,'2022-06-30 08:53:08','2022-06-30 08:53:08'),(350,'28874','Caremark Hospital',47,'2022-06-30 08:53:08','2022-06-30 08:53:08'),(351,'28925','Kindred Medical Centre',47,'2022-06-30 08:53:08','2022-06-30 08:53:08'),(352,'28877','Equity Afia Kariobangi',47,'2022-06-30 08:53:08','2022-06-30 08:53:08'),(353,'28878','Tranquil Olympian Ultracare House',47,'2022-06-30 08:53:08','2022-06-30 08:53:08'),(354,'28879','St Peter Medical Centre (Kasarani)',47,'2022-06-30 08:53:08','2022-06-30 08:53:08'),(355,'28880','Sokoni Dreams-Kawangware',47,'2022-06-30 08:53:08','2022-06-30 08:53:08'),(356,'28813','Nairobi Radiotherapy and Cancer Centre-Kindaruma',47,'2022-06-30 08:53:08','2022-06-30 08:53:08'),(357,'28804','Grace Memorial Hospital LTD',47,'2022-06-30 08:53:08','2022-06-30 08:53:08'),(358,'28805','Maxmed Nursing Home',47,'2022-06-30 08:53:08','2022-06-30 08:53:08'),(359,'28790','Reproductive Health Services',47,'2022-06-30 08:53:08','2022-06-30 08:53:08'),(360,'28800','Meticuluos Nursing Home Limited',47,'2022-06-30 08:53:08','2022-06-30 08:53:08'),(361,'28797','Imperio Shepherds Medical Group LTD Parklands',47,'2022-06-30 08:53:08','2022-06-30 08:53:08'),(362,'28795','Kinani Family Medical and Dental Care',47,'2022-06-30 08:53:08','2022-06-30 08:53:08'),(363,'28793','Barika Medical Centre',47,'2022-06-30 08:53:08','2022-06-30 08:53:08'),(364,'28803','Angani Medical Centre',47,'2022-06-30 08:53:08','2022-06-30 08:53:08'),(365,'28792','WaterFront Clinic Limited',47,'2022-06-30 08:53:08','2022-06-30 08:53:08'),(366,'28796','Equity Afia South B Medical Centre',47,'2022-06-30 08:53:08','2022-06-30 08:53:08'),(367,'28791','Alkhair Medical Centre(Kibra)',47,'2022-06-30 08:53:08','2022-06-30 08:53:08'),(368,'28747','Lankia Nursing Home & Dialysis Center',47,'2022-06-30 08:53:08','2022-06-30 08:53:08'),(369,'28714','Sasa Doctor Medical Clinic',47,'2022-06-30 08:53:08','2022-06-30 08:53:08'),(370,'28677','St. Florence Uzima Hospital',47,'2022-06-30 08:53:08','2022-06-30 08:53:08'),(371,'28678','Menich',47,'2022-06-30 08:53:08','2022-06-30 08:53:08'),(372,'28692','Penda Medical Centre(kawangware)',47,'2022-06-30 08:53:08','2022-06-30 08:53:08'),(373,'28701','LaFemme HealthCare Clinic',47,'2022-06-30 08:53:08','2022-06-30 08:53:08'),(374,'28696','WECARE MEDICAL CENTER',47,'2022-06-30 08:53:08','2022-06-30 08:53:08'),(375,'28697','Pipeline Modern Hospital LTD',47,'2022-06-30 08:53:08','2022-06-30 08:53:08'),(376,'28664','Undugu Highrise Dispensary',47,'2022-06-30 08:53:08','2022-06-30 08:53:08'),(377,'28650','The Aga Khan Hospital Mountain View',47,'2022-06-30 08:53:08','2022-06-30 08:53:08'),(378,'28637','Santiago Perfecto Health Care',47,'2022-06-30 08:53:08','2022-06-30 08:53:08'),(379,'28660','Penda Medical Centre (Kasarani)',47,'2022-06-30 08:53:08','2022-06-30 08:53:08'),(380,'28586','Newcastle Healthcare & Diagnostic Centre LTP',47,'2022-06-30 08:53:08','2022-06-30 08:53:08'),(381,'28560','Kileleshwa Medical Plaza',47,'2022-06-30 08:53:08','2022-06-30 08:53:08'),(382,'28563','Medipointe Medical Multi-Specialty Clinics Ltd',47,'2022-06-30 08:53:08','2022-06-30 08:53:08'),(383,'28552','Ngomongo Dispensary',47,'2022-06-30 08:53:08','2022-06-30 08:53:08'),(384,'28537','Zimmerman Pickens Dispensary',47,'2022-06-30 08:53:08','2022-06-30 08:53:08'),(385,'28542','Restore Hospital',47,'2022-06-30 08:53:08','2022-06-30 08:53:08'),(386,'28508','Elephant Dental South C Clinic',47,'2022-06-30 08:53:08','2022-06-30 08:53:08'),(387,'28486','Smartsmile dental care clinic',47,'2022-06-30 08:53:08','2022-06-30 08:53:08'),(388,'28438','Mirema Cottage Hospital',47,'2022-06-30 08:53:08','2022-06-30 08:53:08'),(389,'28432','Reuben Health Centre (GOK)',47,'2022-06-30 08:53:08','2022-06-30 08:53:08'),(390,'28412','Ngomongo Medical Clinic',47,'2022-06-30 08:53:08','2022-06-30 08:53:08'),(391,'28417','Bliss Medical Centre Jogoo Road',47,'2022-06-30 08:53:08','2022-06-30 08:53:08'),(392,'28393','Omega Opticians Limited 20th Century Plaza',47,'2022-06-30 08:53:08','2022-06-30 08:53:08'),(393,'28394','Omega Opticians Limited Emperor Plaza',47,'2022-06-30 08:53:08','2022-06-30 08:53:08'),(394,'28355','AAR Hospital - Muthaiga',47,'2022-06-30 08:53:08','2022-06-30 08:53:08'),(395,'28358','Gertrudes Garden Children Hospital-Westlands',47,'2022-06-30 08:53:08','2022-06-30 08:53:08'),(396,'28361','Equity Afia Kasarani Medical Centre',47,'2022-06-30 08:53:08','2022-06-30 08:53:08'),(397,'28360','Kamulu Family Care Medical Centre',47,'2022-06-30 08:53:08','2022-06-30 08:53:08'),(398,'28341','National Tuberculosis Reference Laboratory',47,'2022-06-30 08:53:08','2022-06-30 08:53:08'),(399,'28359','Tara Laboratory & Medical Centre LTD',47,'2022-06-30 08:53:08','2022-06-30 08:53:08'),(400,'28357','Sante Reva Healthcare',47,'2022-06-30 08:53:08','2022-06-30 08:53:08'),(401,'28328','Bethany Medical Centre',47,'2022-06-30 08:53:08','2022-06-30 08:53:08'),(402,'28325','St. Stefani Medical Centre',47,'2022-06-30 08:53:08','2022-06-30 08:53:08'),(403,'28332','Ruby Smiles Dental Clinic',47,'2022-06-30 08:53:08','2022-06-30 08:53:08'),(404,'28320','Equity Afia Ngong Road',47,'2022-06-30 08:53:08','2022-06-30 08:53:08'),(405,'28292','Lubryl Medical Centre',47,'2022-06-30 08:53:08','2022-06-30 08:53:08'),(406,'28237','Hope Worldwide Kenya',47,'2022-06-30 08:53:08','2022-06-30 08:53:08'),(407,'27814','Trio Diagnostic Limited(Adams Arcade)',47,'2022-06-30 08:53:08','2022-06-30 08:53:08'),(408,'27815','Tassia Health Centre',47,'2022-06-30 08:53:08','2022-06-30 08:53:08'),(409,'28373','Njenga Health Centre',47,'2022-06-30 08:53:08','2022-06-30 08:53:08'),(410,'27807','Amal hospital',47,'2022-06-30 08:53:08','2022-06-30 08:53:08'),(411,'27801','Wilkitson Medical Centre',47,'2022-06-30 08:53:08','2022-06-30 08:53:08'),(412,'27691','Senen Health Care- Kahawa west',47,'2022-06-30 08:53:08','2022-06-30 08:53:08'),(413,'27724','Life Friends Medical Centre-Riruta',47,'2022-06-30 08:53:08','2022-06-30 08:53:08'),(414,'27711','Solaya medical centre',47,'2022-06-30 08:53:08','2022-06-30 08:53:08'),(415,'27674','Texas Health Care Centre',47,'2022-06-30 08:53:09','2022-06-30 08:53:09'),(416,'27669','Manana Medicare',47,'2022-06-30 08:53:09','2022-06-30 08:53:09'),(417,'27678','Huntold Health Care',47,'2022-06-30 08:53:09','2022-06-30 08:53:09'),(418,'27681','Haven Health Care',47,'2022-06-30 08:53:09','2022-06-30 08:53:09'),(419,'27697','Scion  Medical Centre',47,'2022-06-30 08:53:09','2022-06-30 08:53:09'),(420,'27675','Ngundu Health Center',47,'2022-06-30 08:53:09','2022-06-30 08:53:09'),(421,'27643','Penda Medical Centre Kimathi Street',47,'2022-06-30 08:53:09','2022-06-30 08:53:09'),(422,'27644','Royal Smiles Dental Clinic - Garden City',47,'2022-06-30 08:53:09','2022-06-30 08:53:09'),(423,'27622','South B Dental Centre',47,'2022-06-30 08:53:09','2022-06-30 08:53:09'),(424,'27623','Diabetes Management Medical Centre Limited',47,'2022-06-30 08:53:09','2022-06-30 08:53:09'),(425,'27624','Poplar Hospital Limited',47,'2022-06-30 08:53:09','2022-06-30 08:53:09'),(426,'27627','Penda Medical Centre - Eastleigh Branch',47,'2022-06-30 08:53:09','2022-06-30 08:53:09'),(427,'27684','convergent Medical services',47,'2022-06-30 08:53:09','2022-06-30 08:53:09'),(428,'27631','Malaika Healthcare LTD',47,'2022-06-30 08:53:09','2022-06-30 08:53:09'),(429,'27630','Sapta Trust Drop In-Centre',47,'2022-06-30 08:53:09','2022-06-30 08:53:09'),(430,'27604','Parklands Kidney Centre Ltd',47,'2022-06-30 08:53:09','2022-06-30 08:53:09'),(431,'27527','Hope world wide savannah',47,'2022-06-30 08:53:09','2022-06-30 08:53:09'),(432,'27424','Bhest Mowlen Dice Clinic',47,'2022-06-30 08:53:09','2022-06-30 08:53:09'),(433,'27367','Tel-Aviv Medical Centre',47,'2022-06-30 08:53:09','2022-06-30 08:53:09'),(434,'27340','Checkups Medical Centre Limited JKIA',47,'2022-06-30 08:53:09','2022-06-30 08:53:09'),(435,'27353','Cancer Care Kenya Limited UAP Old Mutual tower',47,'2022-06-30 08:53:09','2022-06-30 08:53:09'),(436,'27331','Elephant Dental Clinic Kimathi Street',47,'2022-06-30 08:53:09','2022-06-30 08:53:09'),(437,'27330','Quiver Medical Centre',47,'2022-06-30 08:53:09','2022-06-30 08:53:09'),(438,'27313','Meims Medical Centre',47,'2022-06-30 08:53:09','2022-06-30 08:53:09'),(439,'27329','Milestones Neonatal &Paediatric Consultants Limited',47,'2022-06-30 08:53:09','2022-06-30 08:53:09'),(440,'27183','Damacare medical Clinic',47,'2022-06-30 08:53:09','2022-06-30 08:53:09'),(441,'27196','Gatina Dispensary(Dagoretti)',47,'2022-06-30 08:53:09','2022-06-30 08:53:09'),(442,'27186','Gichagi Dispensary',47,'2022-06-30 08:53:09','2022-06-30 08:53:09'),(443,'27332','White Oak Medical Centre Ltd',47,'2022-06-30 08:53:09','2022-06-30 08:53:09'),(444,'27188','Da Vinci Medical Group Limited',47,'2022-06-30 08:53:09','2022-06-30 08:53:09'),(445,'27197','Halcyon Healthcare limited',47,'2022-06-30 08:53:09','2022-06-30 08:53:09'),(446,'27195','Columbia Africa Healthcare',47,'2022-06-30 08:53:09','2022-06-30 08:53:09'),(447,'27210','Penda Medical Centre Embakasi',47,'2022-06-30 08:53:09','2022-06-30 08:53:09'),(448,'27191','Penda Medical Centre Transami',47,'2022-06-30 08:53:09','2022-06-30 08:53:09'),(449,'27000','Nadhari Community Clinic',47,'2022-06-30 08:53:09','2022-06-30 08:53:09'),(450,'27189','Revelation Medical Services',47,'2022-06-30 08:53:09','2022-06-30 08:53:09'),(451,'27185','Equity Afia-Syokimau Medical Cen',47,'2022-06-30 08:53:09','2022-06-30 08:53:09'),(452,'27276','Kayole Soweto Dispensary',47,'2022-06-30 08:53:09','2022-06-30 08:53:09'),(453,'26925','Green Park  Dispensary-Railways',47,'2022-06-30 08:53:09','2022-06-30 08:53:09'),(454,'26914','Kiamaiko Dispensary',47,'2022-06-30 08:53:09','2022-06-30 08:53:09'),(455,'26913','Ushirika Dispensary (Dandora)',47,'2022-06-30 08:53:09','2022-06-30 08:53:09'),(456,'26919','Nairobi Rakusei Mental Health Ltd',47,'2022-06-30 08:53:09','2022-06-30 08:53:09'),(457,'26916','The Manor Health Services',47,'2022-06-30 08:53:09','2022-06-30 08:53:09'),(458,'26918','Noble Smiles Dental Care Ltd(prestige)',47,'2022-06-30 08:53:09','2022-06-30 08:53:09'),(459,'26787','Haven Park Medical',47,'2022-06-30 08:53:09','2022-06-30 08:53:09'),(460,'26912','Kizazi Clinique',47,'2022-06-30 08:53:09','2022-06-30 08:53:09'),(461,'26792','Smile Essence Dental Centre LTD Hurlighum',47,'2022-06-30 08:53:09','2022-06-30 08:53:09'),(462,'26795','Vitalray Health Solutions LTD',47,'2022-06-30 08:53:09','2022-06-30 08:53:09'),(463,'26731','Twinkle Medical Services(Upperhill)',47,'2022-06-30 08:53:09','2022-06-30 08:53:09'),(464,'26732','Maxivision Eye Clinic',47,'2022-06-30 08:53:09','2022-06-30 08:53:09'),(465,'26689','Milele Dental Care, Githurai',47,'2022-06-30 08:53:09','2022-06-30 08:53:09'),(466,'26734','Blue Ridge medical Centre',47,'2022-06-30 08:53:09','2022-06-30 08:53:09'),(467,'26736','University Of Nairobi Eye Centre',47,'2022-06-30 08:53:09','2022-06-30 08:53:09'),(468,'26619','Elox Medical Centre',47,'2022-06-30 08:53:09','2022-06-30 08:53:09'),(469,'26735','Kamlesh Kapadia Optics Limited',47,'2022-06-30 08:53:09','2022-06-30 08:53:09'),(470,'26573','Optex Opticians Mountain Mall',47,'2022-06-30 08:53:09','2022-06-30 08:53:09'),(471,'26737','Hope Worldwide Mukuru Centre of Hope Clinic',47,'2022-06-30 08:53:09','2022-06-30 08:53:09'),(472,'26749','London Clinic & Dialysis Centre(upperhill)',47,'2022-06-30 08:53:09','2022-06-30 08:53:09'),(473,'26738','Kamlesh Kapadia Optics Limited-Westlands',47,'2022-06-30 08:53:09','2022-06-30 08:53:09'),(474,'26527','True Health Medical Centre',47,'2022-06-30 08:53:09','2022-06-30 08:53:09'),(475,'26441','Blessed Maria Helena Dispensary',47,'2022-06-30 08:53:09','2022-06-30 08:53:09'),(476,'26442','Nzoia Nursing Home',47,'2022-06-30 08:53:09','2022-06-30 08:53:09'),(477,'26398','Olivium Healthcare Limited',47,'2022-06-30 08:53:09','2022-06-30 08:53:09'),(478,'26445','Progressive Dental Care Limited',47,'2022-06-30 08:53:09','2022-06-30 08:53:09'),(479,'26482','Superior  Care Medical Center',47,'2022-06-30 08:53:09','2022-06-30 08:53:09'),(480,'26485','Emmaos Medical Clinic',47,'2022-06-30 08:53:09','2022-06-30 08:53:09'),(481,'26332','CFK Tabitha Maternity Home',47,'2022-06-30 08:53:09','2022-06-30 08:53:09'),(482,'26331','Mediheal Hospital Parklands',47,'2022-06-30 08:53:09','2022-06-30 08:53:09'),(483,'26346','Perkins Eye Clinic & Optical, Services',47,'2022-06-30 08:53:09','2022-06-30 08:53:09'),(484,'26833','KIASIE Medical Clinic',47,'2022-06-30 08:53:09','2022-06-30 08:53:09'),(485,'26335','Kariobangi South Primecare Health Services',47,'2022-06-30 08:53:09','2022-06-30 08:53:09'),(486,'26337','Mowlem Community Clinic',47,'2022-06-30 08:53:09','2022-06-30 08:53:09'),(487,'26208','Kam Health Care Services',47,'2022-06-30 08:53:09','2022-06-30 08:53:09'),(488,'26209','Macho Medical Center',47,'2022-06-30 08:53:09','2022-06-30 08:53:09'),(489,'26212','The Marikiti Medical Center',47,'2022-06-30 08:53:09','2022-06-30 08:53:09'),(490,'26214','Om Shanti Medical Clinic(South C)',47,'2022-06-30 08:53:09','2022-06-30 08:53:09'),(491,'26210','Penda Health Limited Langata',47,'2022-06-30 08:53:09','2022-06-30 08:53:09'),(492,'26091','Chiromo Mental Health Hospital',47,'2022-06-30 08:53:09','2022-06-30 08:53:09'),(493,'26170','Texas Cancer Centre Nairobi West',47,'2022-06-30 08:53:09','2022-06-30 08:53:09'),(494,'26134','Cks Dialysis Centre Buruburu',47,'2022-06-30 08:53:09','2022-06-30 08:53:09'),(495,'26114','Fortis Kidney Center Limited(Upper hill)',47,'2022-06-30 08:53:09','2022-06-30 08:53:09'),(496,'26103','Penda Medical Centre Sunton',47,'2022-06-30 08:53:09','2022-06-30 08:53:09'),(497,'26127','Jekam Medical Centre',47,'2022-06-30 08:53:09','2022-06-30 08:53:09'),(498,'26032','Equity Afia Githurai',47,'2022-06-30 08:53:09','2022-06-30 08:53:09'),(499,'26033','Family Access Medical Centre',47,'2022-06-30 08:53:09','2022-06-30 08:53:09'),(500,'26112','Pascal Kip Health Diagnostics',47,'2022-06-30 08:53:09','2022-06-30 08:53:09'),(501,'26042','Figo Care Plus(K)Limited',47,'2022-06-30 08:53:09','2022-06-30 08:53:09'),(502,'26141','Astradental Services',47,'2022-06-30 08:53:09','2022-06-30 08:53:09'),(503,'26013','CKS Dialysis Centre Pangani',47,'2022-06-30 08:53:09','2022-06-30 08:53:09'),(504,'26016','Ropas Medical Clinic',47,'2022-06-30 08:53:09','2022-06-30 08:53:09'),(505,'26014','Dental Care Limited CBD',47,'2022-06-30 08:53:09','2022-06-30 08:53:09'),(506,'26015','Smartsmile Dental Care Clinic',47,'2022-06-30 08:53:09','2022-06-30 08:53:09'),(507,'26043','Penda Medical Centre Umoja 1',47,'2022-06-30 08:53:09','2022-06-30 08:53:09'),(508,'25942','Eye & U Opthalmic ltd',47,'2022-06-30 08:53:09','2022-06-30 08:53:09'),(509,'25943','Nairobi Radiotherapy & Cancer Centre',47,'2022-06-30 08:53:09','2022-06-30 08:53:09'),(510,'25940','Bloom Dhahabu Ltd',47,'2022-06-30 08:53:09','2022-06-30 08:53:09'),(511,'25937','AAR Lavington OPC',47,'2022-06-30 08:53:09','2022-06-30 08:53:09'),(512,'25941','Garden Specialist Hospital',47,'2022-06-30 08:53:09','2022-06-30 08:53:09'),(513,'26011','Equity Afia Medical Centre- Kahawa West',47,'2022-06-30 08:53:09','2022-06-30 08:53:09'),(514,'25974','Gastro &Liver Centre',47,'2022-06-30 08:53:09','2022-06-30 08:53:09'),(515,'26017','Oasis Health Care Group Limited Makadara',47,'2022-06-30 08:53:09','2022-06-30 08:53:09'),(516,'26012','Equity Afia Biashara Street',47,'2022-06-30 08:53:09','2022-06-30 08:53:09'),(517,'25777','Anka Hospital',47,'2022-06-30 08:53:09','2022-06-30 08:53:09'),(518,'27608','Lespoir Medical Centre',47,'2022-06-30 08:53:09','2022-06-30 08:53:09'),(519,'26019','Sheba Medical Centre LTD',47,'2022-06-30 08:53:09','2022-06-30 08:53:09'),(520,'25722','Penda Medical Center - Mathare North',47,'2022-06-30 08:53:09','2022-06-30 08:53:09'),(521,'25944','Loco Medical Centre & Maternity Home',47,'2022-06-30 08:53:09','2022-06-30 08:53:09'),(522,'26018','Maji Mazuri Dispensary (Clay City)',47,'2022-06-30 08:53:09','2022-06-30 08:53:09'),(523,'25721','Penda Medical Centre - Lucky Summer',47,'2022-06-30 08:53:09','2022-06-30 08:53:09'),(524,'25723','Mimosa Cottage Hospital',47,'2022-06-30 08:53:09','2022-06-30 08:53:09'),(525,'25725','Hakika Medical clinic',47,'2022-06-30 08:53:09','2022-06-30 08:53:09'),(526,'25688','Edris Premier Hospital Limited',47,'2022-06-30 08:53:09','2022-06-30 08:53:09'),(527,'25632','Royal Victory Hospital',47,'2022-06-30 08:53:09','2022-06-30 08:53:09'),(528,'25636','Beta Care Setlite clinic',47,'2022-06-30 08:53:09','2022-06-30 08:53:09'),(529,'25644','Health Gate Hospital',47,'2022-06-30 08:53:09','2022-06-30 08:53:09'),(530,'25639','States View Medical Cetre',47,'2022-06-30 08:53:09','2022-06-30 08:53:09'),(531,'25650','Access Afya Baba dogo',47,'2022-06-30 08:53:09','2022-06-30 08:53:09'),(532,'25652','Waikiki Health Services',47,'2022-06-30 08:53:09','2022-06-30 08:53:09'),(533,'25656','Bliss Medical Center(Umoja 2)',47,'2022-06-30 08:53:09','2022-06-30 08:53:09'),(534,'25657','Thawabu Medical Clinic',47,'2022-06-30 08:53:09','2022-06-30 08:53:09'),(535,'25658','Equata Medical Center',47,'2022-06-30 08:53:09','2022-06-30 08:53:09'),(536,'25574','The Nairobi Hospital, Outpatient Centre Galleria',47,'2022-06-30 08:53:09','2022-06-30 08:53:09'),(537,'25583','Penda Medical Center Kangemi',47,'2022-06-30 08:53:09','2022-06-30 08:53:09'),(538,'25576','Mediant Diagnostics Medical Clinic',47,'2022-06-30 08:53:09','2022-06-30 08:53:09'),(539,'25575','LVCT Korogocho',47,'2022-06-30 08:53:09','2022-06-30 08:53:09'),(540,'25571','Mediverse Community Hospital',47,'2022-06-30 08:53:09','2022-06-30 08:53:09'),(541,'25568','Helpers Health Services',47,'2022-06-30 08:53:09','2022-06-30 08:53:09'),(542,'25567','Optica Limited',47,'2022-06-30 08:53:09','2022-06-30 08:53:09'),(543,'25588','Mirmed Health Care',47,'2022-06-30 08:53:09','2022-06-30 08:53:09'),(544,'25463','Shree Swaminarayan Hospital(Langata)',47,'2022-06-30 08:53:09','2022-06-30 08:53:09'),(545,'25450','Beirut pharmacy and medical centre',47,'2022-06-30 08:53:09','2022-06-30 08:53:09'),(546,'25426','Imperio Medical Embakasi Pipeline',47,'2022-06-30 08:53:09','2022-06-30 08:53:09'),(547,'25433','Equity Afia Utawala Medical Centre',47,'2022-06-30 08:53:09','2022-06-30 08:53:09'),(548,'25471','Arawelo Medical Centre Limited (South C)',47,'2022-06-30 08:53:09','2022-06-30 08:53:09'),(549,'25342','Sahara Medinfo Center',47,'2022-06-30 08:53:09','2022-06-30 08:53:09'),(550,'25343','Havans medical center',47,'2022-06-30 08:53:09','2022-06-30 08:53:09'),(551,'25344','Penda health limited tassia',47,'2022-06-30 08:53:09','2022-06-30 08:53:09'),(552,'25345','Rubus Pharma LTD Health Centre',47,'2022-06-30 08:53:09','2022-06-30 08:53:09'),(553,'25444','Alter Care Limited',47,'2022-06-30 08:53:09','2022-06-30 08:53:09'),(554,'25347','Health Basics International (Ruaraka)',47,'2022-06-30 08:53:09','2022-06-30 08:53:09'),(555,'25458','The St. Mary Intergrated Medical Centre',47,'2022-06-30 08:53:09','2022-06-30 08:53:09'),(556,'25366','Gateway Health Care Thome',47,'2022-06-30 08:53:09','2022-06-30 08:53:09'),(557,'25451','Brightside D.A.R.T Centre',47,'2022-06-30 08:53:09','2022-06-30 08:53:09'),(558,'25246','Reliance Hospital Limited',47,'2022-06-30 08:53:09','2022-06-30 08:53:09'),(559,'25582','The Nairobi Hospital (Capital Centre)',47,'2022-06-30 08:53:09','2022-06-30 08:53:09'),(560,'25207','Lifeway House',47,'2022-06-30 08:53:09','2022-06-30 08:53:09'),(561,'25205','Aga Khan Roysambu Medical and Dialysis Centre',47,'2022-06-30 08:53:09','2022-06-30 08:53:09'),(562,'25206','BHSC',47,'2022-06-30 08:53:09','2022-06-30 08:53:09'),(563,'25153','Best Health Care Community Services',47,'2022-06-30 08:53:09','2022-06-30 08:53:09'),(564,'25152','Cascade of Hope Health Care',47,'2022-06-30 08:53:09','2022-06-30 08:53:09'),(565,'25077','Nafuu Medical Clinic',47,'2022-06-30 08:53:09','2022-06-30 08:53:09'),(566,'25044','The Aga Khan University Hospital Town Clinic',47,'2022-06-30 08:53:09','2022-06-30 08:53:09'),(567,'25008','The Karen Hospital City Centre Clinic',47,'2022-06-30 08:53:09','2022-06-30 08:53:09'),(568,'24992','Pema Community Diagnostic and Medical Centre',47,'2022-06-30 08:53:09','2022-06-30 08:53:09'),(569,'24991','Olivelink Healthcare Limited',47,'2022-06-30 08:53:09','2022-06-30 08:53:09'),(570,'24979','Kenyatta University Teaching Refferal and Research Hospital',47,'2022-06-30 08:53:09','2022-06-30 08:53:09'),(571,'24966','Eastend Doctors',47,'2022-06-30 08:53:09','2022-06-30 08:53:09'),(572,'24923','Kidney Aid Dialisis Center Limited',47,'2022-06-30 08:53:09','2022-06-30 08:53:09'),(573,'24924','Mukuru Sunrise Medclinic',47,'2022-06-30 08:53:09','2022-06-30 08:53:09'),(574,'24918','The Nairobi Hospital Rosslyn Riviera Out Patient Centre',47,'2022-06-30 08:53:09','2022-06-30 08:53:09'),(575,'24914','K.P.A ICD Clinic Nairobi',47,'2022-06-30 08:53:09','2022-06-30 08:53:09'),(576,'24916','Tenamyles Healthcare',47,'2022-06-30 08:53:09','2022-06-30 08:53:09'),(577,'24888','Kilimani Childrens Clinic',47,'2022-06-30 08:53:09','2022-06-30 08:53:09'),(578,'24883','Royaleridah Medical Clinic',47,'2022-06-30 08:53:09','2022-06-30 08:53:09'),(579,'24882','Havilah Medical Centre',47,'2022-06-30 08:53:09','2022-06-30 08:53:09'),(580,'24881','Githunguri Medical Clinic',47,'2022-06-30 08:53:09','2022-06-30 08:53:09'),(581,'24878','Access Afya Mathare',47,'2022-06-30 08:53:09','2022-06-30 08:53:09'),(582,'24877','Villa Medical Centre',47,'2022-06-30 08:53:09','2022-06-30 08:53:09'),(583,'24849','Kibagare Medical Clinic',47,'2022-06-30 08:53:09','2022-06-30 08:53:09'),(584,'24837','MC Finely Health Care',47,'2022-06-30 08:53:09','2022-06-30 08:53:09'),(585,'24836','Victory Medical Center',47,'2022-06-30 08:53:09','2022-06-30 08:53:09'),(586,'24828','RFH Specialist Hospital',47,'2022-06-30 08:53:09','2022-06-30 08:53:09'),(587,'24791','Riverdale Medical Centre',47,'2022-06-30 08:53:09','2022-06-30 08:53:09'),(588,'24789','Cefi Nursing Home',47,'2022-06-30 08:53:09','2022-06-30 08:53:09'),(589,'24781','Afrismart Group of Hospitals LTD',47,'2022-06-30 08:53:09','2022-06-30 08:53:09'),(590,'24778','Trust Opticians Limited',47,'2022-06-30 08:53:09','2022-06-30 08:53:09'),(591,'24768','Jass Medical Clinic',47,'2022-06-30 08:53:09','2022-06-30 08:53:09'),(592,'24743','St Francis Catholic Dispensary-Gatina',47,'2022-06-30 08:53:09','2022-06-30 08:53:09'),(593,'24738','Shamah Medical Clinic',47,'2022-06-30 08:53:09','2022-06-30 08:53:09'),(594,'24790','St Annisia Medical Center',47,'2022-06-30 08:53:09','2022-06-30 08:53:09'),(595,'24717','Ngara Medical Complex',47,'2022-06-30 08:53:09','2022-06-30 08:53:09'),(596,'24697','Silwan Fountain Treatment Recovery Centre',47,'2022-06-30 08:53:09','2022-06-30 08:53:09'),(597,'24698','Hope Worldwide Kenya(Mathare -Utalii)',47,'2022-06-30 08:53:09','2022-06-30 08:53:09'),(598,'24699','Centres For Community Health Care Access',47,'2022-06-30 08:53:09','2022-06-30 08:53:09'),(599,'24672','St. James Health Centre-Kangemi',47,'2022-06-30 08:53:09','2022-06-30 08:53:09'),(600,'24652','Yimbo Medical Centre',47,'2022-06-30 08:53:09','2022-06-30 08:53:09'),(601,'24653','Medibarron Health Care',47,'2022-06-30 08:53:09','2022-06-30 08:53:09'),(602,'24651','Transami Medical Centre2',47,'2022-06-30 08:53:09','2022-06-30 08:53:09'),(603,'24649','Pointnc Medical Clinic',47,'2022-06-30 08:53:09','2022-06-30 08:53:09'),(604,'24631','MC Finely Healthcare2',47,'2022-06-30 08:53:09','2022-06-30 08:53:09'),(605,'24630','Wells Womens Hospital Limited',47,'2022-06-30 08:53:09','2022-06-30 08:53:09'),(606,'24601','N Eastleigh Dispensary and Laboratory',47,'2022-06-30 08:53:09','2022-06-30 08:53:09'),(607,'24597','Jemindas Nursing Home Limited',47,'2022-06-30 08:53:09','2022-06-30 08:53:09'),(608,'24587','Bristol Park Hospital Fedha',47,'2022-06-30 08:53:09','2022-06-30 08:53:09'),(609,'24563','Nairobi Adventist Hospital',47,'2022-06-30 08:53:09','2022-06-30 08:53:09'),(610,'24560','Monasco Medical Centre',47,'2022-06-30 08:53:09','2022-06-30 08:53:09'),(611,'24561','Milele Dental Care Medical Centre',47,'2022-06-30 08:53:09','2022-06-30 08:53:09'),(612,'24553','Blessed to Bless Medical Clinic',47,'2022-06-30 08:53:09','2022-06-30 08:53:09'),(613,'24552','Hope worldwide kenya kiambiu site',47,'2022-06-30 08:53:09','2022-06-30 08:53:09'),(614,'24543','Houghton Medical Centre Next Gen South c',47,'2022-06-30 08:53:09','2022-06-30 08:53:09'),(615,'24542','AAR Healthcare (K) Limited South C',47,'2022-06-30 08:53:09','2022-06-30 08:53:09'),(616,'24536','Little Rock Childrens Clinic',47,'2022-06-30 08:53:09','2022-06-30 08:53:09'),(617,'24535','Equity Afya Imara',47,'2022-06-30 08:53:09','2022-06-30 08:53:09'),(618,'24532','Mission Of Hope International Medical Clinic',47,'2022-06-30 08:53:09','2022-06-30 08:53:09'),(619,'24528','Aga Khan University Hospital Clinic (Akai Plaza)',47,'2022-06-30 08:53:09','2022-06-30 08:53:09'),(620,'24527','Kahawa West Family Medical Centre',47,'2022-06-30 08:53:09','2022-06-30 08:53:09'),(621,'24526','Equator Medical And Nutrition Centre',47,'2022-06-30 08:53:09','2022-06-30 08:53:09'),(622,'24524','Koki Medical Clinic',47,'2022-06-30 08:53:09','2022-06-30 08:53:09'),(623,'24523','Chasmile Medical Clinic',47,'2022-06-30 08:53:09','2022-06-30 08:53:09'),(624,'24522','Utabibu Medical Clinic',47,'2022-06-30 08:53:09','2022-06-30 08:53:09'),(625,'24516','Kayole Outpatient Clinics',47,'2022-06-30 08:53:09','2022-06-30 08:53:09'),(626,'24503','The Marions Health Care',47,'2022-06-30 08:53:09','2022-06-30 08:53:09'),(627,'24519','Translab Medical Clinic',47,'2022-06-30 08:53:09','2022-06-30 08:53:09'),(628,'24520','Silent Hill Medical',47,'2022-06-30 08:53:09','2022-06-30 08:53:09'),(629,'24489','Stima Afya Clinic Limited',47,'2022-06-30 08:53:09','2022-06-30 08:53:09'),(630,'24500','Bizet Medical Clinic',47,'2022-06-30 08:53:09','2022-06-30 08:53:09'),(631,'24488','Radiant Group Of Hospitals Kasarani Sportsview',47,'2022-06-30 08:53:09','2022-06-30 08:53:09'),(632,'24485','St.Anne\'s  Mission Medical Centre',47,'2022-06-30 08:53:09','2022-06-30 08:53:09'),(633,'24482','DR S.N.Karau & Associates Clinic',47,'2022-06-30 08:53:09','2022-06-30 08:53:09'),(634,'24450','Frontline Medical Consultants limited',47,'2022-06-30 08:53:09','2022-06-30 08:53:09'),(635,'24449','Dr Lang\'o Medical clinic',47,'2022-06-30 08:53:09','2022-06-30 08:53:09'),(636,'24417','Sapta Trust kawangware Dice',47,'2022-06-30 08:53:09','2022-06-30 08:53:09'),(637,'24423','Penda Medical Center- Kayole',47,'2022-06-30 08:53:09','2022-06-30 08:53:09'),(638,'24435','Three Bells Medical Center',47,'2022-06-30 08:53:09','2022-06-30 08:53:09'),(639,'24403','IOM Migration Health Assessment Centre',47,'2022-06-30 08:53:09','2022-06-30 08:53:09'),(640,'24410','City Point Medical Centre',47,'2022-06-30 08:53:09','2022-06-30 08:53:09'),(641,'24374','Fairview Nursing Home Kware',47,'2022-06-30 08:53:09','2022-06-30 08:53:09'),(642,'24361','Dr .L.N.Gachare',47,'2022-06-30 08:53:09','2022-06-30 08:53:09'),(643,'24360','One Health Limited',47,'2022-06-30 08:53:09','2022-06-30 08:53:09'),(644,'24308','Santuary Rains Medical Centre-Kangemi',47,'2022-06-30 08:53:09','2022-06-30 08:53:09'),(645,'24291','Starehe Healthcare Limited',47,'2022-06-30 08:53:09','2022-06-30 08:53:09'),(646,'24278','Baby Blessing Medical Services',47,'2022-06-30 08:53:09','2022-06-30 08:53:09'),(647,'24272','Mowlem Health Center',47,'2022-06-30 08:53:09','2022-06-30 08:53:09'),(648,'24270','Baldo Ippolita',47,'2022-06-30 08:53:09','2022-06-30 08:53:09'),(649,'24251','SAPTA KAYOLE',47,'2022-06-30 08:53:09','2022-06-30 08:53:09'),(650,'24243','BURHAN NURSING HOME',47,'2022-06-30 08:53:09','2022-06-30 08:53:09'),(651,'24238','Morry Medical Clinic',47,'2022-06-30 08:53:09','2022-06-30 08:53:09'),(652,'24218','Rema Medical Services-Mathare North',47,'2022-06-30 08:53:09','2022-06-30 08:53:09'),(653,'24217','SafiWays Health care',47,'2022-06-30 08:53:09','2022-06-30 08:53:09'),(654,'24214','ABDALLAH & ASSOCIATES DENTAL AND IMPLANT CENTRE',47,'2022-06-30 08:53:09','2022-06-30 08:53:09'),(655,'24202','The Labib Hospital',47,'2022-06-30 08:53:09','2022-06-30 08:53:09'),(656,'24198','Plaza Medical Centre(Kahawa West)',47,'2022-06-30 08:53:09','2022-06-30 08:53:09'),(657,'24184','Valley View Dental and Implant Centre',47,'2022-06-30 08:53:09','2022-06-30 08:53:09'),(658,'24174','RFH Health Care LTF-Embakasi Medical Clinic',47,'2022-06-30 08:53:09','2022-06-30 08:53:09'),(659,'24167','Kenya Kazi Services',47,'2022-06-30 08:53:09','2022-06-30 08:53:09'),(660,'24273','Raila BZ Community Clinic',47,'2022-06-30 08:53:09','2022-06-30 08:53:09'),(661,'24144','Jamii Wellness Hospital',47,'2022-06-30 08:53:09','2022-06-30 08:53:09'),(662,'24090','Noor Eyecare',47,'2022-06-30 08:53:09','2022-06-30 08:53:09'),(663,'24073','Jesse Kay Children Hospital',47,'2022-06-30 08:53:09','2022-06-30 08:53:09'),(664,'24057','Harley Street Fertility Centre Kenya Ltd.',47,'2022-06-30 08:53:09','2022-06-30 08:53:09'),(665,'24014','Phadam Hospital Nasra',47,'2022-06-30 08:53:09','2022-06-30 08:53:09'),(666,'24013','Phadam Hospital Umoja',47,'2022-06-30 08:53:09','2022-06-30 08:53:09'),(667,'24003','Nairobi Ear,Nose and Throat clinic',47,'2022-06-30 08:53:09','2022-06-30 08:53:09'),(668,'24002','Access Afya Kwa Reuben Clinic',47,'2022-06-30 08:53:09','2022-06-30 08:53:09'),(669,'24001','Rheema Hospital',47,'2022-06-30 08:53:09','2022-06-30 08:53:09'),(670,'23985','Mediheal Hospital Eastleigh',47,'2022-06-30 08:53:09','2022-06-30 08:53:09'),(671,'23983','Penda Medical Centre -Zimmerman',47,'2022-06-30 08:53:09','2022-06-30 08:53:09'),(672,'23949','Cuspid LLP Dental Clinic',47,'2022-06-30 08:53:09','2022-06-30 08:53:09'),(673,'23936','Arrow Dental Limited',47,'2022-06-30 08:53:09','2022-06-30 08:53:09'),(674,'23928','Alif  Medical Centre',47,'2022-06-30 08:53:09','2022-06-30 08:53:09'),(675,'23947','Kenya Pipeline Staff Clinic',47,'2022-06-30 08:53:09','2022-06-30 08:53:09'),(676,'23911','Ulimate Medical Care Service',47,'2022-06-30 08:53:09','2022-06-30 08:53:09'),(677,'23886','Clinix Health Care',47,'2022-06-30 08:53:09','2022-06-30 08:53:09'),(678,'23879','Oasis Mental Health Limited',47,'2022-06-30 08:53:09','2022-06-30 08:53:09'),(679,'23878','Mao Aweys International Hospital Limited',47,'2022-06-30 08:53:09','2022-06-30 08:53:09'),(680,'23873','Centurion Pharmacy Ltd',47,'2022-06-30 08:53:09','2022-06-30 08:53:09'),(681,'23872','Portal Pharmacy Limited',47,'2022-06-30 08:53:09','2022-06-30 08:53:09'),(682,'23871','Belladonna Pharmacy Ltd',47,'2022-06-30 08:53:09','2022-06-30 08:53:09'),(683,'23870','Dan Pharmacy Ltd',47,'2022-06-30 08:53:09','2022-06-30 08:53:09'),(684,'23869','TF MyChemist',47,'2022-06-30 08:53:09','2022-06-30 08:53:09'),(685,'23868','Malibu Pharmacy Ltd',47,'2022-06-30 08:53:09','2022-06-30 08:53:09'),(686,'23867','Health AID Chemist',47,'2022-06-30 08:53:09','2022-06-30 08:53:09'),(687,'23866','Gilead Pharmaceuticals Ltd',47,'2022-06-30 08:53:09','2022-06-30 08:53:09'),(688,'23864','Malibu Pharmacy LTD (Moi Avenue)',47,'2022-06-30 08:53:09','2022-06-30 08:53:09'),(689,'23863','Weston Pharmacy LTD',47,'2022-06-30 08:53:09','2022-06-30 08:53:09'),(690,'23862','Portal Pharmacy',47,'2022-06-30 08:53:09','2022-06-30 08:53:09'),(691,'23861','Easton Pharmaceuticals',47,'2022-06-30 08:53:09','2022-06-30 08:53:09'),(692,'23855','Huruma Hospital - Mathare North Annex',47,'2022-06-30 08:53:09','2022-06-30 08:53:09'),(693,'23854','Kamae CFW Clinic-Kahawa West',47,'2022-06-30 08:53:09','2022-06-30 08:53:09'),(694,'23853','Lifebridge Cottage Hospital',47,'2022-06-30 08:53:09','2022-06-30 08:53:09'),(695,'23852','Royal Christian Church Dispensary',47,'2022-06-30 08:53:09','2022-06-30 08:53:09'),(696,'23850','ACCESS AFYA KIAMBIU',47,'2022-06-30 08:53:09','2022-06-30 08:53:09'),(697,'23848','InterContinental Nairobi Hotel Clinic',47,'2022-06-30 08:53:09','2022-06-30 08:53:09'),(698,'23815','Amref Medical Centre Wilson Airport',47,'2022-06-30 08:53:09','2022-06-30 08:53:09'),(699,'23793','Gertrudes Childrens Hospital Junction Mall Clinic',47,'2022-06-30 08:53:09','2022-06-30 08:53:09'),(700,'23792','Dr Cecelia Gathoni',47,'2022-06-30 08:53:09','2022-06-30 08:53:09'),(701,'23791','Footsteps To Fertility centre',47,'2022-06-30 08:53:09','2022-06-30 08:53:09'),(702,'23719','Vebeneza Medical Clinic',47,'2022-06-30 08:53:09','2022-06-30 08:53:09'),(703,'23718','Bahati Tassia Medical Centre',47,'2022-06-30 08:53:09','2022-06-30 08:53:09'),(704,'23717','Sante-Reva Healthcare',47,'2022-06-30 08:53:09','2022-06-30 08:53:09'),(705,'23715','Equity Afya Tassia',47,'2022-06-30 08:53:09','2022-06-30 08:53:09'),(706,'23710','Park Eye Centre',47,'2022-06-30 08:53:09','2022-06-30 08:53:09'),(707,'23705','Isaan Medical Clinic',47,'2022-06-30 08:53:09','2022-06-30 08:53:09'),(708,'23655','Rehnet Medical Centre',47,'2022-06-30 08:53:09','2022-06-30 08:53:09'),(709,'23559','The Nairobi Hospital Warwick Outpatient Center',47,'2022-06-30 08:53:09','2022-06-30 08:53:09'),(710,'23549','Bliss GVS Healthcare Ltd',47,'2022-06-30 08:53:09','2022-06-30 08:53:09'),(711,'23517','The Mesu Centre',47,'2022-06-30 08:53:09','2022-06-30 08:53:09'),(712,'23510','Exselle Health Care',47,'2022-06-30 08:53:09','2022-06-30 08:53:09'),(713,'23508','City Health Limited',47,'2022-06-30 08:53:09','2022-06-30 08:53:09'),(714,'23491','LVCT Health Kibagare',47,'2022-06-30 08:53:09','2022-06-30 08:53:09'),(715,'23490','Hashi Medical Centre Limited',47,'2022-06-30 08:53:09','2022-06-30 08:53:09'),(716,'23488','Brain Spine and Rehabilitation',47,'2022-06-30 08:53:09','2022-06-30 08:53:09'),(717,'23485','Meditest Diagnostic Services Limted',47,'2022-06-30 08:53:09','2022-06-30 08:53:09'),(718,'23482','Mission Care Nursing Home',47,'2022-06-30 08:53:09','2022-06-30 08:53:09'),(719,'23467','SAPTA Trust(Githurai)',47,'2022-06-30 08:53:09','2022-06-30 08:53:09'),(720,'23439','AAR Donholm',47,'2022-06-30 08:53:09','2022-06-30 08:53:09'),(721,'23438','City Jacaranda SDA Church Clinic',47,'2022-06-30 08:53:09','2022-06-30 08:53:09'),(722,'23434','Riverview Hospital and Maternity',47,'2022-06-30 08:53:09','2022-06-30 08:53:09'),(723,'23611','AAR Health care buruburu',47,'2022-06-30 08:53:09','2022-06-30 08:53:09'),(724,'23405','Agakhan University Hospital Valley Arcade Clinic',47,'2022-06-30 08:53:09','2022-06-30 08:53:09'),(725,'23399','Bristol Park Hospital Utawala',47,'2022-06-30 08:53:09','2022-06-30 08:53:09'),(726,'23415','Hope World Wide Kenya Tassia',47,'2022-06-30 08:53:09','2022-06-30 08:53:09'),(727,'23385','Better Living Hospital',47,'2022-06-30 08:53:09','2022-06-30 08:53:09'),(728,'23373','Mihang\'o Community Dispensary',47,'2022-06-30 08:53:09','2022-06-30 08:53:09'),(729,'23361','Bliss GVS Health Care (college House)',47,'2022-06-30 08:53:09','2022-06-30 08:53:09'),(730,'23360','Bliss GVS Health Care (Telepost Clinic)',47,'2022-06-30 08:53:09','2022-06-30 08:53:09'),(731,'23362','Mariakani Nursing Home and Rehabilitation Centre (South C)',47,'2022-06-30 08:53:09','2022-06-30 08:53:09'),(732,'23334','Star General Medical Centre',47,'2022-06-30 08:53:09','2022-06-30 08:53:09'),(733,'23224','Cancer Care Kenya',47,'2022-06-30 08:53:09','2022-06-30 08:53:09'),(734,'23204','AIC Kijabe Hospital Nairobi Medical Centre',47,'2022-06-30 08:53:09','2022-06-30 08:53:09'),(735,'23190','Partners For Care Medical Centre',47,'2022-06-30 08:53:09','2022-06-30 08:53:09'),(736,'23117','Nephromed LTD',47,'2022-06-30 08:53:09','2022-06-30 08:53:09'),(737,'23097','Nairobi Place Treatment Centre Tumaini Ltd',47,'2022-06-30 08:53:09','2022-06-30 08:53:09'),(738,'23095','Nairobi Place Specialized Medical Centre Ltd(Karen)',47,'2022-06-30 08:53:09','2022-06-30 08:53:09'),(739,'23068','Radiant Hospital Kasarani Annex',47,'2022-06-30 08:53:09','2022-06-30 08:53:09'),(740,'23058','Bliss GVS Embakasi Clinic',47,'2022-06-30 08:53:09','2022-06-30 08:53:09'),(741,'23050','Nimoli Medical Services Fedha',47,'2022-06-30 08:53:09','2022-06-30 08:53:09'),(742,'23049','Ivory Health Solutions Limited',47,'2022-06-30 08:53:09','2022-06-30 08:53:09'),(743,'23041','Dr.Joy P.Mpaata',47,'2022-06-30 08:53:09','2022-06-30 08:53:09'),(744,'23040','LVCT Health Hurlinghum Dice',47,'2022-06-30 08:53:09','2022-06-30 08:53:09'),(745,'23002','Joyland F Clinic Tassia',47,'2022-06-30 08:53:09','2022-06-30 08:53:09'),(746,'22995','Balozi Hospital LTD',47,'2022-06-30 08:53:09','2022-06-30 08:53:09'),(747,'22977','Fairview Medical Clinic',47,'2022-06-30 08:53:09','2022-06-30 08:53:09'),(748,'22976','RADIANT GROUP OF HOSPITALS-UMOJA',47,'2022-06-30 08:53:09','2022-06-30 08:53:09'),(749,'22948','Nazareth Medical Services-Githurai',47,'2022-06-30 08:53:09','2022-06-30 08:53:09'),(750,'22946','Penda Medical Care-Kahawa West',47,'2022-06-30 08:53:09','2022-06-30 08:53:09'),(751,'22938','The Mater Hospital-Satelite Clinic(TRM)',47,'2022-06-30 08:53:09','2022-06-30 08:53:09'),(752,'22916','Africare Limited Embakasi Clinic',47,'2022-06-30 08:53:09','2022-06-30 08:53:09'),(753,'22915','Avenue Healthcare Greenspan',47,'2022-06-30 08:53:09','2022-06-30 08:53:09'),(754,'22897','Avenue Healthcare Clinic Buruburu',47,'2022-06-30 08:53:09','2022-06-30 08:53:09'),(755,'22895','Kilele Medical Specialist Centre',47,'2022-06-30 08:53:09','2022-06-30 08:53:09'),(756,'22889','Sanctuary Rains Medical Centre',47,'2022-06-30 08:53:09','2022-06-30 08:53:09'),(757,'22867','Africare Ltd Forts building',47,'2022-06-30 08:53:09','2022-06-30 08:53:09'),(758,'22866','Africare Ltd NHIF clinic',47,'2022-06-30 08:53:09','2022-06-30 08:53:09'),(759,'22863','BHESP MOWLEM DICE CLINIC',47,'2022-06-30 08:53:09','2022-06-30 08:53:09'),(760,'22857','Saika Community Medical Centre',47,'2022-06-30 08:53:09','2022-06-30 08:53:09'),(761,'22856','Dornaled Community Health Centre and Maternity',47,'2022-06-30 08:53:09','2022-06-30 08:53:09'),(762,'22854','Hopkins Medical Clinic',47,'2022-06-30 08:53:09','2022-06-30 08:53:09'),(763,'22851','Oasis Doctors Plaza Nairobi Green House',47,'2022-06-30 08:53:09','2022-06-30 08:53:09'),(764,'22850','Karen Roses Medical Clinic',47,'2022-06-30 08:53:09','2022-06-30 08:53:09'),(765,'22848','Uzima Uhai Health Centre',47,'2022-06-30 08:53:09','2022-06-30 08:53:09'),(766,'22844','South C Hospital Limited(South C)',47,'2022-06-30 08:53:09','2022-06-30 08:53:09'),(767,'22842','Medicross Limited Langata Mall(Mugumoini)',47,'2022-06-30 08:53:09','2022-06-30 08:53:09'),(768,'22805','South C Dialysis Centre',47,'2022-06-30 08:53:09','2022-06-30 08:53:09'),(769,'22791','Equity Afia Kawangware',47,'2022-06-30 08:53:09','2022-06-30 08:53:09'),(770,'22790','Smilestar Medical Services &Dental Care',47,'2022-06-30 08:53:09','2022-06-30 08:53:09'),(771,'22785','Gertrude\'s Children Hospital-Thika Rd',47,'2022-06-30 08:53:09','2022-06-30 08:53:09'),(772,'22784','Equity Afia Kayole',47,'2022-06-30 08:53:09','2022-06-30 08:53:09'),(773,'22772','Aga Khan University Hosp Mother & Child Clinic',47,'2022-06-30 08:53:09','2022-06-30 08:53:09'),(774,'22769','Well living Medical Clinic',47,'2022-06-30 08:53:09','2022-06-30 08:53:09'),(775,'22686','Brightstar Medical Centre',47,'2022-06-30 08:53:09','2022-06-30 08:53:09'),(776,'22673','Professor Wasuna Clinic',47,'2022-06-30 08:53:09','2022-06-30 08:53:09'),(777,'22639','Africare Ltd Karen Clinic',47,'2022-06-30 08:53:09','2022-06-30 08:53:09'),(778,'22592','Dr.Stephen Kamore Wanjohi',47,'2022-06-30 08:53:09','2022-06-30 08:53:09'),(779,'22562','Avenue Health Care Embakasi',47,'2022-06-30 08:53:09','2022-06-30 08:53:09'),(780,'22521','Transami Medical Centre',47,'2022-06-30 08:53:09','2022-06-30 08:53:09'),(781,'22351','Euraka Medical Centre',47,'2022-06-30 08:53:09','2022-06-30 08:53:09'),(782,'22349','SWOP Clinic Donholm',47,'2022-06-30 08:53:09','2022-06-30 08:53:09'),(783,'22342','Bahati Community Hospital',47,'2022-06-30 08:53:09','2022-06-30 08:53:09'),(784,'22332','Avenue Health  Care( Garden City Clinic )',47,'2022-06-30 08:53:09','2022-06-30 08:53:09'),(785,'22239','Ottoman Medical Centre',47,'2022-06-30 08:53:09','2022-06-30 08:53:09'),(786,'22176','The Agha Khan Medical Centre-Rigeways(Kiambu Rd.)',47,'2022-06-30 08:53:09','2022-06-30 08:53:09'),(787,'22175','Springs Health Services',47,'2022-06-30 08:53:09','2022-06-30 08:53:09'),(788,'22172','Providence Medical Centre - Mathare North',47,'2022-06-30 08:53:09','2022-06-30 08:53:09'),(789,'22171','Imani 44 Medical Clinic',47,'2022-06-30 08:53:09','2022-06-30 08:53:09'),(790,'22170','Mercylight  Hospital-Lucky Summer',47,'2022-06-30 08:53:09','2022-06-30 08:53:09'),(791,'22169','Nelly Medical Centre',47,'2022-06-30 08:53:09','2022-06-30 08:53:09'),(792,'22150','SVG Health Care Limited',47,'2022-06-30 08:53:09','2022-06-30 08:53:09'),(793,'22149','Dr. Mazaher Hassan Jaffer',47,'2022-06-30 08:53:09','2022-06-30 08:53:09'),(794,'22148','Dr. Racheal Muthoni Rukaria',47,'2022-06-30 08:53:09','2022-06-30 08:53:09'),(795,'22146','Columbia Africa Health Care Ltd',47,'2022-06-30 08:53:09','2022-06-30 08:53:09'),(796,'22117','Hayat Hospital',47,'2022-06-30 08:53:09','2022-06-30 08:53:09'),(797,'22084','Equity Afia Buruburu',47,'2022-06-30 08:53:09','2022-06-30 08:53:09'),(798,'22077','Jaralam Medical Centre',47,'2022-06-30 08:53:09','2022-06-30 08:53:09'),(799,'22074','Dadas VCT',47,'2022-06-30 08:53:09','2022-06-30 08:53:09'),(800,'22073','Samawati medical Centre',47,'2022-06-30 08:53:09','2022-06-30 08:53:09'),(801,'22052','Medigold',47,'2022-06-30 08:53:09','2022-06-30 08:53:09'),(802,'22030','Nairobi County Beyond Zero Clinic',47,'2022-06-30 08:53:09','2022-06-30 08:53:09'),(803,'22018','Kenya Airways Pride Clinic',47,'2022-06-30 08:53:09','2022-06-30 08:53:09'),(804,'22011','MOFA-AFYA',47,'2022-06-30 08:53:09','2022-06-30 08:53:09'),(805,'21903','Blessed Medicare Centre',47,'2022-06-30 08:53:09','2022-06-30 08:53:09'),(806,'21885','Mikulinzi Nursing Home',47,'2022-06-30 08:53:09','2022-06-30 08:53:09'),(807,'21873','Dr C. Mwangi Clinic',47,'2022-06-30 08:53:09','2022-06-30 08:53:09'),(808,'21856','Uzima White Medical Clinic',47,'2022-06-30 08:53:09','2022-06-30 08:53:09'),(809,'21461','Dr. Bashir',47,'2022-06-30 08:53:09','2022-06-30 08:53:09'),(810,'21296','Kwetu Home Of Peace Dispensary(Ruai)',47,'2022-06-30 08:53:09','2022-06-30 08:53:09'),(811,'21295','Heri Wema Health Centre (Ruai)',47,'2022-06-30 08:53:09','2022-06-30 08:53:09'),(812,'21294','Adopta Life Foundation (Ruai)',47,'2022-06-30 08:53:09','2022-06-30 08:53:09'),(813,'21293','Aga Khan University Hospital(Njiru)',47,'2022-06-30 08:53:09','2022-06-30 08:53:09'),(814,'21288','Gachui Medical Centre',47,'2022-06-30 08:53:09','2022-06-30 08:53:09'),(815,'21287','Refuge Point International',47,'2022-06-30 08:53:09','2022-06-30 08:53:09'),(816,'21286','Avenue House Medical Centre',47,'2022-06-30 08:53:09','2022-06-30 08:53:09'),(817,'21281','The Zambezi Hospital Limited',47,'2022-06-30 08:53:09','2022-06-30 08:53:09'),(818,'21232','St. Andrews Health Care services',47,'2022-06-30 08:53:09','2022-06-30 08:53:09'),(819,'21223','Jalaram Medical Services',47,'2022-06-30 08:53:09','2022-06-30 08:53:09'),(820,'21215','Emerging Infectious Disease Center',47,'2022-06-30 08:53:09','2022-06-30 08:53:09'),(821,'21147','Lions Sightfirst Eye Hospital',47,'2022-06-30 08:53:09','2022-06-30 08:53:09'),(822,'21146','Eagle Health Care Solution ',47,'2022-06-30 08:53:09','2022-06-30 08:53:09'),(823,'21050','Blissgvs Health Care Pipeline',47,'2022-06-30 08:53:09','2022-06-30 08:53:09'),(824,'20886','Getrudes Children\'s Hospital',47,'2022-06-30 08:53:09','2022-06-30 08:53:09'),(825,'20736','AIDS Health Care Foundation Parklands Clinic',47,'2022-06-30 08:53:09','2022-06-30 08:53:09'),(826,'20641','Congo medical services',47,'2022-06-30 08:53:09','2022-06-30 08:53:09'),(827,'20627','Soweto West Community Clinic',47,'2022-06-30 08:53:09','2022-06-30 08:53:09'),(828,'20626','Gatwekira B Community Clinic',47,'2022-06-30 08:53:09','2022-06-30 08:53:09'),(829,'20625','Karanja Road Community Clinic',47,'2022-06-30 08:53:09','2022-06-30 08:53:09'),(830,'20624','Makina Community Clinic',47,'2022-06-30 08:53:09','2022-06-30 08:53:09'),(831,'20623','Lindi Community Clinic',47,'2022-06-30 08:53:09','2022-06-30 08:53:09'),(832,'20622','Silanga Community Clinic',47,'2022-06-30 08:53:09','2022-06-30 08:53:09'),(833,'20621','Kianda 42 Health Centre',47,'2022-06-30 08:53:09','2022-06-30 08:53:09'),(834,'20584','National Parasitology and NTD Reference Lab',47,'2022-06-30 08:53:09','2022-06-30 08:53:09'),(835,'20583','National Microbiology Reference Lab',47,'2022-06-30 08:53:09','2022-06-30 08:53:09'),(836,'20582','National Food Safety and Nutrition Reference Lab',47,'2022-06-30 08:53:09','2022-06-30 08:53:09'),(837,'20581','National Blood Transfusion Services',47,'2022-06-30 08:53:09','2022-06-30 08:53:09'),(838,'20580','National Virology Reference Lab',47,'2022-06-30 08:53:09','2022-06-30 08:53:09'),(839,'20574','Suba Medical Clinic',47,'2022-06-30 08:53:09','2022-06-30 08:53:09'),(840,'20540','Technical university of Kenya Student/Staff Clinic',47,'2022-06-30 08:53:09','2022-06-30 08:53:09'),(841,'20538','Aimon med clinic',47,'2022-06-30 08:53:09','2022-06-30 08:53:09'),(842,'20537','medicross ltd kawangware',47,'2022-06-30 08:53:09','2022-06-30 08:53:09'),(843,'20529','Doulos Youth Friendly And VCT (KCC)',47,'2022-06-30 08:53:09','2022-06-30 08:53:09'),(844,'20451','Medecins Du Monde/France (Kangemi Kang\'ora)',47,'2022-06-30 08:53:09','2022-06-30 08:53:09'),(845,'20450','Josiah Community Medical Centre',47,'2022-06-30 08:53:09','2022-06-30 08:53:09'),(846,'20449','Penda Medical Centre Umoja 2',47,'2022-06-30 08:53:09','2022-06-30 08:53:09'),(847,'20405','AAR Health Care',47,'2022-06-30 08:53:09','2022-06-30 08:53:09'),(848,'20404','Aga Khan University Hospital (Capital Centre)',47,'2022-06-30 08:53:09','2022-06-30 08:53:09'),(849,'20397','Dr.K.Gicheru(Upper Hill Centre)',47,'2022-06-30 08:53:09','2022-06-30 08:53:09'),(850,'20396','Dr.P.W.Kamau&Associates(Upper Hill Medical Centre)',47,'2022-06-30 08:53:09','2022-06-30 08:53:09'),(851,'20394','Dr.Henry Wellington Alube (landmark plaza)',47,'2022-06-30 08:53:09','2022-06-30 08:53:09'),(852,'20393','Dr.Charles.J.R.Opondo (landmark plaza)',47,'2022-06-30 08:53:09','2022-06-30 08:53:09'),(853,'20388','AIC Zion Medical Clinic',47,'2022-06-30 08:53:09','2022-06-30 08:53:09'),(854,'20374','Beyond the Bridge Vision VCT',47,'2022-06-30 08:53:09','2022-06-30 08:53:09'),(855,'20371','Kenya Police Staff College Clinic',47,'2022-06-30 08:53:09','2022-06-30 08:53:09'),(856,'20369','CMIA Grace Children\'s Centre Dispensary',47,'2022-06-30 08:53:09','2022-06-30 08:53:09'),(857,'20360','Maximum medical centre',47,'2022-06-30 08:53:09','2022-06-30 08:53:09'),(858,'20346','AAR Adams Health Centre',47,'2022-06-30 08:53:09','2022-06-30 08:53:09'),(859,'20340','KTTID Dispensary',47,'2022-06-30 08:53:09','2022-06-30 08:53:09'),(860,'20325','Kibera CFW Clinic',47,'2022-06-30 08:53:09','2022-06-30 08:53:09'),(861,'20304','Selma medical clinic',47,'2022-06-30 08:53:09','2022-06-30 08:53:09'),(862,'20303','Kenya Institute of Special Education Dispensary',47,'2022-06-30 08:53:09','2022-06-30 08:53:09'),(863,'20276','Maria Medical Clinic And Diadetic centre(Saika) ',47,'2022-06-30 08:53:09','2022-06-30 08:53:09'),(864,'20264','Nairobi East Hospital Ltd',47,'2022-06-30 08:53:09','2022-06-30 08:53:09'),(865,'20250','Afya Medical Clinic(Dagoretti Market)',47,'2022-06-30 08:53:09','2022-06-30 08:53:09'),(866,'20236','Aga Khan Clinic (Eastleigh)',47,'2022-06-30 08:53:09','2022-06-30 08:53:09'),(867,'20235','Sam-link medical centre',47,'2022-06-30 08:53:09','2022-06-30 08:53:09'),(868,'20231','SACODEN VCT Center',47,'2022-06-30 08:53:09','2022-06-30 08:53:09'),(869,'20230','Community Evolution Network VCT',47,'2022-06-30 08:53:09','2022-06-30 08:53:09'),(870,'20227','Iran Medical Clinic',47,'2022-06-30 08:53:09','2022-06-30 08:53:09'),(871,'20208','Josmed Clinic',47,'2022-06-30 08:53:09','2022-06-30 08:53:09'),(872,'20206','Bar Hostess Empowerment and Support Programme (Makadara)',47,'2022-06-30 08:53:09','2022-06-30 08:53:09'),(873,'20195','Debomart Med Clinic',47,'2022-06-30 08:53:09','2022-06-30 08:53:09'),(874,'20189','Dagoretti Community Dispesary',47,'2022-06-30 08:53:09','2022-06-30 08:53:09'),(875,'20187','Umoja III Medical Centre(Njiru)',47,'2022-06-30 08:53:09','2022-06-30 08:53:09'),(876,'20163','Proact Healthservices',47,'2022-06-30 08:53:09','2022-06-30 08:53:09'),(877,'20146','KEMRI/CDC Health Services',47,'2022-06-30 08:53:09','2022-06-30 08:53:09'),(878,'20145','IDEWES',47,'2022-06-30 08:53:09','2022-06-30 08:53:09'),(879,'20140','AAR Mountain mall',47,'2022-06-30 08:53:09','2022-06-30 08:53:09'),(880,'20106','Dr Maina Ruga Medical Clinic',47,'2022-06-30 08:53:09','2022-06-30 08:53:09'),(881,'20104','Meridian Medical centre(Nation Centre Bldg )',47,'2022-06-30 08:53:09','2022-06-30 08:53:09'),(882,'20096','MYSA VCT',47,'2022-06-30 08:53:09','2022-06-30 08:53:09'),(883,'20095','Kipawa Medical Centre',47,'2022-06-30 08:53:09','2022-06-30 08:53:09'),(884,'20091','Mwangaza ulio Na Tumaini clinic',47,'2022-06-30 08:53:09','2022-06-30 08:53:09'),(885,'20090','African Divine Church-Org',47,'2022-06-30 08:53:09','2022-06-30 08:53:09'),(886,'20089','Marist International University College Medical Clinic',47,'2022-06-30 08:53:09','2022-06-30 08:53:09'),(887,'20086','Dr Barnados House clinic',47,'2022-06-30 08:53:09','2022-06-30 08:53:09'),(888,'20078','Farmers choice wellness centre clinic',47,'2022-06-30 08:53:09','2022-06-30 08:53:09'),(889,'20072','Melchizedek Hospital Karen',47,'2022-06-30 08:53:09','2022-06-30 08:53:09'),(890,'20067','Post Bank Staff Clinic',47,'2022-06-30 08:53:09','2022-06-30 08:53:09'),(891,'20064','Jeffrey Medical & Diagnostic Centre',47,'2022-06-30 08:53:09','2022-06-30 08:53:09'),(892,'20063','Hoymas VCT (Nairobi)',47,'2022-06-30 08:53:09','2022-06-30 08:53:09'),(893,'20062','Mundika Maternity & Nursing Home',47,'2022-06-30 08:53:09','2022-06-30 08:53:09'),(894,'20054','Springs of Life Lutheran Dispensary',47,'2022-06-30 08:53:09','2022-06-30 08:53:09'),(895,'20050','Msf- Lavender House Clinic',47,'2022-06-30 08:53:09','2022-06-30 08:53:09'),(896,'20049','Msf- Green House Clinic',47,'2022-06-30 08:53:09','2022-06-30 08:53:09'),(897,'20018','Milele Integrated Medical Services',47,'2022-06-30 08:53:09','2022-06-30 08:53:09'),(898,'19994','Slum Medical Clinic',47,'2022-06-30 08:53:09','2022-06-30 08:53:09'),(899,'19982','Dr Kingondu Clinic (Kilimani)',47,'2022-06-30 08:53:09','2022-06-30 08:53:09'),(900,'19981','Dr Muhindi Clinic (Kilimani)',47,'2022-06-30 08:53:09','2022-06-30 08:53:09'),(901,'19980','Acacia Clinic (Kilimani)',47,'2022-06-30 08:53:09','2022-06-30 08:53:09'),(902,'19979','Dr Mureithi Clinic (Kilimani)',47,'2022-06-30 08:53:09','2022-06-30 08:53:09'),(903,'19974','Central Bank Staff Clinic',47,'2022-06-30 08:53:09','2022-06-30 08:53:09'),(904,'19961','Dr J A Alouch',47,'2022-06-30 08:53:09','2022-06-30 08:53:09'),(905,'19959','Menelik Chest Clinic',47,'2022-06-30 08:53:09','2022-06-30 08:53:09'),(906,'19958','AAR Gwh Health Care Ltd',47,'2022-06-30 08:53:09','2022-06-30 08:53:09'),(907,'19948','United States International University VCT',47,'2022-06-30 08:53:09','2022-06-30 08:53:09'),(908,'19914','Lea Toto Kawangware',47,'2022-06-30 08:53:09','2022-06-30 08:53:09'),(909,'19895','Green Cross Medical Clinic',47,'2022-06-30 08:53:09','2022-06-30 08:53:09'),(910,'19720','Lifters Community Medical Clinic',47,'2022-06-30 08:53:09','2022-06-30 08:53:09'),(911,'19703','Dap Health Clinic',47,'2022-06-30 08:53:09','2022-06-30 08:53:09'),(912,'19700','PCEA Pipeline Clinic',47,'2022-06-30 08:53:09','2022-06-30 08:53:09'),(913,'19646','Dr Mboloi Clinic',47,'2022-06-30 08:53:09','2022-06-30 08:53:09'),(914,'19623','Kinga Medical Clinic (Dandora)',47,'2022-06-30 08:53:09','2022-06-30 08:53:09'),(915,'19617','Dandora Medical and Laboratory Services (Kojwang)',47,'2022-06-30 08:53:09','2022-06-30 08:53:09'),(916,'19616','Recovery Medical Clinic (Kariobangi South)',47,'2022-06-30 08:53:09','2022-06-30 08:53:09'),(917,'19589','Chiromo Medical Centre',47,'2022-06-30 08:53:09','2022-06-30 08:53:09'),(918,'19565','Dr Eliud Njuguna (Parklands)',47,'2022-06-30 08:53:09','2022-06-30 08:53:09'),(919,'19563','Dr Henry Abwao',47,'2022-06-30 08:53:09','2022-06-30 08:53:09'),(920,'19562','Abraham Memorial Nursing Home (Westlands)',47,'2022-06-30 08:53:09','2022-06-30 08:53:09'),(921,'19557','Bafana Medical Centre',47,'2022-06-30 08:53:09','2022-06-30 08:53:09'),(922,'19551','Afya Bora Medical Clinic (Westlands)',47,'2022-06-30 08:53:09','2022-06-30 08:53:09'),(923,'19550','Meridian Medical Centre (Penson Towers)',47,'2022-06-30 08:53:09','2022-06-30 08:53:09'),(924,'19546','Meridian Medical Centre (Kileleshwa)',47,'2022-06-30 08:53:09','2022-06-30 08:53:09'),(925,'19543','The Mater Hospital (Westlands)',47,'2022-06-30 08:53:09','2022-06-30 08:53:09'),(926,'19539','Focus Outreach Medical Mission',47,'2022-06-30 08:53:09','2022-06-30 08:53:09'),(927,'19538','Gitanga Medical Centre',47,'2022-06-30 08:53:09','2022-06-30 08:53:09'),(928,'19536','Kangemi Gichagi Dispensary',47,'2022-06-30 08:53:09','2022-06-30 08:53:09'),(929,'19531','Central Park Clinic',47,'2022-06-30 08:53:09','2022-06-30 08:53:09'),(930,'19529','Baraka Medical Cenre',47,'2022-06-30 08:53:09','2022-06-30 08:53:09'),(931,'19521','Providence Whole Care',47,'2022-06-30 08:53:09','2022-06-30 08:53:09'),(932,'19515','Afya Bora Health Care',47,'2022-06-30 08:53:09','2022-06-30 08:53:09'),(933,'19513','Kawangware Health Centre',47,'2022-06-30 08:53:09','2022-06-30 08:53:09'),(934,'19512','Mafra Clinic',47,'2022-06-30 08:53:09','2022-06-30 08:53:09'),(935,'19508','Local Aid Organization',47,'2022-06-30 08:53:09','2022-06-30 08:53:09'),(936,'19505','Medanta Africare Medical Centre',47,'2022-06-30 08:53:09','2022-06-30 08:53:09'),(937,'19503','Latema Medical Services (Nairobi)',47,'2022-06-30 08:53:09','2022-06-30 08:53:09'),(938,'19499','Nyalego Medical Clinic',47,'2022-06-30 08:53:09','2022-06-30 08:53:09'),(939,'19494','Westlands Medical Centre',47,'2022-06-30 08:53:09','2022-06-30 08:53:09'),(940,'19492','Odeon Medical Centre (Nairobi)',47,'2022-06-30 08:53:09','2022-06-30 08:53:09'),(941,'19491','Victory Medicare',47,'2022-06-30 08:53:09','2022-06-30 08:53:09'),(942,'19490','Jellin Medical Clinic',47,'2022-06-30 08:53:09','2022-06-30 08:53:09'),(943,'19488','Kamili Organization',47,'2022-06-30 08:53:09','2022-06-30 08:53:09'),(944,'19487','Rafiki Medical Clinic (Westlands)',47,'2022-06-30 08:53:09','2022-06-30 08:53:09'),(945,'19486','Credible Health Centre',47,'2022-06-30 08:53:09','2022-06-30 08:53:09'),(946,'19485','VIPS Health Servises',47,'2022-06-30 08:53:09','2022-06-30 08:53:09'),(947,'19484','Abby Clinic',47,'2022-06-30 08:53:09','2022-06-30 08:53:09'),(948,'19482','Medanta Africare',47,'2022-06-30 08:53:09','2022-06-30 08:53:09'),(949,'19481','Lumumba Medical Clinic',47,'2022-06-30 08:53:09','2022-06-30 08:53:09'),(950,'19479','Nile Medical Care',47,'2022-06-30 08:53:09','2022-06-30 08:53:09'),(951,'19478','Millenium Dental Clinic',47,'2022-06-30 08:53:09','2022-06-30 08:53:09'),(952,'19476','Upendo Clinic Makadara',47,'2022-06-30 08:53:09','2022-06-30 08:53:09'),(953,'19473','Maendereo Medical Clinic',47,'2022-06-30 08:53:09','2022-06-30 08:53:09'),(954,'19472','Hamza Medical Centre',47,'2022-06-30 08:53:09','2022-06-30 08:53:09'),(955,'19470','Corner Hse Med Laboratory',47,'2022-06-30 08:53:09','2022-06-30 08:53:09'),(956,'19469','Imani Health Servises',47,'2022-06-30 08:53:09','2022-06-30 08:53:09'),(957,'19467','Access Afya',47,'2022-06-30 08:53:09','2022-06-30 08:53:09'),(958,'19465','Orient Medical Care',47,'2022-06-30 08:53:09','2022-06-30 08:53:09'),(959,'19463','Metropolitan Dr Plaza',47,'2022-06-30 08:53:09','2022-06-30 08:53:09'),(960,'19462','Avenue Health Care (Makadara)',47,'2022-06-30 08:53:09','2022-06-30 08:53:09'),(961,'19458','Innercore Medical Clinic',47,'2022-06-30 08:53:09','2022-06-30 08:53:09'),(962,'19457','Aga Khan Greenspam Medical Centre',47,'2022-06-30 08:53:09','2022-06-30 08:53:09'),(963,'19454','Mwatate Healthcare Centre',47,'2022-06-30 08:53:09','2022-06-30 08:53:09'),(964,'19452','Eastern Medical Clinic',47,'2022-06-30 08:53:09','2022-06-30 08:53:09'),(965,'19451','Primed Medical Services Komarock',47,'2022-06-30 08:53:09','2022-06-30 08:53:09'),(966,'19450','Connections Medical Clinic',47,'2022-06-30 08:53:09','2022-06-30 08:53:09'),(967,'19449','Scion Healthcare Ltd Clinic',47,'2022-06-30 08:53:09','2022-06-30 08:53:09'),(968,'19448','St John Medical Centre',47,'2022-06-30 08:53:09','2022-06-30 08:53:09'),(969,'19446','Jamii Medical Clinic Mukuru',47,'2022-06-30 08:53:09','2022-06-30 08:53:09'),(970,'19445','Santi Meridian Health Care',47,'2022-06-30 08:53:09','2022-06-30 08:53:09'),(971,'19444','Trocare Medical Clinic',47,'2022-06-30 08:53:09','2022-06-30 08:53:09'),(972,'19443','Exodus Community Health Care',47,'2022-06-30 08:53:09','2022-06-30 08:53:09'),(973,'19442','Mwera Medical Clinic',47,'2022-06-30 08:53:09','2022-06-30 08:53:09'),(974,'19441','Abra Health Services',47,'2022-06-30 08:53:09','2022-06-30 08:53:09'),(975,'19439','Corban Health Care',47,'2022-06-30 08:53:09','2022-06-30 08:53:09'),(976,'19436','Kings Cross Medical Clinic',47,'2022-06-30 08:53:09','2022-06-30 08:53:09'),(977,'19435','PCEA Kayole Parish Health Centre',47,'2022-06-30 08:53:09','2022-06-30 08:53:09'),(978,'19434','The Mater Embakasi Clinic',47,'2022-06-30 08:53:09','2022-06-30 08:53:09'),(979,'19432','Real Hospital (Utawala)',47,'2022-06-30 08:53:09','2022-06-30 08:53:09'),(980,'19424','Parkroad Dental Clinic (Ngara)',47,'2022-06-30 08:53:09','2022-06-30 08:53:09'),(981,'19423','Dr Nzuki Hildapaed Clinic',47,'2022-06-30 08:53:09','2022-06-30 08:53:09'),(982,'19422','Starehe Boys Centre School Clinic',47,'2022-06-30 08:53:09','2022-06-30 08:53:09'),(983,'19421','Iran Medical Clinic (Ngara)',47,'2022-06-30 08:53:09','2022-06-30 08:53:09'),(984,'19405','Bridging Out-Patient',47,'2022-06-30 08:53:09','2022-06-30 08:53:09'),(985,'19404','Annex Health Care',47,'2022-06-30 08:53:09','2022-06-30 08:53:09'),(986,'19402','Imani Medical Centre',47,'2022-06-30 08:53:09','2022-06-30 08:53:09'),(987,'19401','Rosadett Medical Clinic',47,'2022-06-30 08:53:09','2022-06-30 08:53:09'),(988,'19399','Unity Health Care',47,'2022-06-30 08:53:09','2022-06-30 08:53:09'),(989,'19397','Afyamax Medical & Centre Dental',47,'2022-06-30 08:53:09','2022-06-30 08:53:09'),(990,'19395','Meridian Medical Centre (Loita Street)',47,'2022-06-30 08:53:09','2022-06-30 08:53:09'),(991,'19393','Dinshaw Byramjee Dispensary',47,'2022-06-30 08:53:09','2022-06-30 08:53:09'),(992,'19392','Crescent Medical Aid (Jamia Towers)',47,'2022-06-30 08:53:09','2022-06-30 08:53:09'),(993,'19380','St Teresa Medical Clinic ( Zimmerman)',47,'2022-06-30 08:53:09','2022-06-30 08:53:09'),(994,'19378','Zimma Health Care',47,'2022-06-30 08:53:09','2022-06-30 08:53:09'),(995,'19377','Delight Chemist & Lab',47,'2022-06-30 08:53:09','2022-06-30 08:53:09'),(996,'19376','The Arcade Medical Centre',47,'2022-06-30 08:53:09','2022-06-30 08:53:09'),(997,'19373','Horeb Medical Clinic ( Hunters)',47,'2022-06-30 08:53:09','2022-06-30 08:53:09'),(998,'19370','Radiant Hosp Kasarani',47,'2022-06-30 08:53:09','2022-06-30 08:53:09'),(999,'19369','Kamwitha Medcal Centre',47,'2022-06-30 08:53:09','2022-06-30 08:53:09'),(1000,'19333','Index Medical Services',47,'2022-06-30 08:53:09','2022-06-30 08:53:09'),(1001,'19332','St Michael Community Nursing Home',47,'2022-06-30 08:53:09','2022-06-30 08:53:09'),(1002,'19331','Soin Health Care - Mfangano Street)',47,'2022-06-30 08:53:09','2022-06-30 08:53:09'),(1003,'19319','Mercy Medical Services',47,'2022-06-30 08:53:09','2022-06-30 08:53:09'),(1004,'19318','Juja Road Hospital (Nairobi)',47,'2022-06-30 08:53:09','2022-06-30 08:53:09'),(1005,'19316','Lad Nan Hospital',47,'2022-06-30 08:53:09','2022-06-30 08:53:09'),(1006,'19311','Ishtar MSM',47,'2022-06-30 08:53:09','2022-06-30 08:53:09'),(1007,'19310',' St Jude\'s Huruma Community Health Services',47,'2022-06-30 08:53:09','2022-06-30 08:53:09'),(1008,'19300','Josnik Clinic',47,'2022-06-30 08:53:09','2022-06-30 08:53:09'),(1009,'19289','Peace Medical Clinic',47,'2022-06-30 08:53:09','2022-06-30 08:53:09'),(1010,'19284','Wayside Medical & Dental Clinic',47,'2022-06-30 08:53:09','2022-06-30 08:53:09'),(1011,'19283','Tazama Dentel Clinic',47,'2022-06-30 08:53:09','2022-06-30 08:53:09'),(1012,'19280','St Louis Community Hospital',47,'2022-06-30 08:53:09','2022-06-30 08:53:09'),(1013,'19279','Narzareth Medical Services',47,'2022-06-30 08:53:09','2022-06-30 08:53:09'),(1014,'19278','Hope Medical Clinic ( Githurai)',47,'2022-06-30 08:53:09','2022-06-30 08:53:09'),(1015,'19277','Mother & Child Meridian & Lab Services',47,'2022-06-30 08:53:09','2022-06-30 08:53:09'),(1016,'19276','Stars General Medical Clinic',47,'2022-06-30 08:53:09','2022-06-30 08:53:09'),(1017,'19275','Prestige Health Centre (Zimerman)',47,'2022-06-30 08:53:09','2022-06-30 08:53:09'),(1018,'19236','Ngumba Medical Centre',47,'2022-06-30 08:53:09','2022-06-30 08:53:09'),(1019,'19234','Hope Medical Clinic (Babadogo)',47,'2022-06-30 08:53:09','2022-06-30 08:53:09'),(1020,'19213','Rainbow Clinic',47,'2022-06-30 08:53:09','2022-06-30 08:53:09'),(1021,'19101','The Nairobi Hospital Out-Patient Centre Galeria',47,'2022-06-30 08:53:09','2022-06-30 08:53:09'),(1022,'19035','Chonesus Clinic',47,'2022-06-30 08:53:09','2022-06-30 08:53:09'),(1023,'18992','Rosade Medical Clinic',47,'2022-06-30 08:53:10','2022-06-30 08:53:10'),(1024,'18985','Maranatha Medical Services',47,'2022-06-30 08:53:10','2022-06-30 08:53:10'),(1025,'18984','Kibera Highway Clinic',47,'2022-06-30 08:53:10','2022-06-30 08:53:10'),(1026,'18942','Kamiti Maximum Clinic',47,'2022-06-30 08:53:10','2022-06-30 08:53:10'),(1027,'18895','Korogocho Health Centre',47,'2022-06-30 08:53:10','2022-06-30 08:53:10'),(1028,'18894','Agakhan University Clinic Embakasi(AUN)',47,'2022-06-30 08:53:10','2022-06-30 08:53:10'),(1029,'18893','Emmanuel Medical Centre',47,'2022-06-30 08:53:10','2022-06-30 08:53:10'),(1030,'18888','Consolata Shrine Dispensary (Deep Sea Nairobi)',47,'2022-06-30 08:53:10','2022-06-30 08:53:10'),(1031,'18887','Githogoro Runda Baptist Clinic (Getrudes Nairobi)',47,'2022-06-30 08:53:10','2022-06-30 08:53:10'),(1032,'18860','Wellness Program KWS Hq',47,'2022-06-30 08:53:10','2022-06-30 08:53:10'),(1033,'18859','AAR Healthcare Limited (Karen)',47,'2022-06-30 08:53:10','2022-06-30 08:53:10'),(1034,'18828','Lea Toto Zimmerman',47,'2022-06-30 08:53:10','2022-06-30 08:53:10'),(1035,'18807','Dr Irimu Medical Clinic',47,'2022-06-30 08:53:10','2022-06-30 08:53:10'),(1036,'18805','Bodaki Medical Clinic',47,'2022-06-30 08:53:10','2022-06-30 08:53:10'),(1037,'18796','Sasa Centre (Makadara)',47,'2022-06-30 08:53:10','2022-06-30 08:53:10'),(1038,'18795','Church Army Medical Clinic',47,'2022-06-30 08:53:10','2022-06-30 08:53:10'),(1039,'18778','Dr Florence Murila (Ngong Road)',47,'2022-06-30 08:53:10','2022-06-30 08:53:10'),(1040,'18770','Andulus Medical Clinic',47,'2022-06-30 08:53:10','2022-06-30 08:53:10'),(1041,'18769','Al Amin Nursing Home',47,'2022-06-30 08:53:10','2022-06-30 08:53:10'),(1042,'18763','PCEA Kuwinda Health Clinic',47,'2022-06-30 08:53:10','2022-06-30 08:53:10'),(1043,'18754','Clinix Health Care (Kibra)',47,'2022-06-30 08:53:10','2022-06-30 08:53:10'),(1044,'18745','Comboni Missionary Sisters Health Programm',47,'2022-06-30 08:53:10','2022-06-30 08:53:10'),(1045,'18744','Premium Health Services',47,'2022-06-30 08:53:10','2022-06-30 08:53:10'),(1046,'18743','Kariobangi EDARP',47,'2022-06-30 08:53:10','2022-06-30 08:53:10'),(1047,'18741','Vipawa Medical Services',47,'2022-06-30 08:53:10','2022-06-30 08:53:10'),(1048,'18739','Eagle Wings Medical Centre',47,'2022-06-30 08:53:10','2022-06-30 08:53:10'),(1049,'18672','Jeytee',47,'2022-06-30 08:53:10','2022-06-30 08:53:10'),(1050,'18662','Senate Health Services',47,'2022-06-30 08:53:10','2022-06-30 08:53:10'),(1051,'18629','CID HQS Dispensary',47,'2022-06-30 08:53:10','2022-06-30 08:53:10'),(1052,'18628','Uthiru Muthua Health Centre',47,'2022-06-30 08:53:10','2022-06-30 08:53:10'),(1053,'18613','Glory Health Clinic',47,'2022-06-30 08:53:10','2022-06-30 08:53:10'),(1054,'18612','Fremo Medical Centre',47,'2022-06-30 08:53:10','2022-06-30 08:53:10'),(1055,'18611','Lithi Clinic',47,'2022-06-30 08:53:10','2022-06-30 08:53:10'),(1056,'18594','Joy Nursing Home and Maternity',47,'2022-06-30 08:53:10','2022-06-30 08:53:10'),(1057,'18591','Meridian Medical Centre (Capital Centre)',47,'2022-06-30 08:53:10','2022-06-30 08:53:10'),(1058,'18590','Lengo Medical Clinic',47,'2022-06-30 08:53:10','2022-06-30 08:53:10'),(1059,'18574','Strathmore University Medical Centre',47,'2022-06-30 08:53:10','2022-06-30 08:53:10'),(1060,'18543','Hope Worldwide Kenya VCT (Makadara)',47,'2022-06-30 08:53:10','2022-06-30 08:53:10'),(1061,'18535','Adventist Centre For Care and Support (Kilimani)',47,'2022-06-30 08:53:10','2022-06-30 08:53:10'),(1062,'18495','St Aloysius Gonzaga School Dispensary',47,'2022-06-30 08:53:10','2022-06-30 08:53:10'),(1063,'18494','PCEA Silanga Church VCT',47,'2022-06-30 08:53:10','2022-06-30 08:53:10'),(1064,'18488','Jacaranda Special School',47,'2022-06-30 08:53:10','2022-06-30 08:53:10'),(1065,'18486','Afya Health Care',47,'2022-06-30 08:53:10','2022-06-30 08:53:10'),(1066,'18485','Ruaraka Uhai Neema Hospital',47,'2022-06-30 08:53:10','2022-06-30 08:53:10'),(1067,'18484','Catholic Dispensary Kariobangi',47,'2022-06-30 08:53:10','2022-06-30 08:53:10'),(1068,'18472','Flomed Med Clinic',47,'2022-06-30 08:53:10','2022-06-30 08:53:10'),(1069,'18468','Bar Hostess Empowerment Support Program VCT',47,'2022-06-30 08:53:10','2022-06-30 08:53:10'),(1070,'18465','St Clare Medical Clinic',47,'2022-06-30 08:53:10','2022-06-30 08:53:10'),(1071,'18464','Utawala Estate Health Centre',47,'2022-06-30 08:53:10','2022-06-30 08:53:10'),(1072,'18463','Mukuru Health Centre',47,'2022-06-30 08:53:10','2022-06-30 08:53:10'),(1073,'18438','Sunton CFW Clinic',47,'2022-06-30 08:53:10','2022-06-30 08:53:10'),(1074,'18436','Oasis Medical Clinic',47,'2022-06-30 08:53:10','2022-06-30 08:53:10'),(1075,'18434','Muska Medical Centre',47,'2022-06-30 08:53:10','2022-06-30 08:53:10'),(1076,'18409','St Veronica EDARP Clinic',47,'2022-06-30 08:53:10','2022-06-30 08:53:10'),(1077,'18408','St John\'s Community Centre',47,'2022-06-30 08:53:10','2022-06-30 08:53:10'),(1078,'18407','Just Meno Limited',47,'2022-06-30 08:53:10','2022-06-30 08:53:10'),(1079,'18395','Getrude Embakasi Clinic',47,'2022-06-30 08:53:10','2022-06-30 08:53:10'),(1080,'18394','Nairobi Earc St Anne Medical Clinic',47,'2022-06-30 08:53:10','2022-06-30 08:53:10'),(1081,'18390','Ruai Family Hospital LTD',47,'2022-06-30 08:53:10','2022-06-30 08:53:10'),(1082,'18389','Kamulu Medical Centre',47,'2022-06-30 08:53:10','2022-06-30 08:53:10'),(1083,'18388','Divine Mercy Kariobangi',47,'2022-06-30 08:53:10','2022-06-30 08:53:10'),(1084,'18386','Saika Nursing Home',47,'2022-06-30 08:53:10','2022-06-30 08:53:10'),(1085,'18368','Viva Afya Medical Clinic (Matopeni)',47,'2022-06-30 08:53:10','2022-06-30 08:53:10'),(1086,'18357','Kemsa Staff Clinic',47,'2022-06-30 08:53:10','2022-06-30 08:53:10'),(1087,'18348','Association of Physically Disabled of Kenya',47,'2022-06-30 08:53:10','2022-06-30 08:53:10'),(1088,'18344','Afya House Dispensary',47,'2022-06-30 08:53:10','2022-06-30 08:53:10'),(1089,'18334','Unity Maternity & Nursing Home',47,'2022-06-30 08:53:10','2022-06-30 08:53:10'),(1090,'18323','Vostrum Clinic',47,'2022-06-30 08:53:10','2022-06-30 08:53:10'),(1091,'18304','The Co-Operative University College of Kenya Dispe',47,'2022-06-30 08:53:10','2022-06-30 08:53:10'),(1092,'18282','Glovnet VCT',47,'2022-06-30 08:53:10','2022-06-30 08:53:10'),(1093,'18281','Sunbeam Medical Centre',47,'2022-06-30 08:53:10','2022-06-30 08:53:10'),(1094,'18278','Healthways Medical Centre',47,'2022-06-30 08:53:10','2022-06-30 08:53:10'),(1095,'18275','Mmak Embakasi Stand Alone VCT',47,'2022-06-30 08:53:10','2022-06-30 08:53:10'),(1096,'18273','Buruburu Friends Clinic',47,'2022-06-30 08:53:10','2022-06-30 08:53:10'),(1097,'18271','Bristal Park Hospital',47,'2022-06-30 08:53:10','2022-06-30 08:53:10'),(1098,'18233','Umoja VCT Centre Stand Alone',47,'2022-06-30 08:53:10','2022-06-30 08:53:10'),(1099,'18222','St John\'s Community Clinic Njiru',47,'2022-06-30 08:53:10','2022-06-30 08:53:10'),(1100,'18220','Dandora Medical Centre',47,'2022-06-30 08:53:10','2022-06-30 08:53:10'),(1101,'18219','St Alice (EDARP) Dandora',47,'2022-06-30 08:53:10','2022-06-30 08:53:10'),(1102,'18218','New Partner Initiative (Npi) Sasa Centre',47,'2022-06-30 08:53:10','2022-06-30 08:53:10'),(1103,'18217','Family Health Option of Kenya',47,'2022-06-30 08:53:10','2022-06-30 08:53:10'),(1104,'18167','Mmak',47,'2022-06-30 08:53:10','2022-06-30 08:53:10'),(1105,'18005','South B Hospital Ltd',47,'2022-06-30 08:53:10','2022-06-30 08:53:10'),(1106,'18002','Innoculation Centre',47,'2022-06-30 08:53:10','2022-06-30 08:53:10'),(1107,'18001','Prudent Medical Clinic Kariobangi',47,'2022-06-30 08:53:10','2022-06-30 08:53:10'),(1108,'17998','Rays International Clinic Kariobangi',47,'2022-06-30 08:53:10','2022-06-30 08:53:10'),(1109,'17997','Dandora Health Service',47,'2022-06-30 08:53:10','2022-06-30 08:53:10'),(1110,'17996','Precious Life Medical Clinic Ruai',47,'2022-06-30 08:53:10','2022-06-30 08:53:10'),(1111,'17956','Uzima VCT Centre',47,'2022-06-30 08:53:10','2022-06-30 08:53:10'),(1112,'17955','Nuru Lutheran Media Ministry',47,'2022-06-30 08:53:10','2022-06-30 08:53:10'),(1113,'17951','Josma Medical Clinic (Kasarani)',47,'2022-06-30 08:53:10','2022-06-30 08:53:10'),(1114,'17950','Thika Road Health Services Ltd (Kasarani)',47,'2022-06-30 08:53:10','2022-06-30 08:53:10'),(1115,'17949','Destiny Medical Centre (Ruaraka)',47,'2022-06-30 08:53:10','2022-06-30 08:53:10'),(1116,'17948','Kasarani Claycity Medical Centre (Kasarani)',47,'2022-06-30 08:53:10','2022-06-30 08:53:10'),(1117,'17947','Loreigns Medical Services (Kasarani)',47,'2022-06-30 08:53:10','2022-06-30 08:53:10'),(1118,'17943','St Francis Community Hospital (Kasarani)',47,'2022-06-30 08:53:10','2022-06-30 08:53:10'),(1119,'17942','Githurai Liverpool VCT',47,'2022-06-30 08:53:10','2022-06-30 08:53:10'),(1120,'17934','Baraka Medical Centre',47,'2022-06-30 08:53:10','2022-06-30 08:53:10'),(1121,'17933','St Joseph Nursing Home (Eastleigh North)',47,'2022-06-30 08:53:10','2022-06-30 08:53:10'),(1122,'17861','Romieva Medical Centre',47,'2022-06-30 08:53:10','2022-06-30 08:53:10'),(1123,'17847','Alliance Medical Centre',47,'2022-06-30 08:53:10','2022-06-30 08:53:10'),(1124,'17789','Montezuma Monalisa Funeral Home (Lang\'ata)',47,'2022-06-30 08:53:10','2022-06-30 08:53:10'),(1125,'17727','Meridian Medical Donholm Clinic',47,'2022-06-30 08:53:10','2022-06-30 08:53:10'),(1126,'17725','Gertrude Komarock Clinic',47,'2022-06-30 08:53:10','2022-06-30 08:53:10'),(1127,'17723','St Barkita Dispensary Utawala',47,'2022-06-30 08:53:10','2022-06-30 08:53:10'),(1128,'17720','Lea Toto Community Mukuru Reuben',47,'2022-06-30 08:53:10','2022-06-30 08:53:10'),(1129,'17719','EDARP Komarock Health Centre',47,'2022-06-30 08:53:10','2022-06-30 08:53:10'),(1130,'17717','Komarock Morden Medical Care',47,'2022-06-30 08:53:10','2022-06-30 08:53:10'),(1131,'17687','Viva Afya Kayole',47,'2022-06-30 08:53:10','2022-06-30 08:53:10'),(1132,'17686','Susamed Medical Clinic',47,'2022-06-30 08:53:10','2022-06-30 08:53:10'),(1133,'17685','Imara Health Centre',47,'2022-06-30 08:53:10','2022-06-30 08:53:10'),(1134,'17683','St Raphael\'s Clinic',47,'2022-06-30 08:53:10','2022-06-30 08:53:10'),(1135,'17663','Discordant Couples of Kenya VCT',47,'2022-06-30 08:53:10','2022-06-30 08:53:10'),(1136,'17657','The Mater Hospital Buruburu',47,'2022-06-30 08:53:10','2022-06-30 08:53:10'),(1137,'17651','Msf Olympic Centre',47,'2022-06-30 08:53:10','2022-06-30 08:53:10'),(1138,'17650','SHOFCO Medical Clinic (Kibera)',47,'2022-06-30 08:53:10','2022-06-30 08:53:10'),(1139,'17548','EDARP Njiru Clinic',47,'2022-06-30 08:53:10','2022-06-30 08:53:10'),(1140,'17514','Mary Mission',47,'2022-06-30 08:53:10','2022-06-30 08:53:10'),(1141,'17455','Mtaani VCT',47,'2022-06-30 08:53:10','2022-06-30 08:53:10'),(1142,'17434','Kariobangi South Clinic',47,'2022-06-30 08:53:10','2022-06-30 08:53:10'),(1143,'17411','Mama Lucy Kibaki Hospital - Embakasi',47,'2022-06-30 08:53:10','2022-06-30 08:53:10'),(1144,'17404','Uhuru Presitige Health Care',47,'2022-06-30 08:53:10','2022-06-30 08:53:10'),(1145,'17394','Wema Medical Clinic',47,'2022-06-30 08:53:10','2022-06-30 08:53:10'),(1146,'17393','Huduma Health Centre',47,'2022-06-30 08:53:10','2022-06-30 08:53:10'),(1147,'17392','St Pery\'s Medical Clinic',47,'2022-06-30 08:53:10','2022-06-30 08:53:10'),(1148,'17391','St Mac\'s Hospital',47,'2022-06-30 08:53:10','2022-06-30 08:53:10'),(1149,'17390','Southern Health Care',47,'2022-06-30 08:53:10','2022-06-30 08:53:10'),(1150,'17389','Shree Cutchhi Leva Samaj Medical Clinic',47,'2022-06-30 08:53:10','2022-06-30 08:53:10'),(1151,'17388','Clinix Health Care (Sarangombe',47,'2022-06-30 08:53:10','2022-06-30 08:53:10'),(1152,'17385','Tumaini Medical Centre (Sarang\'ombe)',47,'2022-06-30 08:53:10','2022-06-30 08:53:10'),(1153,'17384','Lang\'ata Comprehensive Medical Service',47,'2022-06-30 08:53:10','2022-06-30 08:53:10'),(1154,'16799','Gichago Dispensary',47,'2022-06-30 08:53:10','2022-06-30 08:53:10'),(1155,'16796','AAR Clinic Sarit Centre (Westlands)',47,'2022-06-30 08:53:10','2022-06-30 08:53:10'),(1156,'16801','Al-Gadhir Clinic',47,'2022-06-30 08:53:10','2022-06-30 08:53:10'),(1157,'16800','Lea Toto Clinic (Westlands)',47,'2022-06-30 08:53:10','2022-06-30 08:53:10'),(1158,'16802','Life Friends Medical Centre',47,'2022-06-30 08:53:10','2022-06-30 08:53:10'),(1159,'16795','Nairobi Womens Hospital Adams',47,'2022-06-30 08:53:10','2022-06-30 08:53:10'),(1160,'13215','St Mary\'s Medical Clinic (Umoja II)',47,'2022-06-30 08:53:10','2022-06-30 08:53:10'),(1161,'13216','St Mary\'s Medical Clinic (Sarang\'ombe)',47,'2022-06-30 08:53:10','2022-06-30 08:53:10'),(1162,'13206','St Johns Ambulance',47,'2022-06-30 08:53:10','2022-06-30 08:53:10'),(1163,'13229','St Vincent Clinic (Nairobi East)',47,'2022-06-30 08:53:10','2022-06-30 08:53:10'),(1164,'13231','State House Clinic',47,'2022-06-30 08:53:10','2022-06-30 08:53:10'),(1165,'13250','Wakibe Clinic',47,'2022-06-30 08:53:10','2022-06-30 08:53:10'),(1166,'13251','Wamunga Health Clinic',47,'2022-06-30 08:53:10','2022-06-30 08:53:10'),(1167,'13254','Inter Group Health Ltd',47,'2022-06-30 08:53:10','2022-06-30 08:53:10'),(1168,'13235','Teachers Service Commission',47,'2022-06-30 08:53:10','2022-06-30 08:53:10'),(1169,'12906','Corner Stone',47,'2022-06-30 08:53:10','2022-06-30 08:53:10'),(1170,'12925','Dr MOHamed Clinic',47,'2022-06-30 08:53:10','2022-06-30 08:53:10'),(1171,'12924','Dr Aziz Mohamed Medical Clinic',47,'2022-06-30 08:53:10','2022-06-30 08:53:10'),(1172,'12922','Dr Gachare Medical Clinic',47,'2022-06-30 08:53:10','2022-06-30 08:53:10'),(1173,'12908','Dabliu Clinic',47,'2022-06-30 08:53:10','2022-06-30 08:53:10'),(1174,'12900','Crescent Medical Aid (Pangani)',47,'2022-06-30 08:53:10','2022-06-30 08:53:10'),(1175,'12899','Crescent Medical Aid Murang\'a Road',47,'2022-06-30 08:53:10','2022-06-30 08:53:10'),(1176,'12898','Clinitec Medical Services',47,'2022-06-30 08:53:10','2022-06-30 08:53:10'),(1177,'12895','Christian Aid Dispensary',47,'2022-06-30 08:53:10','2022-06-30 08:53:10'),(1178,'12891','Young Health and Wellness Centre-CFK',47,'2022-06-30 08:53:10','2022-06-30 08:53:10'),(1179,'12888','Buruburu Medical Clinic',47,'2022-06-30 08:53:10','2022-06-30 08:53:10'),(1180,'12882','Bethel Clinic',47,'2022-06-30 08:53:10','2022-06-30 08:53:10'),(1181,'12863','AAR Thika Road Clinic',47,'2022-06-30 08:53:10','2022-06-30 08:53:10'),(1182,'12862','AAR Kariobangi Clinic',47,'2022-06-30 08:53:10','2022-06-30 08:53:10'),(1183,'12861','AAR City Centre Clinic',47,'2022-06-30 08:53:10','2022-06-30 08:53:10'),(1184,'10036','Arcade Medical Clinic (Ruiru)',47,'2022-06-30 08:53:10','2022-06-30 08:53:10'),(1185,'13006','Kariobangi Health Centre',47,'2022-06-30 08:53:10','2022-06-30 08:53:10'),(1186,'13212','Spacecare Health Centre & Maternity',47,'2022-06-30 08:53:10','2022-06-30 08:53:10'),(1187,'13116','Nairobi West Men\'s Prison Dispensary',47,'2022-06-30 08:53:10','2022-06-30 08:53:10'),(1188,'12969','Hono Clinic',47,'2022-06-30 08:53:10','2022-06-30 08:53:10'),(1189,'12946','Gaimu Clinic',47,'2022-06-30 08:53:10','2022-06-30 08:53:10'),(1190,'13158','Radiant Pangani Hospital',47,'2022-06-30 08:53:10','2022-06-30 08:53:10'),(1191,'13013','Kenya AIDS Vaccine Initiative (KAVI)',47,'2022-06-30 08:53:10','2022-06-30 08:53:10'),(1192,'12921','Dorkcare Nursing Home',47,'2022-06-30 08:53:10','2022-06-30 08:53:10'),(1193,'13241','Umoja Hospital',47,'2022-06-30 08:53:10','2022-06-30 08:53:10'),(1194,'13202','St Francis Com Hospital',47,'2022-06-30 08:53:10','2022-06-30 08:53:10'),(1195,'13198','St Begson Clinic',47,'2022-06-30 08:53:10','2022-06-30 08:53:10'),(1196,'13111','Nairobi Outpatient Gulf Limited',47,'2022-06-30 08:53:10','2022-06-30 08:53:10'),(1197,'13246','St.Scholastica Uzima Hospital',47,'2022-06-30 08:53:10','2022-06-30 08:53:10'),(1198,'13258','Westlands Health Centre',47,'2022-06-30 08:53:10','2022-06-30 08:53:10'),(1199,'13248','Vision Peoples Inter Health Centre',47,'2022-06-30 08:53:10','2022-06-30 08:53:10'),(1200,'13238','Trinity Medical Care Health Centre',47,'2022-06-30 08:53:10','2022-06-30 08:53:10'),(1201,'13224','St Philips Health Centre',47,'2022-06-30 08:53:10','2022-06-30 08:53:10'),(1202,'13227','St Teresa\'s Health Centre',47,'2022-06-30 08:53:10','2022-06-30 08:53:10'),(1203,'13203','St Francis Health Centre (Nairobi North)',47,'2022-06-30 08:53:10','2022-06-30 08:53:10'),(1204,'13196','St Annes Medical Health Centre',47,'2022-06-30 08:53:10','2022-06-30 08:53:10'),(1205,'13200','St Catherine\'s Health Centre',47,'2022-06-30 08:53:10','2022-06-30 08:53:10'),(1206,'13191','EDARP Soweto Health Centre',47,'2022-06-30 08:53:10','2022-06-30 08:53:10'),(1207,'13173','Reuben Mukuru Health Centre',47,'2022-06-30 08:53:10','2022-06-30 08:53:10'),(1208,'13176','Samaritan Medical Services (Dandora)',47,'2022-06-30 08:53:10','2022-06-30 08:53:10'),(1209,'13161','Nairobi Remand Prison Health Centre',47,'2022-06-30 08:53:10','2022-06-30 08:53:10'),(1210,'13159','Ray of Hope Health Centre',47,'2022-06-30 08:53:10','2022-06-30 08:53:10'),(1211,'13160','Redemeed Health Centre',47,'2022-06-30 08:53:10','2022-06-30 08:53:10'),(1212,'13127','Nsis Health Centre (Ruaraka)',47,'2022-06-30 08:53:10','2022-06-30 08:53:10'),(1213,'13077','Mathare North Health Centre',47,'2022-06-30 08:53:10','2022-06-30 08:53:10'),(1214,'13062','Maria Immaculate Health Centre',47,'2022-06-30 08:53:10','2022-06-30 08:53:10'),(1215,'13056','Makadara Health Centre',47,'2022-06-30 08:53:10','2022-06-30 08:53:10'),(1216,'13053','Lunga Lunga Health Centre',47,'2022-06-30 08:53:10','2022-06-30 08:53:10'),(1217,'13049','Lianas Clinic Health Centre',47,'2022-06-30 08:53:10','2022-06-30 08:53:10'),(1218,'13043','7Kr Mrs Health Centre',47,'2022-06-30 08:53:10','2022-06-30 08:53:10'),(1219,'13001','Kangemi Health Centre',47,'2022-06-30 08:53:10','2022-06-30 08:53:10'),(1220,'12997','Kahawa West Health Centre',47,'2022-06-30 08:53:10','2022-06-30 08:53:10'),(1221,'12988','Jericho Health Centre',47,'2022-06-30 08:53:10','2022-06-30 08:53:10'),(1222,'12947','Garrison Health Centre',47,'2022-06-30 08:53:10','2022-06-30 08:53:10'),(1223,'12928','Dr Were Medical Clinic',47,'2022-06-30 08:53:10','2022-06-30 08:53:10'),(1224,'12926','Dr Montet Medical Clinic',47,'2022-06-30 08:53:10','2022-06-30 08:53:10'),(1225,'12917','Diwopa Health Centre',47,'2022-06-30 08:53:10','2022-06-30 08:53:10'),(1226,'12912','Dandora II Health Centre',47,'2022-06-30 08:53:10','2022-06-30 08:53:10'),(1227,'12879','Bahati Health Centre',47,'2022-06-30 08:53:10','2022-06-30 08:53:10'),(1228,'12877','Babadogo Medical Health Centre',47,'2022-06-30 08:53:10','2022-06-30 08:53:10'),(1229,'12897','Kwa Kangethe Medical Centre',47,'2022-06-30 08:53:10','2022-06-30 08:53:10'),(1230,'12875','Babadogo (EDARP)',47,'2022-06-30 08:53:10','2022-06-30 08:53:10'),(1231,'12864','Abandoned Child Care',47,'2022-06-30 08:53:10','2022-06-30 08:53:10'),(1232,'13261','Zimmerman Medical Dispensary',47,'2022-06-30 08:53:10','2022-06-30 08:53:10'),(1233,'13262','Zinduka Clinic',47,'2022-06-30 08:53:10','2022-06-30 08:53:10'),(1234,'13252','Wangu Medical Clinic',47,'2022-06-30 08:53:10','2022-06-30 08:53:10'),(1235,'13257','Wentworth Hospital',47,'2022-06-30 08:53:10','2022-06-30 08:53:10'),(1236,'13256','Wema Nursing Home',47,'2022-06-30 08:53:10','2022-06-30 08:53:10'),(1237,'13247','Victory Hospital',47,'2022-06-30 08:53:10','2022-06-30 08:53:10'),(1238,'13260','Woodstreet Nursing Home',47,'2022-06-30 08:53:10','2022-06-30 08:53:10'),(1239,'13223','St Peter Dispensary',47,'2022-06-30 08:53:10','2022-06-30 08:53:10'),(1240,'13222','St Patrick Health Care Centre',47,'2022-06-30 08:53:10','2022-06-30 08:53:10'),(1241,'13225','St Teresa\'s Parish Dispensary',47,'2022-06-30 08:53:10','2022-06-30 08:53:10'),(1242,'13221','St. Odilia\'s Dispensary',47,'2022-06-30 08:53:10','2022-06-30 08:53:10'),(1243,'13207','St Joseph (EDARP) Clinic',47,'2022-06-30 08:53:10','2022-06-30 08:53:10'),(1244,'13217','St Mary\'s Health Centre',47,'2022-06-30 08:53:10','2022-06-30 08:53:10'),(1245,'13174','Rural Aid VCT',47,'2022-06-30 08:53:10','2022-06-30 08:53:10'),(1246,'13163','Rhodes Chest Clinic',47,'2022-06-30 08:53:10','2022-06-30 08:53:10'),(1247,'13194','National Spinal Injury Hospital',47,'2022-06-30 08:53:10','2022-06-30 08:53:10'),(1248,'13201','Mountcare Medical Centre',47,'2022-06-30 08:53:10','2022-06-30 08:53:10'),(1249,'13205','St John Hospital',47,'2022-06-30 08:53:10','2022-06-30 08:53:10'),(1250,'13149','Provide Inter Math Dispensary',47,'2022-06-30 08:53:10','2022-06-30 08:53:10'),(1251,'13148','Provide Internatinal Clinic (Dandora)',47,'2022-06-30 08:53:10','2022-06-30 08:53:10'),(1252,'13147','Prime Health Services Dispensary',47,'2022-06-30 08:53:10','2022-06-30 08:53:10'),(1253,'13146','Port Health Dispensary (Langata)',47,'2022-06-30 08:53:10','2022-06-30 08:53:10'),(1254,'13129','Nyina Wa Mumbi Dispensary',47,'2022-06-30 08:53:10','2022-06-30 08:53:10'),(1255,'13178','Saola Maternity and Nursing Home',47,'2022-06-30 08:53:10','2022-06-30 08:53:10'),(1256,'13175','Salama Nursing Home',47,'2022-06-30 08:53:10','2022-06-30 08:53:10'),(1257,'13114','Nairobi West Chidren Clinic',47,'2022-06-30 08:53:10','2022-06-30 08:53:10'),(1258,'13103','Muteithania Medical Clinic',47,'2022-06-30 08:53:10','2022-06-30 08:53:10'),(1259,'13128','Nuffield Nursing Home',47,'2022-06-30 08:53:10','2022-06-30 08:53:10'),(1260,'13139','Parkroad Nursing Home (Nairobi)',47,'2022-06-30 08:53:10','2022-06-30 08:53:10'),(1261,'13137','Padens Medicare Centre',47,'2022-06-30 08:53:10','2022-06-30 08:53:10'),(1262,'13117','Nairobi Womens Hospital (Hurlingham)',47,'2022-06-30 08:53:10','2022-06-30 08:53:10'),(1263,'13115','Nairobi West Hospital',47,'2022-06-30 08:53:10','2022-06-30 08:53:10'),(1264,'13095','Moi Air Base Hospital',47,'2022-06-30 08:53:10','2022-06-30 08:53:10'),(1265,'13091','Mid Hill Medical Clinic',47,'2022-06-30 08:53:10','2022-06-30 08:53:10'),(1266,'13085','Medipoint Clinic',47,'2022-06-30 08:53:10','2022-06-30 08:53:10'),(1267,'13083','Medicare Clinic',47,'2022-06-30 08:53:10','2022-06-30 08:53:10'),(1268,'13110','Nairobi Hospital',47,'2022-06-30 08:53:10','2022-06-30 08:53:10'),(1269,'13082','Medical Reception Dispensary',47,'2022-06-30 08:53:10','2022-06-30 08:53:10'),(1270,'13099','Dsc Karen Dispensary (Armed Forces)',47,'2022-06-30 08:53:10','2022-06-30 08:53:10'),(1271,'13093','Mji Wa Huruma Dispensary',47,'2022-06-30 08:53:10','2022-06-30 08:53:10'),(1272,'13071','Marurui Dispensary',47,'2022-06-30 08:53:10','2022-06-30 08:53:10'),(1273,'13094','Mkunga Nursing Home',47,'2022-06-30 08:53:10','2022-06-30 08:53:10'),(1274,'13089','Mercy Mission Health Centre',47,'2022-06-30 08:53:10','2022-06-30 08:53:10'),(1275,'13080','Mbagathi District Hospital',47,'2022-06-30 08:53:10','2022-06-30 08:53:10'),(1276,'13059','Makkah Nursing Home',47,'2022-06-30 08:53:10','2022-06-30 08:53:10'),(1277,'13068','Marie Stopes Nursing Home (Eastleigh)',47,'2022-06-30 08:53:10','2022-06-30 08:53:10'),(1278,'13070','Marura Nursing Home',47,'2022-06-30 08:53:10','2022-06-30 08:53:10'),(1279,'13055','Madina Nursing Home',47,'2022-06-30 08:53:10','2022-06-30 08:53:10'),(1280,'13044','Langata Women Prison Dispensary',47,'2022-06-30 08:53:10','2022-06-30 08:53:10'),(1281,'13018','Multi Media University Dispensary',47,'2022-06-30 08:53:10','2022-06-30 08:53:10'),(1282,'13064','Mariakani Cottage Hospital Ltd',47,'2022-06-30 08:53:10','2022-06-30 08:53:10'),(1283,'13021','Kenya Airways Medical Centre',47,'2022-06-30 08:53:10','2022-06-30 08:53:10'),(1284,'12995','Kabiro Medical Clinic',47,'2022-06-30 08:53:10','2022-06-30 08:53:10'),(1285,'12992','Juhudi Clinic',47,'2022-06-30 08:53:10','2022-06-30 08:53:10'),(1286,'13024','Kenyatta University Dispensary',47,'2022-06-30 08:53:10','2022-06-30 08:53:10'),(1287,'13022','Kenya Utalii Dispensary',47,'2022-06-30 08:53:10','2022-06-30 08:53:10'),(1288,'13010','Kasarani Health Centre',47,'2022-06-30 08:53:10','2022-06-30 08:53:10'),(1289,'13042','Langata Hospital',47,'2022-06-30 08:53:10','2022-06-30 08:53:10'),(1290,'13014','Kayole Hospital',47,'2022-06-30 08:53:10','2022-06-30 08:53:10'),(1291,'12980','IDF Mathare Dispensary',47,'2022-06-30 08:53:10','2022-06-30 08:53:10'),(1292,'13011','Kasarani Maternity',47,'2022-06-30 08:53:10','2022-06-30 08:53:10'),(1293,'12955','Giovanna Dispensary',47,'2022-06-30 08:53:10','2022-06-30 08:53:10'),(1294,'12996','Kahawa Garrison Health Centre',47,'2022-06-30 08:53:10','2022-06-30 08:53:10'),(1295,'12991','Jkia Health Centre',47,'2022-06-30 08:53:10','2022-06-30 08:53:10'),(1296,'13004','The Karen Hospital',47,'2022-06-30 08:53:10','2022-06-30 08:53:10'),(1297,'12971','Provide International Mutindwa Umoja Clinic',47,'2022-06-30 08:53:10','2022-06-30 08:53:10'),(1298,'13000','Kamiti Prison Hospital',47,'2022-06-30 08:53:10','2022-06-30 08:53:10'),(1299,'12984','Jamaa Mission Hospital',47,'2022-06-30 08:53:10','2022-06-30 08:53:10'),(1300,'12937','Family Care Clinic Kasarani',47,'2022-06-30 08:53:10','2022-06-30 08:53:10'),(1301,'12916','Diani Dispensary',47,'2022-06-30 08:53:10','2022-06-30 08:53:10'),(1302,'12915','Delta Medical Clinic Dandora',47,'2022-06-30 08:53:10','2022-06-30 08:53:10'),(1303,'12978','Pipeline Nursing Home',47,'2022-06-30 08:53:10','2022-06-30 08:53:10'),(1304,'12950','Gertrudes Childrens Hospital',47,'2022-06-30 08:53:10','2022-06-30 08:53:10'),(1305,'12934','Edna Maternity',47,'2022-06-30 08:53:10','2022-06-30 08:53:10'),(1306,'12890','Canaan Health Providers (Nairobi)',47,'2022-06-30 08:53:10','2022-06-30 08:53:10'),(1307,'12884','Biafra Medical Clinic',47,'2022-06-30 08:53:10','2022-06-30 08:53:10'),(1308,'12944','Frepals Community Nursing Home',47,'2022-06-30 08:53:10','2022-06-30 08:53:10'),(1309,'12885','Blue House Dispensary',47,'2022-06-30 08:53:10','2022-06-30 08:53:10'),(1310,'12942','Family Care Medical Centre & Maternity',47,'2022-06-30 08:53:10','2022-06-30 08:53:10'),(1311,'12905','Coptic Hospital (Ngong Road)',47,'2022-06-30 08:53:10','2022-06-30 08:53:10'),(1312,'12902','Compassionate Hospital',47,'2022-06-30 08:53:10','2022-06-30 08:53:10'),(1313,'12867','Aga Khan Hospital',47,'2022-06-30 08:53:10','2022-06-30 08:53:10'),(1314,'12869','Alice Nursing Home',47,'2022-06-30 08:53:10','2022-06-30 08:53:10'),(1315,'12870','Amurt Health Centre',47,'2022-06-30 08:53:10','2022-06-30 08:53:10'),(1316,'12874','Avenue Hospital',47,'2022-06-30 08:53:10','2022-06-30 08:53:10'),(1317,'11175','Warazo Medical Clinic (Ruiru)',47,'2022-06-30 08:53:10','2022-06-30 08:53:10'),(1318,'12987','Jerapha Maternity',47,'2022-06-30 08:53:10','2022-06-30 08:53:10'),(1319,'13017','Soweto Kayole PHC Health Centre',47,'2022-06-30 08:53:10','2022-06-30 08:53:10'),(1320,'16169','Lady Northey Dispensary',47,'2022-06-30 08:53:10','2022-06-30 08:53:10'),(1321,'16168','Revival Home Based Care Clinic',47,'2022-06-30 08:53:10','2022-06-30 08:53:10'),(1322,'10264','Githiga Midways Clinic',47,'2022-06-30 08:53:10','2022-06-30 08:53:10'),(1323,'13087','Memorial Hospital',47,'2022-06-30 08:53:10','2022-06-30 08:53:10'),(1324,'13243','Upendo Dispensary',47,'2022-06-30 08:53:10','2022-06-30 08:53:10'),(1325,'13236','Tena (PCEA) Clinic',47,'2022-06-30 08:53:10','2022-06-30 08:53:10'),(1326,'13232','State House Dispensary (Nairobi)',47,'2022-06-30 08:53:10','2022-06-30 08:53:10'),(1327,'13230','St Vincent Catholic Clinic',47,'2022-06-30 08:53:10','2022-06-30 08:53:10'),(1328,'13220','EDARP Donholm Clinic',47,'2022-06-30 08:53:10','2022-06-30 08:53:10'),(1329,'13209','St Joseph W Dispensary (Westlands)',47,'2022-06-30 08:53:10','2022-06-30 08:53:10'),(1330,'13208','St Joseph Mukasa Dispensary',47,'2022-06-30 08:53:10','2022-06-30 08:53:10'),(1331,'13199','St Bridget\'s Mother & Child',47,'2022-06-30 08:53:10','2022-06-30 08:53:10'),(1332,'13169','EDARP Ruai Clinic',47,'2022-06-30 08:53:10','2022-06-30 08:53:10'),(1333,'13168','Railway Training Institute Dispensary South B',47,'2022-06-30 08:53:10','2022-06-30 08:53:10'),(1334,'13162','Rgc Jipe Moyo Dispensary',47,'2022-06-30 08:53:10','2022-06-30 08:53:10'),(1335,'13136','P & T Clinic',47,'2022-06-30 08:53:10','2022-06-30 08:53:10'),(1336,'13135','Orthodox Dispensary',47,'2022-06-30 08:53:10','2022-06-30 08:53:10'),(1337,'13132','Ofafa I Clinic',47,'2022-06-30 08:53:10','2022-06-30 08:53:10'),(1338,'13123','Ngong Road Dispensary',47,'2022-06-30 08:53:10','2022-06-30 08:53:10'),(1339,'13121','Ngaira Rhodes Dispensary',47,'2022-06-30 08:53:10','2022-06-30 08:53:10'),(1340,'13101','Mukuru Mmm Clinic',47,'2022-06-30 08:53:10','2022-06-30 08:53:10'),(1341,'13100','Mukuru Crescent Clinic',47,'2022-06-30 08:53:10','2022-06-30 08:53:10'),(1342,'13097','Mow Dispensary',47,'2022-06-30 08:53:10','2022-06-30 08:53:10'),(1343,'13072','Mary Immaculate Sisters Dispensary',47,'2022-06-30 08:53:10','2022-06-30 08:53:10'),(1344,'13061','Maria Dominica Dispensary',47,'2022-06-30 08:53:10','2022-06-30 08:53:10'),(1345,'13057','Makadara Mercy Sisters Dispensary',47,'2022-06-30 08:53:10','2022-06-30 08:53:10'),(1346,'13052','Lower Kabete Dispensary (Kabete)',47,'2022-06-30 08:53:10','2022-06-30 08:53:10'),(1347,'13039','Lagos Road Dispensary',47,'2022-06-30 08:53:10','2022-06-30 08:53:10'),(1348,'13037','Kmtc Dispensary',47,'2022-06-30 08:53:10','2022-06-30 08:53:10'),(1349,'13036','Kivuli Dispensary',47,'2022-06-30 08:53:10','2022-06-30 08:53:10'),(1350,'13035','Kisembo Dispensary',47,'2022-06-30 08:53:10','2022-06-30 08:53:10'),(1351,'13008','Karma Dispensary',47,'2022-06-30 08:53:10','2022-06-30 08:53:10'),(1352,'12994','Kabete Barracks Dispensary',47,'2022-06-30 08:53:10','2022-06-30 08:53:10'),(1353,'12993','Kabete Approved School Dispensary',47,'2022-06-30 08:53:10','2022-06-30 08:53:10'),(1354,'12982','Mary Immaculate Clinic Mukuru',47,'2022-06-30 08:53:10','2022-06-30 08:53:10'),(1355,'12960','Good Shepherd Dispensary',47,'2022-06-30 08:53:10','2022-06-30 08:53:10'),(1356,'12959','Good Samaritan Dispensary',47,'2022-06-30 08:53:10','2022-06-30 08:53:10'),(1357,'12918','Dod Mrs Dispensary',47,'2022-06-30 08:53:10','2022-06-30 08:53:10'),(1358,'12911','Dandora (EDARP) Clinic',47,'2022-06-30 08:53:10','2022-06-30 08:53:10'),(1359,'12909','Dagoretti Approved Dispensary',47,'2022-06-30 08:53:10','2022-06-30 08:53:10'),(1360,'12907','Cotolengo Centre',47,'2022-06-30 08:53:10','2022-06-30 08:53:10'),(1361,'12904','Coptic Medical Clinic',47,'2022-06-30 08:53:10','2022-06-30 08:53:10'),(1362,'12903','Conerstone Clinic',47,'2022-06-30 08:53:10','2022-06-30 08:53:10'),(1363,'12894','Kibera Chemi Chemi Ya Uzima Clinic',47,'2022-06-30 08:53:10','2022-06-30 08:53:10'),(1364,'12892','Catholic University Dispensary',47,'2022-06-30 08:53:10','2022-06-30 08:53:10'),(1365,'13172','Ruaraka Dispensary',47,'2022-06-30 08:53:10','2022-06-30 08:53:10'),(1366,'12887','Brother Andre Medial Centre',47,'2022-06-30 08:53:10','2022-06-30 08:53:10'),(1367,'12886','Bomas of Kenya Dispensary',47,'2022-06-30 08:53:10','2022-06-30 08:53:10'),(1368,'12881','Baraka Dispensary (Nairobi)',47,'2022-06-30 08:53:10','2022-06-30 08:53:10'),(1369,'12941','Famlife Medicare Centre',47,'2022-06-30 08:53:10','2022-06-30 08:53:10'),(1370,'11066','St Peter\'s (ACK) Medical Clinic',47,'2022-06-30 08:53:10','2022-06-30 08:53:10'),(1371,'13255','Wema CFW Clinic',47,'2022-06-30 08:53:10','2022-06-30 08:53:10'),(1372,'13197','St Ann\'s Clinic',47,'2022-06-30 08:53:10','2022-06-30 08:53:10'),(1373,'16167','Marie Stopes Kenya Kenyatta Market Clinic',47,'2022-06-30 08:53:10','2022-06-30 08:53:10'),(1374,'13192','Special Provision Clinic',47,'2022-06-30 08:53:10','2022-06-30 08:53:10'),(1375,'13167','Round About Medical Dispensary',47,'2022-06-30 08:53:10','2022-06-30 08:53:10'),(1376,'13151','Provide International Clinic (Kayole)',47,'2022-06-30 08:53:10','2022-06-30 08:53:10'),(1377,'13125','Nimoli Medical Centre',47,'2022-06-30 08:53:10','2022-06-30 08:53:10'),(1378,'12986','Jahmii Kipawa Medical Centre',47,'2022-06-30 08:53:10','2022-06-30 08:53:10'),(1379,'13120','New Life Home Childrens Home (Kilimani)',47,'2022-06-30 08:53:10','2022-06-30 08:53:10'),(1380,'13106','Mwatate Clinic',47,'2022-06-30 08:53:10','2022-06-30 08:53:10'),(1381,'12985','Jamii Clinic (Westlands)',47,'2022-06-30 08:53:10','2022-06-30 08:53:10'),(1382,'12983','Imperial Clinic',47,'2022-06-30 08:53:10','2022-06-30 08:53:10'),(1383,'13088','Mercillin Afya Centre',47,'2022-06-30 08:53:10','2022-06-30 08:53:10'),(1384,'12967','Hakati Medical Clinic',47,'2022-06-30 08:53:10','2022-06-30 08:53:10'),(1385,'12966','Gynapaed Dispensary (Kilimani-)',47,'2022-06-30 08:53:10','2022-06-30 08:53:10'),(1386,'12956','Githurai Medical Centre',47,'2022-06-30 08:53:10','2022-06-30 08:53:10'),(1387,'12953','Getrudes Hospital (Nairobi West Clinic)',47,'2022-06-30 08:53:10','2022-06-30 08:53:10'),(1388,'12952','Getrude Donholm Clinic',47,'2022-06-30 08:53:10','2022-06-30 08:53:10'),(1389,'12873','Aski Medical Clinic',47,'2022-06-30 08:53:10','2022-06-30 08:53:10'),(1390,'13218','St Mary\'s Mission Hospital',47,'2022-06-30 08:53:10','2022-06-30 08:53:10'),(1391,'13150','Provide International Korogocho',47,'2022-06-30 08:53:10','2022-06-30 08:53:10'),(1392,'13086','Melchezedek Hospital',47,'2022-06-30 08:53:10','2022-06-30 08:53:10'),(1393,'13063','Maria Maternity and Nursing Home',47,'2022-06-30 08:53:10','2022-06-30 08:53:10'),(1394,'13242','University of Nairobi Health Services-Main Campus',47,'2022-06-30 08:53:10','2022-06-30 08:53:10'),(1395,'13016','Kayole II Sub-District Hospital',47,'2022-06-30 08:53:10','2022-06-30 08:53:10'),(1396,'13193','Special Treatment Clinic',47,'2022-06-30 08:53:10','2022-06-30 08:53:10'),(1397,'12872','Arrow Web Maternity and Nursing Home',47,'2022-06-30 08:53:10','2022-06-30 08:53:10'),(1398,'13074','The Mater Misericordiae Hospital',47,'2022-06-30 08:53:10','2022-06-30 08:53:10'),(1399,'13157','Pumwani Maternity VCT Centre',47,'2022-06-30 08:53:10','2022-06-30 08:53:10'),(1400,'13075','Mathare 3A (EDARP)',47,'2022-06-30 08:53:10','2022-06-30 08:53:10'),(1401,'13112','Nairobi South Hospital',47,'2022-06-30 08:53:10','2022-06-30 08:53:10'),(1402,'13109','Meridian Equator Hospital',47,'2022-06-30 08:53:10','2022-06-30 08:53:10'),(1403,'13098','Mp Shah Hospital (Westlands)',47,'2022-06-30 08:53:10','2022-06-30 08:53:10'),(1404,'13096','Mother & Child Hospital',47,'2022-06-30 08:53:10','2022-06-30 08:53:10'),(1405,'13090','Metropolitan Hospital Nairobi',47,'2022-06-30 08:53:10','2022-06-30 08:53:10'),(1406,'12972','Jumuia Hospital Huruma',47,'2022-06-30 08:53:10','2022-06-30 08:53:10'),(1407,'12965','Guru Nanak Hospital',47,'2022-06-30 08:53:10','2022-06-30 08:53:10'),(1408,'12868','Aga Khan University Hospital (Buruburu)',47,'2022-06-30 08:53:10','2022-06-30 08:53:10'),(1409,'12865','Care Hospital',47,'2022-06-30 08:53:10','2022-06-30 08:53:10'),(1410,'13065','Marie Stopes Kenya Premier Clinic',47,'2022-06-30 08:53:10','2022-06-30 08:53:10'),(1411,'12931','Eden Dispensary',47,'2022-06-30 08:53:10','2022-06-30 08:53:10'),(1412,'12878','Bahati Clinic',47,'2022-06-30 08:53:10','2022-06-30 08:53:10'),(1413,'12957','Githurai VCT',47,'2022-06-30 08:53:10','2022-06-30 08:53:10'),(1414,'12973','Huruma (EDARP)',47,'2022-06-30 08:53:10','2022-06-30 08:53:10'),(1415,'12938','Family Health Medical Dispensary',47,'2022-06-30 08:53:10','2022-06-30 08:53:10'),(1416,'12939','Family Health Options Phoenix',47,'2022-06-30 08:53:10','2022-06-30 08:53:10'),(1417,'12943','Flack Clinic',47,'2022-06-30 08:53:10','2022-06-30 08:53:10'),(1418,'12945','Future Age Medical Services',47,'2022-06-30 08:53:10','2022-06-30 08:53:10'),(1419,'12949','Genessaret Clinic',47,'2022-06-30 08:53:10','2022-06-30 08:53:10'),(1420,'12951','Gertrudes Othaya Road Dispensary',47,'2022-06-30 08:53:10','2022-06-30 08:53:10'),(1421,'12990','Jinnah Ave Clinic',47,'2022-06-30 08:53:10','2022-06-30 08:53:10'),(1422,'12999','Kaloleni Health Servics',47,'2022-06-30 08:53:10','2022-06-30 08:53:10'),(1423,'13007','Kariokor Clinic',47,'2022-06-30 08:53:10','2022-06-30 08:53:10'),(1424,'13012','Mwiki CFW',47,'2022-06-30 08:53:10','2022-06-30 08:53:10'),(1425,'13026','Kibera Human Development Clinic',47,'2022-06-30 08:53:10','2022-06-30 08:53:10'),(1426,'13033','Kikoshep Kenya (Mugumoini)',47,'2022-06-30 08:53:10','2022-06-30 08:53:10'),(1427,'13038','Komarock Medical Clinic',47,'2022-06-30 08:53:10','2022-06-30 08:53:10'),(1428,'13040','Landmawe Medical Services',47,'2022-06-30 08:53:10','2022-06-30 08:53:10'),(1429,'13047','Lea Toto Clinic Kariobangi South',47,'2022-06-30 08:53:10','2022-06-30 08:53:10'),(1430,'13002','Kapu Medical Clinic',47,'2022-06-30 08:53:10','2022-06-30 08:53:10'),(1431,'13025','Kesha VCT',47,'2022-06-30 08:53:10','2022-06-30 08:53:10'),(1432,'13031','Kie/Kapc',47,'2022-06-30 08:53:10','2022-06-30 08:53:10'),(1433,'13045','Lea Toto (Kariobangi North)',47,'2022-06-30 08:53:10','2022-06-30 08:53:10'),(1434,'13046','Lea Toto Dagoretti',47,'2022-06-30 08:53:10','2022-06-30 08:53:10'),(1435,'13048','Lea Toto Kibera',47,'2022-06-30 08:53:10','2022-06-30 08:53:10'),(1436,'13058','Makina Clinic',47,'2022-06-30 08:53:10','2022-06-30 08:53:10'),(1437,'13060','Makogeni Clinic',47,'2022-06-30 08:53:10','2022-06-30 08:53:10'),(1438,'13067','Marie Stopes Clinic (Kangemi)',47,'2022-06-30 08:53:10','2022-06-30 08:53:10'),(1439,'13069','Maringo Clinic',47,'2022-06-30 08:53:10','2022-06-30 08:53:10'),(1440,'13081','Mbotela Clinic',47,'2022-06-30 08:53:10','2022-06-30 08:53:10'),(1441,'13102','Mundoro Medical Clinic Dandora',47,'2022-06-30 08:53:10','2022-06-30 08:53:10'),(1442,'13092','Ministry of Education (Moest) VCT Centre',47,'2022-06-30 08:53:10','2022-06-30 08:53:10'),(1443,'13119','NASCOP VCT',47,'2022-06-30 08:53:10','2022-06-30 08:53:10'),(1444,'13104','Muthurwa Clinic',47,'2022-06-30 08:53:10','2022-06-30 08:53:10'),(1445,'13131','Nyumbani Diagnostic Laboratory and Medical Clinic',47,'2022-06-30 08:53:10','2022-06-30 08:53:10'),(1446,'13133','Ogwedhi Dispensary (Nairobi North)',47,'2022-06-30 08:53:10','2022-06-30 08:53:10'),(1447,'13145','Pona Mat Dispensary',47,'2022-06-30 08:53:10','2022-06-30 08:53:10'),(1448,'13166','Ronil Medical Clinic (Githurai)',47,'2022-06-30 08:53:10','2022-06-30 08:53:10'),(1449,'13179','Senye Medical Clinic',47,'2022-06-30 08:53:10','2022-06-30 08:53:10'),(1450,'13181','Africare Ltd South C',47,'2022-06-30 08:53:10','2022-06-30 08:53:10'),(1451,'13185','Shepherds Medical Clinic Maringo',47,'2022-06-30 08:53:10','2022-06-30 08:53:10'),(1452,'13183','Shauri Moyo Baptist VCT Centre',47,'2022-06-30 08:53:10','2022-06-30 08:53:10'),(1453,'13211','St Jude\'s Medical Centre',47,'2022-06-30 08:53:10','2022-06-30 08:53:10'),(1454,'29757','Mildred Smith Health Center',42,'2022-09-15 08:30:35','2022-09-15 08:30:35'),(1455,'29762','Masaka Dispensary',42,'2022-09-15 08:30:35','2022-09-15 08:30:35'),(1456,'29694','Gesoko Medical Clinic',42,'2022-09-15 08:30:35','2022-09-15 08:30:35'),(1457,'29553','Obunga Dispensary-Kisumu',42,'2022-09-15 08:30:35','2022-09-15 08:30:35'),(1458,'29554','Kanyakwar Dispensary',42,'2022-09-15 08:30:35','2022-09-15 08:30:35'),(1459,'29412','Ongadi Dispensary',42,'2022-09-15 08:30:35','2022-09-15 08:30:35'),(1460,'29397','Carol Medical Clinic',42,'2022-09-15 08:30:35','2022-09-15 08:30:35'),(1461,'29396','Obino Dispensary',42,'2022-09-15 08:30:35','2022-09-15 08:30:35'),(1462,'29385','Paga Health Centre',42,'2022-09-15 08:30:35','2022-09-15 08:30:35'),(1463,'29387','Nyitienge Health Centre',42,'2022-09-15 08:30:35','2022-09-15 08:30:35'),(1464,'29418','Kisumu Smiles Gentle Care',42,'2022-09-15 08:30:35','2022-09-15 08:30:35'),(1465,'29365','Ongalo Dispensary',42,'2022-09-15 08:30:35','2022-09-15 08:30:35'),(1466,'29488','Unam Medical Centre Limited',42,'2022-09-15 08:30:35','2022-09-15 08:30:35'),(1467,'29493','Maclyn Healthcare Services and Pharma',42,'2022-09-15 08:30:35','2022-09-15 08:30:35'),(1468,'29369','Bluepeak Medical Clinic',42,'2022-09-15 08:30:35','2022-09-15 08:30:35'),(1469,'29224','Shepher Lifecare Medical Clinic',42,'2022-09-15 08:30:35','2022-09-15 08:30:35'),(1470,'29177','Kannika International LTD Hospital(Kisumu)',42,'2022-09-15 08:30:35','2022-09-15 08:30:35'),(1471,'29142','Onyango Agumba Hospital',42,'2022-09-15 08:30:35','2022-09-15 08:30:35'),(1472,'28978','Sifiwe Medical Clinic',42,'2022-09-15 08:30:35','2022-09-15 08:30:35'),(1473,'28903','Gifted Minds Medical Centre',42,'2022-09-15 08:30:35','2022-09-15 08:30:35'),(1474,'28868','Salama Cancer Centre Ltd',42,'2022-09-15 08:30:35','2022-09-15 08:30:35'),(1475,'28816','Shifa Taqwa Medical Centre',42,'2022-09-15 08:30:35','2022-09-15 08:30:35'),(1476,'28594','Vision Edge Opticals & Eye Clinic',42,'2022-09-15 08:30:35','2022-09-15 08:30:35'),(1477,'28532','Lake Dental Clinic',42,'2022-09-15 08:30:35','2022-09-15 08:30:35'),(1478,'28495','Leal Community Clinic',42,'2022-09-15 08:30:35','2022-09-15 08:30:35'),(1479,'28497','Korowe Highway Medical Centre',42,'2022-09-15 08:30:35','2022-09-15 08:30:35'),(1480,'28481','Maxcure Hospitals Limited-Kisumu',42,'2022-09-15 08:30:35','2022-09-15 08:30:35'),(1481,'28675','Mollem Medical Clinic',42,'2022-09-15 08:30:35','2022-09-15 08:30:35'),(1482,'28433','Advance Care Dental Centre',42,'2022-09-15 08:30:35','2022-09-15 08:30:35'),(1483,'28425','Palma Medical Centre',42,'2022-09-15 08:30:35','2022-09-15 08:30:35'),(1484,'28381','Gedian Family Healthcare',42,'2022-09-15 08:30:35','2022-09-15 08:30:35'),(1485,'28389','Eurocity Medical Clinic',42,'2022-09-15 08:30:35','2022-09-15 08:30:35'),(1486,'28239','Ambercare Medical Care',42,'2022-09-15 08:30:35','2022-09-15 08:30:35'),(1487,'28234','Kisumu Heart Centre',42,'2022-09-15 08:30:35','2022-09-15 08:30:35'),(1488,'28240','Queenteric Annex Nursing Home',42,'2022-09-15 08:30:35','2022-09-15 08:30:35'),(1489,'28241','St. Jenipher Medical Centre',42,'2022-09-15 08:30:35','2022-09-15 08:30:35'),(1490,'28128','TEMAK Medical Clinic',42,'2022-09-15 08:30:35','2022-09-15 08:30:35'),(1491,'28083','Katito Medical Clinic',42,'2022-09-15 08:30:35','2022-09-15 08:30:35'),(1492,'27415','Lela Health Centre',42,'2022-09-15 08:30:35','2022-09-15 08:30:35'),(1493,'27621','Blue Ray Medical Clinic',42,'2022-09-15 08:30:35','2022-09-15 08:30:35'),(1494,'27558','Equity Afia, Kisumu',42,'2022-09-15 08:30:35','2022-09-15 08:30:35'),(1495,'27293','Nyawita Medical Clinic',42,'2022-09-15 08:30:35','2022-09-15 08:30:35'),(1496,'27526','Andingo Rongo',42,'2022-09-15 08:30:35','2022-09-15 08:30:35'),(1497,'27294','Pivot Medical Centre',42,'2022-09-15 08:30:35','2022-09-15 08:30:35'),(1498,'27219','Nyakoko Health Centre',42,'2022-09-15 08:30:35','2022-09-15 08:30:35'),(1499,'27221','Songoh Health Center',42,'2022-09-15 08:30:35','2022-09-15 08:30:35'),(1500,'27123','Optics Centre Limited(Kisumu)',42,'2022-09-15 08:30:35','2022-09-15 08:30:35'),(1501,'27411','Primecare Medical Centre( Kisumu)',42,'2022-09-15 08:30:35','2022-09-15 08:30:35'),(1502,'27101','Scenic Healthcare',42,'2022-09-15 08:30:35','2022-09-15 08:30:35'),(1503,'27100','Greater Kadibo Medical',42,'2022-09-15 08:30:35','2022-09-15 08:30:35'),(1504,'27260','St.Joshua Medical Clinic',42,'2022-09-15 08:30:35','2022-09-15 08:30:35'),(1505,'27104','Nyamware Health Centre',42,'2022-09-15 08:30:35','2022-09-15 08:30:35'),(1506,'27528','Mildred Smith Mission Health Center',42,'2022-09-15 08:30:35','2022-09-15 08:30:35'),(1507,'27024','Optimum Health Consultants',42,'2022-09-15 08:30:35','2022-09-15 08:30:35'),(1508,'27105','Ayweyo Health Centre',42,'2022-09-15 08:30:35','2022-09-15 08:30:35'),(1509,'27025','Maaygo Railways',42,'2022-09-15 08:30:35','2022-09-15 08:30:35'),(1510,'26884','Philican Medical Clinic',42,'2022-09-15 08:30:35','2022-09-15 08:30:35'),(1511,'26613','Homeland Community Medical Clinic',42,'2022-09-15 08:30:35','2022-09-15 08:30:35'),(1512,'26569','St. Helier Health Care Services',42,'2022-09-15 08:30:35','2022-09-15 08:30:35'),(1513,'26522','Royal Dental Clinic-Kisumu',42,'2022-09-15 08:30:35','2022-09-15 08:30:35'),(1514,'26499','Obunga Family Health Centre',42,'2022-09-15 08:30:35','2022-09-15 08:30:35'),(1515,'26428','Keyo Dispensary',42,'2022-09-15 08:30:35','2022-09-15 08:30:35'),(1516,'26148','The Life Gate Health Care Clinic',42,'2022-09-15 08:30:35','2022-09-15 08:30:35'),(1517,'26149','Port Florence Community Hospital',42,'2022-09-15 08:30:35','2022-09-15 08:30:35'),(1518,'25956','Barkorumba Health Centre',42,'2022-09-15 08:30:35','2022-09-15 08:30:35'),(1519,'25955','Neorao Medical clinic',42,'2022-09-15 08:30:35','2022-09-15 08:30:35'),(1520,'25957','Geta Health Centre',42,'2022-09-15 08:30:35','2022-09-15 08:30:35'),(1521,'25958','Gombe Kokulo Health Centre',42,'2022-09-15 08:30:35','2022-09-15 08:30:35'),(1522,'25918','Unity Point Health Care',42,'2022-09-15 08:30:35','2022-09-15 08:30:35'),(1523,'25959','Kmtc Clinic-Kisumu Campus',42,'2022-09-15 08:30:35','2022-09-15 08:30:35'),(1524,'25949','Bloom Surgical Centre',42,'2022-09-15 08:30:35','2022-09-15 08:30:35'),(1525,'25685','Medafya Healthcare Limited',42,'2022-09-15 08:30:35','2022-09-15 08:30:35'),(1526,'25586','Dr. Shem Rakewa Dental Clinic',42,'2022-09-15 08:30:35','2022-09-15 08:30:35'),(1527,'25539','Africa Inuka Hospital',42,'2022-09-15 08:30:35','2022-09-15 08:30:35'),(1528,'25504','St. Rita Esperanza Medical Clinic',42,'2022-09-15 08:30:35','2022-09-15 08:30:35'),(1529,'25365','Christella Care Centre',42,'2022-09-15 08:30:35','2022-09-15 08:30:35'),(1530,'25247','Tumaini Kopere Health Care Services',42,'2022-09-15 08:30:35','2022-09-15 08:30:35'),(1531,'25071','St. Lucia Medical Centre',42,'2022-09-15 08:30:35','2022-09-15 08:30:35'),(1532,'24971','Dalcoo Medical Centre(Kisumu Central)',42,'2022-09-15 08:30:35','2022-09-15 08:30:35'),(1533,'24949','Angeline Health Care',42,'2022-09-15 08:30:35','2022-09-15 08:30:35'),(1534,'24940','Fairmont Hospital',42,'2022-09-15 08:30:35','2022-09-15 08:30:35'),(1535,'24904','Good Neighbour clinic',42,'2022-09-15 08:30:35','2022-09-15 08:30:35'),(1536,'24880','Danid Care Services',42,'2022-09-15 08:30:35','2022-09-15 08:30:35'),(1537,'24824','Jobefar Medical Centre',42,'2022-09-15 08:30:35','2022-09-15 08:30:35'),(1538,'24817','Peter Plumb Harmony Medical Clinic',42,'2022-09-15 08:30:35','2022-09-15 08:30:35'),(1539,'21220','Anza Mapema Clinic',42,'2022-09-15 08:30:35','2022-09-15 08:30:35'),(1540,'21487','Migere Health Centre',42,'2022-09-15 08:30:35','2022-09-15 08:30:35'),(1541,'24747','kisumu Dental Centre',42,'2022-09-15 08:30:35','2022-09-15 08:30:35'),(1542,'24729','Nissi Medical Centre',42,'2022-09-15 08:30:35','2022-09-15 08:30:35'),(1543,'24721','Kisumu Comprehensive Medical Centre',42,'2022-09-15 08:30:35','2022-09-15 08:30:35'),(1544,'24708','Masala Healthcare Services Ltd',42,'2022-09-15 08:30:35','2022-09-15 08:30:35'),(1545,'24707','Tora Dental Clinic',42,'2022-09-15 08:30:35','2022-09-15 08:30:35'),(1546,'24673','Grays  Medical Centre',42,'2022-09-15 08:30:35','2022-09-15 08:30:35'),(1547,'24606','Medileads Laboratories &Clinic',42,'2022-09-15 08:30:35','2022-09-15 08:30:35'),(1548,'24568','Alpo  Medical Centre',42,'2022-09-15 08:30:35','2022-09-15 08:30:35'),(1549,'24501','Nephrology And Hypertension Associates LTD',42,'2022-09-15 08:30:35','2022-09-15 08:30:35'),(1550,'24481','Hope For Widows and Children Foundation(Town Clinic)',42,'2022-09-15 08:30:35','2022-09-15 08:30:35'),(1551,'24451','Sabatia Eye Hospital Kisumu Clinic',42,'2022-09-15 08:30:35','2022-09-15 08:30:35'),(1552,'24442','Nyanza Royal Family Hospital',42,'2022-09-15 08:30:35','2022-09-15 08:30:35'),(1553,'24440','Medirel Medical Centre',42,'2022-09-15 08:30:35','2022-09-15 08:30:35'),(1554,'24400','Amani Medical clinic',42,'2022-09-15 08:30:35','2022-09-15 08:30:35'),(1555,'24401','Dawamea',42,'2022-09-15 08:30:35','2022-09-15 08:30:35'),(1556,'24387','Dawamed Medical Clinic(Kondele)',42,'2022-09-15 08:30:35','2022-09-15 08:30:35'),(1557,'24398','Chalbeat Medical Centre',42,'2022-09-15 08:30:35','2022-09-15 08:30:35'),(1558,'24317','Nightingale Medical Centre-Milimani',42,'2022-09-15 08:30:35','2022-09-15 08:30:35'),(1559,'24316','Benec Medical Centre',42,'2022-09-15 08:30:35','2022-09-15 08:30:35'),(1560,'24305','St. Christopher Dama Community Clinic',42,'2022-09-15 08:30:35','2022-09-15 08:30:35'),(1561,'24216','Home Grown Medical Center',42,'2022-09-15 08:30:35','2022-09-15 08:30:35'),(1562,'24200','Lvct Health-Manyatta Dice',42,'2022-09-15 08:30:35','2022-09-15 08:30:35'),(1563,'24197','Alluc Medical Centre',42,'2022-09-15 08:30:35','2022-09-15 08:30:35'),(1564,'24148','Gleashay Medical Clinic',42,'2022-09-15 08:30:35','2022-09-15 08:30:35'),(1565,'24064','Nyaguda Medical Centre',42,'2022-09-15 08:30:35','2022-09-15 08:30:35'),(1566,'24018','Gramy Medical Clinic',42,'2022-09-15 08:30:35','2022-09-15 08:30:35'),(1567,'24016','Melrose arc hospital',42,'2022-09-15 08:30:35','2022-09-15 08:30:35'),(1568,'24006','Kamwanda medical clinic',42,'2022-09-15 08:30:35','2022-09-15 08:30:35'),(1569,'23973','Gentle Care Dental Clinic',42,'2022-09-15 08:30:35','2022-09-15 08:30:35'),(1570,'23910','Skyteam Medical Clinic',42,'2022-09-15 08:30:35','2022-09-15 08:30:35'),(1571,'23893','Bridge Medical Clinic',42,'2022-09-15 08:30:35','2022-09-15 08:30:35'),(1572,'23885','Little Balm Medical Centre',42,'2022-09-15 08:30:35','2022-09-15 08:30:35'),(1573,'23836','Medicross Clinic.',42,'2022-09-15 08:30:35','2022-09-15 08:30:35'),(1574,'23820','Oasis Doctors Plaza-Tom Mboya Estate',42,'2022-09-15 08:30:35','2022-09-15 08:30:35'),(1575,'23810','Hapex Manyatta Medical Centre Kisumu',42,'2022-09-15 08:30:35','2022-09-15 08:30:35'),(1576,'23742','Bliss GVS Health Care -Mega plaza',42,'2022-09-15 08:30:35','2022-09-15 08:30:35'),(1577,'23741','St.Georges Medical Center',42,'2022-09-15 08:30:35','2022-09-15 08:30:35'),(1578,'23729','Julia Huebner Medical Centre',42,'2022-09-15 08:30:35','2022-09-15 08:30:35'),(1579,'23712','Lisana Dispensary',42,'2022-09-15 08:30:35','2022-09-15 08:30:35'),(1580,'23600','Carwash Community Clinic',42,'2022-09-15 08:30:35','2022-09-15 08:30:35'),(1581,'23599','Ahava Medical Centre',42,'2022-09-15 08:30:35','2022-09-15 08:30:35'),(1582,'23543','Star Hospital Kisumu -Annex',42,'2022-09-15 08:30:35','2022-09-15 08:30:35'),(1583,'23541','Aboge',42,'2022-09-15 08:30:35','2022-09-15 08:30:35'),(1584,'23534','Bliss GVS Health Care',42,'2022-09-15 08:30:35','2022-09-15 08:30:35'),(1585,'23410','Joy Paediatric Medical Center',42,'2022-09-15 08:30:35','2022-09-15 08:30:35'),(1586,'23327','Ahero Annex Healthcare Ltd',42,'2022-09-15 08:30:35','2022-09-15 08:30:35'),(1587,'23223','Medicross Clinic Megacity',42,'2022-09-15 08:30:35','2022-09-15 08:30:35'),(1588,'23222','Medicross Clinic',42,'2022-09-15 08:30:35','2022-09-15 08:30:35'),(1589,'22806','Dago Kokore',42,'2022-09-15 08:30:35','2022-09-15 08:30:35'),(1590,'22775','Bethlehem Home Hospital',42,'2022-09-15 08:30:35','2022-09-15 08:30:35'),(1591,'22564','Tumaini Dice',42,'2022-09-15 08:30:35','2022-09-15 08:30:35'),(1592,'22529','Nyamasaria Medical Clinic',42,'2022-09-15 08:30:35','2022-09-15 08:30:35'),(1593,'22354','Kisumu Specialist Hospital',42,'2022-09-15 08:30:35','2022-09-15 08:30:35'),(1594,'22336','Rapha Healthcare Centre',42,'2022-09-15 08:30:35','2022-09-15 08:30:35'),(1595,'22334','Iris Eye Clinic Kisumu',42,'2022-09-15 08:30:35','2022-09-15 08:30:35'),(1596,'22273','Maisha Medical Clinic',42,'2022-09-15 08:30:35','2022-09-15 08:30:35'),(1597,'22220','Nyalunya Community Nursing Home',42,'2022-09-15 08:30:35','2022-09-15 08:30:35'),(1598,'22218','Sangoro Dispensary',42,'2022-09-15 08:30:35','2022-09-15 08:30:35'),(1599,'22192','Bongu Konyango Dispensary',42,'2022-09-15 08:30:35','2022-09-15 08:30:35'),(1600,'22105','Hope for Widows & Children Foundation  Nursing Home',42,'2022-09-15 08:30:35','2022-09-15 08:30:35'),(1601,'22094','MAAYGO Dice',42,'2022-09-15 08:30:35','2022-09-15 08:30:35'),(1602,'22064','Dunga GOK Dispensary',42,'2022-09-15 08:30:35','2022-09-15 08:30:35'),(1603,'22063','Kosawo Dispensary',42,'2022-09-15 08:30:35','2022-09-15 08:30:35'),(1604,'21899','Kotunga Dispensary',42,'2022-09-15 08:30:35','2022-09-15 08:30:35'),(1605,'21766','St. Jairus',42,'2022-09-15 08:30:35','2022-09-15 08:30:35'),(1606,'21706','St. Lydia Okore Dispensary',42,'2022-09-15 08:30:35','2022-09-15 08:30:35'),(1607,'21705','Kuoyo Health Center',42,'2022-09-15 08:30:35','2022-09-15 08:30:35'),(1608,'21704','Inuka Medical Clinic',42,'2022-09-15 08:30:35','2022-09-15 08:30:35'),(1609,'21671','Kochieng Health Centre',42,'2022-09-15 08:30:35','2022-09-15 08:30:35'),(1610,'21657','Kadhiambo dispensary',42,'2022-09-15 08:30:35','2022-09-15 08:30:35'),(1611,'21310','Komwaga Health Center',42,'2022-09-15 08:30:35','2022-09-15 08:30:35'),(1612,'21262','Lolwe Health Centre',42,'2022-09-15 08:30:35','2022-09-15 08:30:35'),(1613,'21236','Angola Community Dispensary',42,'2022-09-15 08:30:35','2022-09-15 08:30:35'),(1614,'21208','Mainga Health Centre',42,'2022-09-15 08:30:35','2022-09-15 08:30:35'),(1615,'21047','Orongo Dispensary',42,'2022-09-15 08:30:35','2022-09-15 08:30:35'),(1616,'21039','Rang\'ul Dispensary',42,'2022-09-15 08:30:35','2022-09-15 08:30:35'),(1617,'20965','Beyond Zero Medical Clinic(Kisumu)',42,'2022-09-15 08:30:35','2022-09-15 08:30:35'),(1618,'20964','Kisumu Diagnostic Center',42,'2022-09-15 08:30:35','2022-09-15 08:30:35'),(1619,'20963','AL Nur Medical Clinic & Laboratory',42,'2022-09-15 08:30:35','2022-09-15 08:30:35'),(1620,'20962','Helsamy Medical Clinic',42,'2022-09-15 08:30:35','2022-09-15 08:30:35'),(1621,'20957','Meridian Medical Centre(Kisumu)',42,'2022-09-15 08:30:35','2022-09-15 08:30:35'),(1622,'20956','AAR Health Care-Kisumu',42,'2022-09-15 08:30:35','2022-09-15 08:30:35'),(1623,'20937','Kilimani Assessment Center',42,'2022-09-15 08:30:35','2022-09-15 08:30:35'),(1624,'20907','Miranga Dispensary',42,'2022-09-15 08:30:35','2022-09-15 08:30:35'),(1625,'20905','Maseno University AIDS Control Unit(Kisumu Town Campus)',42,'2022-09-15 08:30:35','2022-09-15 08:30:35'),(1626,'20836','St.Monica Hospital (Town Clinic)',42,'2022-09-15 08:30:35','2022-09-15 08:30:35'),(1627,'20700','Keeping alive Society Hope',42,'2022-09-15 08:30:35','2022-09-15 08:30:35'),(1628,'20666','Okana Dispensary',42,'2022-09-15 08:30:35','2022-09-15 08:30:35'),(1629,'20539','Interfelk Medical Centre',42,'2022-09-15 08:30:35','2022-09-15 08:30:35'),(1630,'20531','Koduol Reru Dispensary',42,'2022-09-15 08:30:35','2022-09-15 08:30:35'),(1631,'20524','Absalom Wangulu Dispensary',42,'2022-09-15 08:30:35','2022-09-15 08:30:35'),(1632,'20523','Tumaini DiCE Kisumu ',42,'2022-09-15 08:30:35','2022-09-15 08:30:35'),(1633,'20512','Manyatta Community Medical Clinic',42,'2022-09-15 08:30:35','2022-09-15 08:30:35'),(1634,'20503','Jaber Dispensary',42,'2022-09-15 08:30:35','2022-09-15 08:30:35'),(1635,'20501','Nyangore Dispensary',42,'2022-09-15 08:30:35','2022-09-15 08:30:35'),(1636,'20500','Nyakunguru Dispensary',42,'2022-09-15 08:30:35','2022-09-15 08:30:35'),(1637,'20398','Umbrella Health Clinic',42,'2022-09-15 08:30:35','2022-09-15 08:30:35'),(1638,'20377','Dago Jonyo Dispensary',42,'2022-09-15 08:30:35','2022-09-15 08:30:35'),(1639,'20334','Yago Community Dispensary',42,'2022-09-15 08:30:35','2022-09-15 08:30:35'),(1640,'20332','Milenye Health Centre',42,'2022-09-15 08:30:35','2022-09-15 08:30:35'),(1641,'20331','Ramula Dispensary',42,'2022-09-15 08:30:35','2022-09-15 08:30:35'),(1642,'20240','Cherwa Dispensary',42,'2022-09-15 08:30:35','2022-09-15 08:30:35'),(1643,'20221','Yoef Mediacl Clinic',42,'2022-09-15 08:30:35','2022-09-15 08:30:35'),(1644,'20209','Onyuongo Dispensary',42,'2022-09-15 08:30:35','2022-09-15 08:30:35'),(1645,'20199','Mbaka Oromo Health Centre',42,'2022-09-15 08:30:35','2022-09-15 08:30:35'),(1646,'20123','Avenue Hospital Kisumu',42,'2022-09-15 08:30:35','2022-09-15 08:30:35'),(1647,'20069','Osewre Dispensary',42,'2022-09-15 08:30:35','2022-09-15 08:30:35'),(1648,'20028','Shalom Reru Medical Clinic',42,'2022-09-15 08:30:35','2022-09-15 08:30:35'),(1649,'20024','Otieno Owala Health Centre',42,'2022-09-15 08:30:35','2022-09-15 08:30:35'),(1650,'20016','Careplus Medical Services',42,'2022-09-15 08:30:35','2022-09-15 08:30:35'),(1651,'19927','Global Providers International Clinic',42,'2022-09-15 08:30:35','2022-09-15 08:30:35'),(1652,'19897','Abundant Life Clinic',42,'2022-09-15 08:30:35','2022-09-15 08:30:35'),(1653,'19869','Police Lines Dispensary(Kisumu)',42,'2022-09-15 08:30:35','2022-09-15 08:30:35'),(1654,'19815','Agro Chemical Dispensary',42,'2022-09-15 08:30:35','2022-09-15 08:30:35'),(1655,'18969','Geva Family Health Services',42,'2022-09-15 08:30:35','2022-09-15 08:30:35'),(1656,'18867','Nyabondo Rehabilitation Centre',42,'2022-09-15 08:30:35','2022-09-15 08:30:35'),(1657,'18866','Gari Dispensary (nyakach)',42,'2022-09-15 08:30:35','2022-09-15 08:30:35'),(1658,'18865','Nyabola CDF Dispensary',42,'2022-09-15 08:30:35','2022-09-15 08:30:35'),(1659,'18800','Oren Health Centre',42,'2022-09-15 08:30:35','2022-09-15 08:30:35'),(1660,'18725','Pedo Dispensary',42,'2022-09-15 08:30:35','2022-09-15 08:30:35'),(1661,'18722','Radienya Dispensary',42,'2022-09-15 08:30:35','2022-09-15 08:30:35'),(1662,'18721','Kandaria Medical Centre',42,'2022-09-15 08:30:35','2022-09-15 08:30:35'),(1663,'18720','House of Hope Medical Centre',42,'2022-09-15 08:30:35','2022-09-15 08:30:35'),(1664,'18456','Impact Research-Tuungane (Nyando)',42,'2022-09-15 08:30:35','2022-09-15 08:30:35'),(1665,'18430','Magina Health Center',42,'2022-09-15 08:30:35','2022-09-15 08:30:35'),(1666,'18422','Oriang Kanyadwera Dispensary',42,'2022-09-15 08:30:35','2022-09-15 08:30:35'),(1667,'18421','Katolo-Manyatta Dispensary',42,'2022-09-15 08:30:35','2022-09-15 08:30:35'),(1668,'18415','The Hope Medical Centre-Awasi',42,'2022-09-15 08:30:35','2022-09-15 08:30:35'),(1669,'18414','Masaba Hospital Kisumu',42,'2022-09-15 08:30:35','2022-09-15 08:30:35'),(1670,'18338','Nehemiah International Dispensary',42,'2022-09-15 08:30:35','2022-09-15 08:30:35'),(1671,'18301','Kemri Clinic',42,'2022-09-15 08:30:35','2022-09-15 08:30:35'),(1672,'18291','Ahero Medical Centre',42,'2022-09-15 08:30:35','2022-09-15 08:30:35'),(1673,'18290','Melkasons Clinic',42,'2022-09-15 08:30:35','2022-09-15 08:30:35'),(1674,'18283','Wanganga Health Centre',42,'2022-09-15 08:30:35','2022-09-15 08:30:35'),(1675,'18250','Langi Kawino Dispensary',42,'2022-09-15 08:30:35','2022-09-15 08:30:35'),(1676,'18225','Nyaweri Deaf VCT',42,'2022-09-15 08:30:35','2022-09-15 08:30:35'),(1677,'18086','Oriang\' Alwala Dispensary',42,'2022-09-15 08:30:35','2022-09-15 08:30:35'),(1678,'17700','Stops Medical Clinic Kenya Ltd',42,'2022-09-15 08:30:35','2022-09-15 08:30:35'),(1679,'17554','K-MET Corkran Medical Clinic',42,'2022-09-15 08:30:35','2022-09-15 08:30:35'),(1680,'17553','Kisumu International Airport Dispensary',42,'2022-09-15 08:30:35','2022-09-15 08:30:35'),(1681,'17376','Victoria Sub District Hospital',42,'2022-09-15 08:30:35','2022-09-15 08:30:35'),(1682,'17175','Sunga Dispensary',42,'2022-09-15 08:30:35','2022-09-15 08:30:35'),(1683,'17174','Lwala Kadawa Health Centre',42,'2022-09-15 08:30:35','2022-09-15 08:30:35'),(1684,'17173','Onyinjo Dispensary',42,'2022-09-15 08:30:35','2022-09-15 08:30:35'),(1685,'17172','Kolenyo Health Centre',42,'2022-09-15 08:30:35','2022-09-15 08:30:35'),(1686,'17171','Kuoyo Kaila Health Centre',42,'2022-09-15 08:30:35','2022-09-15 08:30:35'),(1687,'17166','Tuungane Youth Transition Centre',42,'2022-09-15 08:30:35','2022-09-15 08:30:35'),(1688,'17121','Mama Plister Blair Health Centre',42,'2022-09-15 08:30:35','2022-09-15 08:30:35'),(1689,'17118','Holo Dispensary',42,'2022-09-15 08:30:35','2022-09-15 08:30:35'),(1690,'17111','Mashambani Health Centre',42,'2022-09-15 08:30:35','2022-09-15 08:30:35'),(1691,'17110','Koru Dispensary',42,'2022-09-15 08:30:35','2022-09-15 08:30:35'),(1692,'16882','St Jones &Ring Road Health Clinic',42,'2022-09-15 08:30:35','2022-09-15 08:30:35'),(1693,'16883','Elim Family Community Care',42,'2022-09-15 08:30:35','2022-09-15 08:30:35'),(1694,'16870','St Jane Nursing Home',42,'2022-09-15 08:30:35','2022-09-15 08:30:35'),(1695,'13719','Koru Mission Health Centre',42,'2022-09-15 08:30:35','2022-09-15 08:30:35'),(1696,'14020','Rabuor Sub county Hospital',42,'2022-09-15 08:30:35','2022-09-15 08:30:35'),(1697,'16283','Kadinda Health Centre',42,'2022-09-15 08:30:35','2022-09-15 08:30:35'),(1698,'13484','Arito Langi Health Centre',42,'2022-09-15 08:30:35','2022-09-15 08:30:35'),(1699,'16664','Usoma Health Centre',42,'2022-09-15 08:30:35','2022-09-15 08:30:35'),(1700,'13899','Nyamarimba Sub County Hospital',42,'2022-09-15 08:30:35','2022-09-15 08:30:35'),(1701,'13521','Chemelil GOK Dispensary',42,'2022-09-15 08:30:35','2022-09-15 08:30:35'),(1702,'13965','Ogen Dispensary',42,'2022-09-15 08:30:35','2022-09-15 08:30:35'),(1703,'14070','Sayyid Aysha Dispensary',42,'2022-09-15 08:30:35','2022-09-15 08:30:35'),(1704,'14129','Star Maternity & Nursing Home',42,'2022-09-15 08:30:35','2022-09-15 08:30:35'),(1705,'13939','Jaramogi Oginga Odinga Teaching & Referral Hospital',42,'2022-09-15 08:30:35','2022-09-15 08:30:35'),(1706,'13654','Kanyagwal Dispensary',42,'2022-09-15 08:30:35','2022-09-15 08:30:35'),(1707,'14040','Ratta Health Centre',42,'2022-09-15 08:30:35','2022-09-15 08:30:35'),(1708,'13464','Administration Police Dispensary (Kisumu)',42,'2022-09-15 08:30:35','2022-09-15 08:30:35'),(1709,'13487','Asat Beach Dispensary',42,'2022-09-15 08:30:35','2022-09-15 08:30:35'),(1710,'13688','Kibogo Dispensary',42,'2022-09-15 08:30:35','2022-09-15 08:30:35'),(1711,'13689','Kibos Sugar Research Dispensary',42,'2022-09-15 08:30:35','2022-09-15 08:30:35'),(1712,'13652','Kandege Dispensary',42,'2022-09-15 08:30:35','2022-09-15 08:30:35'),(1713,'13722','Kowino Dispensary',42,'2022-09-15 08:30:35','2022-09-15 08:30:35'),(1714,'13823','Mosque Dispensary',42,'2022-09-15 08:30:35','2022-09-15 08:30:35'),(1715,'13976','Olasi Dispensary (Nyando)',42,'2022-09-15 08:30:35','2022-09-15 08:30:35'),(1716,'14094','Siriba Dispensary',42,'2022-09-15 08:30:35','2022-09-15 08:30:35'),(1717,'13923','Nyangande Sub County Hospital',42,'2022-09-15 08:30:35','2022-09-15 08:30:35'),(1718,'14118','St. Mark\'s Lela Health Centre',42,'2022-09-15 08:30:35','2022-09-15 08:30:35'),(1719,'13579','GK Prisons Dispensary (Kibos)',42,'2022-09-15 08:30:35','2022-09-15 08:30:35'),(1720,'13524','Chiga Dispensary',42,'2022-09-15 08:30:35','2022-09-15 08:30:35'),(1721,'13881','Nyakach (AIC) Dispensary',42,'2022-09-15 08:30:35','2022-09-15 08:30:35'),(1722,'13687','Kibigori Health Centre',42,'2022-09-15 08:30:35','2022-09-15 08:30:35'),(1723,'13465','Aga Khan Hospital (Kisumu)',42,'2022-09-15 08:30:35','2022-09-15 08:30:35'),(1724,'13468','Ahero County Hospital',42,'2022-09-15 08:30:35','2022-09-15 08:30:35'),(1725,'13477','Anding\'o Opanga Dispensary',42,'2022-09-15 08:30:35','2022-09-15 08:30:35'),(1726,'13516','Boya Nursing Home',42,'2022-09-15 08:30:35','2022-09-15 08:30:35'),(1727,'13534','Disciples of Mercy Clinic',42,'2022-09-15 08:30:35','2022-09-15 08:30:35'),(1728,'13596','Guru Nanak Dispensary',42,'2022-09-15 08:30:35','2022-09-15 08:30:35'),(1729,'13632','Jalaram Nursing Home',42,'2022-09-15 08:30:35','2022-09-15 08:30:35'),(1730,'13657','Katito Sub County Hospital',42,'2022-09-15 08:30:35','2022-09-15 08:30:35'),(1731,'13647','Gita Sub County Hospital',42,'2022-09-15 08:30:35','2022-09-15 08:30:35'),(1732,'13637','K- Met Clinic',42,'2022-09-15 08:30:35','2022-09-15 08:30:35'),(1733,'13669','Kengen Clinic',42,'2022-09-15 08:30:35','2022-09-15 08:30:35'),(1734,'13704','Kisumu County Hospital',42,'2022-09-15 08:30:35','2022-09-15 08:30:35'),(1735,'13738','Lumumba Sub County Hospital',42,'2022-09-15 08:30:35','2022-09-15 08:30:35'),(1736,'13776','Marie Stopes Nursing Home (Kisumu)',42,'2022-09-15 08:30:35','2022-09-15 08:30:35'),(1737,'13781','Maseno Mission Hospital',42,'2022-09-15 08:30:35','2022-09-15 08:30:35'),(1738,'13810','Miranga Sub County Hospital',42,'2022-09-15 08:30:35','2022-09-15 08:30:35'),(1739,'13817','Mnara Dispensary',42,'2022-09-15 08:30:35','2022-09-15 08:30:35'),(1740,'13835','M.V Patel Medical Clinic',42,'2022-09-15 08:30:35','2022-09-15 08:30:35'),(1741,'13832','Muhoroni Sugar Company (Musco) Dispensary',42,'2022-09-15 08:30:35','2022-09-15 08:30:35'),(1742,'13856','Nightingale Medical Centre',42,'2022-09-15 08:30:35','2022-09-15 08:30:35'),(1743,'13890','Nyalunya Health Centre',42,'2022-09-15 08:30:35','2022-09-15 08:30:35'),(1744,'13921','Nyakach County Hospital',42,'2022-09-15 08:30:35','2022-09-15 08:30:35'),(1745,'13954','Ober Kamoth Sub County Hospital',42,'2022-09-15 08:30:35','2022-09-15 08:30:35'),(1746,'13956','Obumba Dispensary',42,'2022-09-15 08:30:35','2022-09-15 08:30:35'),(1747,'13977','Olps Clinic',42,'2022-09-15 08:30:35','2022-09-15 08:30:35'),(1748,'13971','Ojola Sub County Hospital',42,'2022-09-15 08:30:35','2022-09-15 08:30:35'),(1749,'14021','Rachar Sugar Belt Hospital',42,'2022-09-15 08:30:35','2022-09-15 08:30:35'),(1750,'14012','Pand Pieri Community Dispensary',42,'2022-09-15 08:30:35','2022-09-15 08:30:35'),(1751,'14017','Port Florence Hospital',42,'2022-09-15 08:30:35','2022-09-15 08:30:35'),(1752,'14027','Railways Dispensary (Kisumu)',42,'2022-09-15 08:30:35','2022-09-15 08:30:35'),(1753,'14046','Riat Dispensary',42,'2022-09-15 08:30:35','2022-09-15 08:30:35'),(1754,'14060','Rota Health Centre',42,'2022-09-15 08:30:35','2022-09-15 08:30:35'),(1755,'14086','Sigoti Health Centre',42,'2022-09-15 08:30:35','2022-09-15 08:30:35'),(1756,'14117','St Luke\'s Hospital',42,'2022-09-15 08:30:35','2022-09-15 08:30:35'),(1757,'14120','St Monica Hospital',42,'2022-09-15 08:30:35','2022-09-15 08:30:35'),(1758,'14113','St Jude\'s Clinic',42,'2022-09-15 08:30:35','2022-09-15 08:30:35'),(1759,'14127','St Vincent Clinic (Kisumu East)',42,'2022-09-15 08:30:35','2022-09-15 08:30:35'),(1760,'14105','St Consolata Clinic',42,'2022-09-15 08:30:35','2022-09-15 08:30:35'),(1761,'16282','Kasongo Dispensary',42,'2022-09-15 08:30:35','2022-09-15 08:30:35'),(1762,'16661','Dunga Nursing Home',42,'2022-09-15 08:30:35','2022-09-15 08:30:35'),(1763,'13469','Airport Health Centre',42,'2022-09-15 08:30:35','2022-09-15 08:30:35'),(1764,'13491','Awasi Mission Health Center',42,'2022-09-15 08:30:35','2022-09-15 08:30:35'),(1765,'13498','Bar Korwa Health Centre',42,'2022-09-15 08:30:35','2022-09-15 08:30:35'),(1766,'13503','Bodi Health Centre',42,'2022-09-15 08:30:35','2022-09-15 08:30:35'),(1767,'13518','Bunde Health Centre',42,'2022-09-15 08:30:35','2022-09-15 08:30:35'),(1768,'13522','Chemelil Sugar Health Centre',42,'2022-09-15 08:30:36','2022-09-15 08:30:36'),(1769,'13928','Nyang\'oma Sub county Hospital',42,'2022-09-15 08:30:36','2022-09-15 08:30:36'),(1770,'13759','Makindu Dispensary',42,'2022-09-15 08:30:36','2022-09-15 08:30:36'),(1771,'13831','Muhoroni County Hospital',42,'2022-09-15 08:30:36','2022-09-15 08:30:36'),(1772,'13785','Masogo Sub County Hospital',42,'2022-09-15 08:30:36','2022-09-15 08:30:36'),(1773,'13609','Hongo Ogosa Health Centre',42,'2022-09-15 08:30:36','2022-09-15 08:30:36'),(1774,'13694','Kinasia Health Centre',42,'2022-09-15 08:30:36','2022-09-15 08:30:36'),(1775,'13709','Kodiaga Prison Health Centre',42,'2022-09-15 08:30:36','2022-09-15 08:30:36'),(1776,'13808','Milimani Hospital',42,'2022-09-15 08:30:36','2022-09-15 08:30:36'),(1777,'13727','Kodingo Health Centre',42,'2022-09-15 08:30:36','2022-09-15 08:30:36'),(1778,'13782','Maseno University Health centre',42,'2022-09-15 08:30:36','2022-09-15 08:30:36'),(1779,'13816','Miwani Health Centre',42,'2022-09-15 08:30:36','2022-09-15 08:30:36'),(1780,'13884','Nyakongo health Centre',42,'2022-09-15 08:30:36','2022-09-15 08:30:36'),(1781,'13887','Nyalenda Health Centre',42,'2022-09-15 08:30:36','2022-09-15 08:30:36'),(1782,'13968','Ogra Health Centre',42,'2022-09-15 08:30:36','2022-09-15 08:30:36'),(1783,'14066','Sango Rota Health centre',42,'2022-09-15 08:30:36','2022-09-15 08:30:36'),(1784,'14088','Simba Opepo Health Centre',42,'2022-09-15 08:30:36','2022-09-15 08:30:36'),(1785,'14104','St Clare Bolo Health Centre',42,'2022-09-15 08:30:36','2022-09-15 08:30:36'),(1786,'14106','St Elizabeth Chiga Health Centre',42,'2022-09-15 08:30:36','2022-09-15 08:30:36'),(1787,'14128','St Vincents De Paul Health Centre',42,'2022-09-15 08:30:36','2022-09-15 08:30:36'),(1788,'14141','Tamu Health Centre',42,'2022-09-15 08:30:36','2022-09-15 08:30:36'),(1789,'13864','Nyabondo Mission Hospital',42,'2022-09-15 08:30:36','2022-09-15 08:30:36'),(1790,'14057','Rodi Health Centre',42,'2022-09-15 08:30:36','2022-09-15 08:30:36'),(1791,'13880','Nyahera Sub Sub County Hospital',42,'2022-09-15 08:30:36','2022-09-15 08:30:36'),(1792,'13848','Nduru Kadero Health Centre',42,'2022-09-15 08:30:36','2022-09-15 08:30:36'),(1793,'13990','Opapla Health Centre',42,'2022-09-15 08:30:36','2022-09-15 08:30:36'),(1794,'13714','Kombewa County  Referral Hospital',42,'2022-09-15 08:30:36','2022-09-15 08:30:36'),(1795,'13490','Avenue Health Care Clinic',42,'2022-09-15 08:30:36','2022-09-15 08:30:36'),(1796,'13520','Central Clinic (Kisumu East)',42,'2022-09-15 08:30:36','2022-09-15 08:30:36'),(1797,'13552','Family Health Options Kenya (FHOK) Dispensary',42,'2022-09-15 08:30:36','2022-09-15 08:30:36'),(1798,'13829','MTC Clinic (Kisumu)',42,'2022-09-15 08:30:36','2022-09-15 08:30:36'),(1799,'16662','Lvct Health-Tivoli',42,'2022-09-15 08:30:36','2022-09-15 08:30:36'),(1800,'16663','Impact Healthcare Services',42,'2022-09-15 08:30:36','2022-09-15 08:30:36'),(1801,'13591','Got Nyabondo Health Centre',42,'2022-09-15 08:30:36','2022-09-15 08:30:36'),(1802,'13528','Chulaimbo County Hospital',42,'2022-09-15 08:30:36','2022-09-15 08:30:36'),(1803,'13807','Migosi Sub County Hospital',42,'2022-09-15 08:30:36','2022-09-15 08:30:36'),(1804,'13586','Gods Will Clinic',42,'2022-09-15 08:30:36','2022-09-15 08:30:36'),(1805,'13770','Manyuanda Sub county Hospital',42,'2022-09-15 08:30:36','2022-09-15 08:30:36'),(1806,'13720','Korwenje Dispensary',42,'2022-09-15 08:30:36','2022-09-15 08:30:36'),(1807,'14096','Sondu Sub County Hospital',42,'2022-09-15 08:30:36','2022-09-15 08:30:36'),(1808,'14024','Rae Dispensary',42,'2022-09-15 08:30:36','2022-09-15 08:30:36'),(1809,'13506','Bonde Dispensary',42,'2022-09-15 08:30:36','2022-09-15 08:30:36'),(1810,'13955','Oboch Dispensary',42,'2022-09-15 08:30:36','2022-09-15 08:30:36'),(1811,'29665','Elrapha Medical Clinic',44,'2022-09-15 08:36:02','2022-09-15 08:36:02'),(1812,'29626','Royal Dental Clinic (Migori)',44,'2022-09-15 08:36:02','2022-09-15 08:36:02'),(1813,'29349','Kuria West Family Hospital',44,'2022-09-15 08:36:02','2022-09-15 08:36:02'),(1814,'29350','Mellyvan Hospital',44,'2022-09-15 08:36:02','2022-09-15 08:36:02'),(1815,'29154','Ciral Medical Centre- Rongo',44,'2022-09-15 08:36:02','2022-09-15 08:36:02'),(1816,'28942','Mamo Hospital',44,'2022-09-15 08:36:02','2022-09-15 08:36:02'),(1817,'28427','ST. Roberts Mother & Child Hospital',44,'2022-09-15 08:36:02','2022-09-15 08:36:02'),(1818,'28099','Magdak Maternity and Nursing Home',44,'2022-09-15 08:36:02','2022-09-15 08:36:02'),(1819,'27931','Nyabikongori Medical centre',44,'2022-09-15 08:36:02','2022-09-15 08:36:02'),(1820,'27898','Lion of Judah Medical Centre',44,'2022-09-15 08:36:02','2022-09-15 08:36:02'),(1821,'27680','Mama Abigael Smart Clinic',44,'2022-09-15 08:36:02','2022-09-15 08:36:02'),(1822,'27384','Frontal Medical Center-Othoo Limited',44,'2022-09-15 08:36:02','2022-09-15 08:36:02'),(1823,'27226','Yahweh Medical Centre',44,'2022-09-15 08:36:02','2022-09-15 08:36:02'),(1824,'27115','The Aga Khan Health Services- Migori',44,'2022-09-15 08:36:02','2022-09-15 08:36:02'),(1825,'27112','DALA MEDICAL CENTRE',44,'2022-09-15 08:36:02','2022-09-15 08:36:02'),(1826,'27114','PAMS DENTAL CARE',44,'2022-09-15 08:36:02','2022-09-15 08:36:02'),(1827,'26960','St Mary Kachungo Best Medical Clinic',44,'2022-09-15 08:36:02','2022-09-15 08:36:02'),(1828,'26959','Masco Nursing Home',44,'2022-09-15 08:36:02','2022-09-15 08:36:02'),(1829,'26961','Moheto United Methodist Mission Health Centre',44,'2022-09-15 08:36:02','2022-09-15 08:36:02'),(1830,'26945','Neoglobal Medicare Hospital',44,'2022-09-15 08:36:02','2022-09-15 08:36:02'),(1831,'26889','LifeCare Hospital Migori',44,'2022-09-15 08:36:02','2022-09-15 08:36:02'),(1832,'26886','Almond Community Hospital Ltd',44,'2022-09-15 08:36:02','2022-09-15 08:36:02'),(1833,'26712','Raguda Healthcare Medical Clinic',44,'2022-09-15 08:36:02','2022-09-15 08:36:02'),(1834,'26723','Msamwema Medical Centre',44,'2022-09-15 08:36:02','2022-09-15 08:36:02'),(1835,'26363','Ntimaru Medicare Services',44,'2022-09-15 08:36:02','2022-09-15 08:36:02'),(1836,'26236','Riosiri Centre Medical Clinic-Rongo',44,'2022-09-15 08:36:02','2022-09-15 08:36:02'),(1837,'26187','Nyamanga Dispensary(Nyatike)',44,'2022-09-15 08:36:02','2022-09-15 08:36:02'),(1838,'26174','Kokuro Dispensary',44,'2022-09-15 08:36:02','2022-09-15 08:36:02'),(1839,'25835','Aego Sagenya Dispensary',44,'2022-09-15 08:36:02','2022-09-15 08:36:02'),(1840,'25954','Nyamanga Nyaliande',44,'2022-09-15 08:36:02','2022-09-15 08:36:02'),(1841,'25592','Jamii Dental Clinic- Rongo',44,'2022-09-15 08:36:02','2022-09-15 08:36:02'),(1842,'25661','Heroes',44,'2022-09-15 08:36:02','2022-09-15 08:36:02'),(1843,'25519','Apilo Dispensary',44,'2022-09-15 08:36:02','2022-09-15 08:36:02'),(1844,'25487','BOMA MEDICARE LIMITED',44,'2022-09-15 08:36:02','2022-09-15 08:36:02'),(1845,'25486','JABAH MEDICAL CENTRE',44,'2022-09-15 08:36:02','2022-09-15 08:36:02'),(1846,'25244','Lifescope Medical Center',44,'2022-09-15 08:36:02','2022-09-15 08:36:02'),(1847,'25182','Rae Kondiala Dispensary',44,'2022-09-15 08:36:02','2022-09-15 08:36:02'),(1848,'25175','Koringo  Dispensary',44,'2022-09-15 08:36:02','2022-09-15 08:36:02'),(1849,'25136','Getong\'anya Dispensary',44,'2022-09-15 08:36:02','2022-09-15 08:36:02'),(1850,'25039','St. Marcella Medical Clinic',44,'2022-09-15 08:36:02','2022-09-15 08:36:02'),(1851,'25018','PASLING MEDICAL CENTRE',44,'2022-09-15 08:36:02','2022-09-15 08:36:02'),(1852,'25017','Hashi Medical Centre Limited (Migori)',44,'2022-09-15 08:36:02','2022-09-15 08:36:02'),(1853,'24983','BNM',44,'2022-09-15 08:36:02','2022-09-15 08:36:02'),(1854,'24982','Nioyani Memorial Hospita',44,'2022-09-15 08:36:02','2022-09-15 08:36:02'),(1855,'24939','Ladopharma Medical Centre-Masara LTD',44,'2022-09-15 08:36:02','2022-09-15 08:36:02'),(1856,'24938','Ladopharma Nursing Home Ltd-Rongo',44,'2022-09-15 08:36:02','2022-09-15 08:36:02'),(1857,'24908','Star Heal Medical Clinic',44,'2022-09-15 08:36:02','2022-09-15 08:36:02'),(1858,'24866','Nyamase Medical Centre',44,'2022-09-15 08:36:02','2022-09-15 08:36:02'),(1859,'24867','Omulo Dispensary',44,'2022-09-15 08:36:02','2022-09-15 08:36:02'),(1860,'24793','Enockhan Hospital',44,'2022-09-15 08:36:02','2022-09-15 08:36:02'),(1861,'24770','Relyne Medical Centre',44,'2022-09-15 08:36:02','2022-09-15 08:36:02'),(1862,'24788','Ungoe Community Medical and Dental Clinc',44,'2022-09-15 08:36:02','2022-09-15 08:36:02'),(1863,'24650','Nyarangi Medical Centre',44,'2022-09-15 08:36:02','2022-09-15 08:36:02'),(1864,'24648','Nyabohanse Medical Centre',44,'2022-09-15 08:36:02','2022-09-15 08:36:02'),(1865,'24609','Lera Medical Clinic',44,'2022-09-15 08:36:02','2022-09-15 08:36:02'),(1866,'24571','Maroatora Nursing Home',44,'2022-09-15 08:36:02','2022-09-15 08:36:02'),(1867,'24541','Oasis Health Sirare Medical Centre',44,'2022-09-15 08:36:02','2022-09-15 08:36:02'),(1868,'24534','ZIDKIJAH Medical Center',44,'2022-09-15 08:36:02','2022-09-15 08:36:02'),(1869,'24469','ZILPHAT MEDICAL CLINIC',44,'2022-09-15 08:36:02','2022-09-15 08:36:02'),(1870,'24448','Ntimaru Milimani Health Clinic',44,'2022-09-15 08:36:02','2022-09-15 08:36:02'),(1871,'24373','Mother Flora Medical Centre.',44,'2022-09-15 08:36:02','2022-09-15 08:36:02'),(1872,'24341','Migingo Island Clinic',44,'2022-09-15 08:36:02','2022-09-15 08:36:02'),(1873,'24297','OVI Children\' Hospital',44,'2022-09-15 08:36:02','2022-09-15 08:36:02'),(1874,'24287','Mabera Maternity & Nu',44,'2022-09-15 08:36:02','2022-09-15 08:36:02'),(1875,'24286','Medforce Medical Centre',44,'2022-09-15 08:36:02','2022-09-15 08:36:02'),(1876,'24285','St. Nkiria Medical Centre',44,'2022-09-15 08:36:02','2022-09-15 08:36:02'),(1877,'24282','Got Orango Dispensary',44,'2022-09-15 08:36:02','2022-09-15 08:36:02'),(1878,'24279','Kings Nursing & Maternity Home',44,'2022-09-15 08:36:02','2022-09-15 08:36:02'),(1879,'24267','Sare family medical centre',44,'2022-09-15 08:36:02','2022-09-15 08:36:02'),(1880,'24235','Wima Hospital',44,'2022-09-15 08:36:02','2022-09-15 08:36:02'),(1881,'24221','Getende Nursing Home',44,'2022-09-15 08:36:02','2022-09-15 08:36:02'),(1882,'24220','Satelite Blood Transfusion centre Migori',44,'2022-09-15 08:36:02','2022-09-15 08:36:02'),(1883,'24005','Tudor Healthcare Rongo',44,'2022-09-15 08:36:02','2022-09-15 08:36:02'),(1884,'23988','St Askad Medical clinic',44,'2022-09-15 08:36:02','2022-09-15 08:36:02'),(1885,'23975','Ranen ochuna medical centre',44,'2022-09-15 08:36:02','2022-09-15 08:36:02'),(1886,'23962','Delta Medical migori',44,'2022-09-15 08:36:02','2022-09-15 08:36:02'),(1887,'23944','Emalia Community Health Center',44,'2022-09-15 08:36:02','2022-09-15 08:36:02'),(1888,'23888','Rongo Bahati Medical Centre',44,'2022-09-15 08:36:02','2022-09-15 08:36:02'),(1889,'23782','New Life Medical Center',44,'2022-09-15 08:36:02','2022-09-15 08:36:02'),(1890,'23769','Motongori Medical Center',44,'2022-09-15 08:36:02','2022-09-15 08:36:02'),(1891,'23761','Hoplan Medical Center',44,'2022-09-15 08:36:02','2022-09-15 08:36:02'),(1892,'23755','NEOCARE MEMORIAL HOSPITAL',44,'2022-09-15 08:36:02','2022-09-15 08:36:02'),(1893,'23674','Sori Lakeside Hospital Annex-Nyatike',44,'2022-09-15 08:36:02','2022-09-15 08:36:02'),(1894,'23665','Ladopharma Medical Centre-Annex Rongo',44,'2022-09-15 08:36:02','2022-09-15 08:36:02'),(1895,'23586','Frontal Nursing Home',44,'2022-09-15 08:36:02','2022-09-15 08:36:02'),(1896,'23526','Shivling Medical Centre',44,'2022-09-15 08:36:02','2022-09-15 08:36:02'),(1897,'23511','Ikerege Medical Center',44,'2022-09-15 08:36:02','2022-09-15 08:36:02'),(1898,'23290','St. Paul\'s Dawa Medical clinic',44,'2022-09-15 08:36:02','2022-09-15 08:36:02'),(1899,'22987','Nyamagongwe Dispensary',44,'2022-09-15 08:36:02','2022-09-15 08:36:02'),(1900,'22986','Kitbul Dispensary',44,'2022-09-15 08:36:02','2022-09-15 08:36:02'),(1901,'22985','Kopanga Dispensary (GOK)',44,'2022-09-15 08:36:02','2022-09-15 08:36:02'),(1902,'22984','Nyamekoma Dispensary',44,'2022-09-15 08:36:02','2022-09-15 08:36:02'),(1903,'22981','Taragwiti Dispensary',44,'2022-09-15 08:36:02','2022-09-15 08:36:02'),(1904,'22980','Kangeso Dispensary',44,'2022-09-15 08:36:02','2022-09-15 08:36:02'),(1905,'22975','Angogo dispensary',44,'2022-09-15 08:36:02','2022-09-15 08:36:02'),(1906,'22974','Bonde Dispensary (Awendo)',44,'2022-09-15 08:36:02','2022-09-15 08:36:02'),(1907,'21467','Mothersolbrit Nursing Home',44,'2022-09-15 08:36:02','2022-09-15 08:36:02'),(1908,'22883','St. Akidiva Mindira Clinic - Isibania',44,'2022-09-15 08:36:02','2022-09-15 08:36:02'),(1909,'22348','Nyamage Dispensary',44,'2022-09-15 08:36:02','2022-09-15 08:36:02'),(1910,'22320','Lenmek Hospital Rongo Annex',44,'2022-09-15 08:36:02','2022-09-15 08:36:02'),(1911,'22121','Nyaroha Dispensary',44,'2022-09-15 08:36:02','2022-09-15 08:36:02'),(1912,'22113','Maeta Dispensary',44,'2022-09-15 08:36:02','2022-09-15 08:36:02'),(1913,'22110','Nyamagongwi Dispensary',44,'2022-09-15 08:36:02','2022-09-15 08:36:02'),(1914,'22093','Oruba Dispensary',44,'2022-09-15 08:36:02','2022-09-15 08:36:02'),(1915,'22092','Magacha Dispensary',44,'2022-09-15 08:36:02','2022-09-15 08:36:02'),(1916,'22045','Alliance community medical centre',44,'2022-09-15 08:36:02','2022-09-15 08:36:02'),(1917,'21931','Medlink Clinic',44,'2022-09-15 08:36:02','2022-09-15 08:36:02'),(1918,'21776','Beyond Zero Clinic',44,'2022-09-15 08:36:02','2022-09-15 08:36:02'),(1919,'21707','Liza Medical clinic',44,'2022-09-15 08:36:02','2022-09-15 08:36:02'),(1920,'21427','Samjomen Hospital',44,'2022-09-15 08:36:02','2022-09-15 08:36:02'),(1921,'21424','Robarisia Dispensary',44,'2022-09-15 08:36:02','2022-09-15 08:36:02'),(1922,'21423','Border View Medical Clinic',44,'2022-09-15 08:36:02','2022-09-15 08:36:02'),(1923,'21411','Kamsaki Dispensary',44,'2022-09-15 08:36:02','2022-09-15 08:36:02'),(1924,'21395','Kanga Onditi Dispensary',44,'2022-09-15 08:36:02','2022-09-15 08:36:02'),(1925,'21193','Bondo Dispensary',44,'2022-09-15 08:36:02','2022-09-15 08:36:02'),(1926,'21192','Nyamilu Dispensary',44,'2022-09-15 08:36:02','2022-09-15 08:36:02'),(1927,'21191','Masaria Dispensary',44,'2022-09-15 08:36:02','2022-09-15 08:36:02'),(1928,'21174','Doctors Worldwide Tembo Medical Centre',44,'2022-09-15 08:36:02','2022-09-15 08:36:02'),(1929,'21157','Kogelo Oasis Medical Clinic',44,'2022-09-15 08:36:02','2022-09-15 08:36:02'),(1930,'21138','P&D Health Clinic Ulanda',44,'2022-09-15 08:36:02','2022-09-15 08:36:02'),(1931,'21129','Oasis Care Centre Andapol Clinic Awendo',44,'2022-09-15 08:36:02','2022-09-15 08:36:02'),(1932,'21104','Tiba Medical Center',44,'2022-09-15 08:36:02','2022-09-15 08:36:02'),(1933,'21103','Akidiva Kehancha Outpatient Clinic',44,'2022-09-15 08:36:02','2022-09-15 08:36:02'),(1934,'21102','Kohanga Dispensary',44,'2022-09-15 08:36:02','2022-09-15 08:36:02'),(1935,'21101','Nyankore Health Center',44,'2022-09-15 08:36:02','2022-09-15 08:36:02'),(1936,'20960','Ogongo Community Dispensary',44,'2022-09-15 08:36:02','2022-09-15 08:36:02'),(1937,'20959','Gosebe Dispensary',44,'2022-09-15 08:36:02','2022-09-15 08:36:02'),(1938,'20647','Rongo University Medical Center',44,'2022-09-15 08:36:02','2022-09-15 08:36:02'),(1939,'20570','Muhuru Bay VCT Centre (Nyarami)',44,'2022-09-15 08:36:02','2022-09-15 08:36:02'),(1940,'20568','Obware Dispensary',44,'2022-09-15 08:36:02','2022-09-15 08:36:02'),(1941,'20479','Adoma Medical Clinic',44,'2022-09-15 08:36:02','2022-09-15 08:36:02'),(1942,'20385','Lwala Nyarago Dispensary',44,'2022-09-15 08:36:02','2022-09-15 08:36:02'),(1943,'20384','LELA Dispensary',44,'2022-09-15 08:36:02','2022-09-15 08:36:02'),(1944,'20247','Kemakoba Dispensary',44,'2022-09-15 08:36:02','2022-09-15 08:36:02'),(1945,'20228','Ladopharma Medical Center',44,'2022-09-15 08:36:02','2022-09-15 08:36:02'),(1946,'20200','Metropolitan Medical Clinic - Kehancha',44,'2022-09-15 08:36:02','2022-09-15 08:36:02'),(1947,'20198','Ntunyigi Medical Clinic',44,'2022-09-15 08:36:02','2022-09-15 08:36:02'),(1948,'20134','Kochola Dispensary',44,'2022-09-15 08:36:02','2022-09-15 08:36:02'),(1949,'20094','Kuira District Disability Network Kuria - Isebania HTC Center',44,'2022-09-15 08:36:02','2022-09-15 08:36:02'),(1950,'20093','Hekima HTC Center',44,'2022-09-15 08:36:02','2022-09-15 08:36:02'),(1951,'20075','Nyasoko Dispensary',44,'2022-09-15 08:36:02','2022-09-15 08:36:02'),(1952,'20074','Wangiya Dispensary',44,'2022-09-15 08:36:02','2022-09-15 08:36:02'),(1953,'20073','Thim Jope Dispensary',44,'2022-09-15 08:36:02','2022-09-15 08:36:02'),(1954,'20051','Oasis Doctors Plaza Medical Centre (Migori)',44,'2022-09-15 08:36:02','2022-09-15 08:36:02'),(1955,'20020','St Akidiva Mindira Hospital - Mabera',44,'2022-09-15 08:36:02','2022-09-15 08:36:02'),(1956,'20019','Isbania Prevention Centre',44,'2022-09-15 08:36:02','2022-09-15 08:36:02'),(1957,'20012','Mama Nursing Home',44,'2022-09-15 08:36:02','2022-09-15 08:36:02'),(1958,'19930','DICE Clinic Muhuru',44,'2022-09-15 08:36:02','2022-09-15 08:36:02'),(1959,'19929','DICE Clinic Karungu',44,'2022-09-15 08:36:02','2022-09-15 08:36:02'),(1960,'19928','Got Kachola Dispensary',44,'2022-09-15 08:36:02','2022-09-15 08:36:02'),(1961,'18898','Ladopharma Medical Centre',44,'2022-09-15 08:36:02','2022-09-15 08:36:02'),(1962,'18897','LVCT Dice Clinic Migori',44,'2022-09-15 08:36:02','2022-09-15 08:36:02'),(1963,'18503','Tuungane Centre Awendo',44,'2022-09-15 08:36:02','2022-09-15 08:36:02'),(1964,'18068','Rosewood Nursing Home',44,'2022-09-15 08:36:02','2022-09-15 08:36:02'),(1965,'18067','Alpha Community Health Clinic (Migori)',44,'2022-09-15 08:36:02','2022-09-15 08:36:02'),(1966,'18053','Suba medical center',44,'2022-09-15 08:36:02','2022-09-15 08:36:02'),(1967,'18052','Nyikendo Medical Clinic',44,'2022-09-15 08:36:02','2022-09-15 08:36:02'),(1968,'17738','Nyarami VCT',44,'2022-09-15 08:36:02','2022-09-15 08:36:02'),(1969,'17737','Migori Health Station Clinic',44,'2022-09-15 08:36:02','2022-09-15 08:36:02'),(1970,'17733','Bahati Medical Clinic Migori',44,'2022-09-15 08:36:02','2022-09-15 08:36:02'),(1971,'17731','Brase Clinic and Eye Centre',44,'2022-09-15 08:36:02','2022-09-15 08:36:02'),(1972,'17728','GK Prison Dispensary (Migori)',44,'2022-09-15 08:36:02','2022-09-15 08:36:02'),(1973,'17607','Ombo Bita Dispensary',44,'2022-09-15 08:36:02','2022-09-15 08:36:02'),(1974,'17345','Ndege Oriedo Dispensary',44,'2022-09-15 08:36:02','2022-09-15 08:36:02'),(1975,'17344','Kolwal Dispensary',44,'2022-09-15 08:36:02','2022-09-15 08:36:02'),(1976,'17343','Piny Owacho Dispensary',44,'2022-09-15 08:36:02','2022-09-15 08:36:02'),(1977,'17342','Midida Dispensary',44,'2022-09-15 08:36:02','2022-09-15 08:36:02'),(1978,'17341','Kitere  Health Centre',44,'2022-09-15 08:36:02','2022-09-15 08:36:02'),(1979,'17052','Ng\'ong\'a Dispensary',44,'2022-09-15 08:36:02','2022-09-15 08:36:02'),(1980,'17051','Siruti Dispensary',44,'2022-09-15 08:36:02','2022-09-15 08:36:02'),(1981,'17050','Angaga Dispensary',44,'2022-09-15 08:36:02','2022-09-15 08:36:02'),(1982,'17039','Ombo Kowiti Dispensary',44,'2022-09-15 08:36:02','2022-09-15 08:36:02'),(1983,'17038','Koloo Dispensary',44,'2022-09-15 08:36:02','2022-09-15 08:36:02'),(1984,'13744','Macalder Mission Dispensary',44,'2022-09-15 08:36:02','2022-09-15 08:36:02'),(1985,'14061','Royal Medical Hospital and Maternity Home Limited',44,'2022-09-15 08:36:02','2022-09-15 08:36:02'),(1986,'16721','Mogori-Komasimo Health Centre',44,'2022-09-15 08:36:02','2022-09-15 08:36:02'),(1987,'13494','Bande Dispensary',44,'2022-09-15 08:36:02','2022-09-15 08:36:02'),(1988,'13718','Kopanga Dispensary (CHAK)',44,'2022-09-15 08:36:02','2022-09-15 08:36:02'),(1989,'13741','Lwanda Dispensary',44,'2022-09-15 08:36:02','2022-09-15 08:36:02'),(1990,'13716','Komosoko Dispensary',44,'2022-09-15 08:36:02','2022-09-15 08:36:02'),(1991,'13736','Luciel Dispensary',44,'2022-09-15 08:36:02','2022-09-15 08:36:02'),(1992,'13713','Kombe Dispensary',44,'2022-09-15 08:36:02','2022-09-15 08:36:02'),(1993,'13715','Komomange Dispensary',44,'2022-09-15 08:36:02','2022-09-15 08:36:02'),(1994,'13830','Muchebe Dispensary',44,'2022-09-15 08:36:02','2022-09-15 08:36:02'),(1995,'13862','Nyabokarange Dispensary',44,'2022-09-15 08:36:02','2022-09-15 08:36:02'),(1996,'13844','Ndiwa Dispensary',44,'2022-09-15 08:36:02','2022-09-15 08:36:02'),(1997,'13824','Motemorabu Dispensary',44,'2022-09-15 08:36:02','2022-09-15 08:36:02'),(1998,'13859','Nyabikaye Dispensary',44,'2022-09-15 08:36:02','2022-09-15 08:36:02'),(1999,'13885','Nyakuru Dispensary',44,'2022-09-15 08:36:02','2022-09-15 08:36:02'),(2000,'13941','Nyasese Dispensary',44,'2022-09-15 08:36:02','2022-09-15 08:36:02'),(2001,'13940','Nyarongi Dispensary',44,'2022-09-15 08:36:02','2022-09-15 08:36:02'),(2002,'13996','Osingo Dispensary',44,'2022-09-15 08:36:02','2022-09-15 08:36:02'),(2003,'13998','Otacho Dispensary',44,'2022-09-15 08:36:02','2022-09-15 08:36:02'),(2004,'13988','Ongito Dispensary',44,'2022-09-15 08:36:02','2022-09-15 08:36:02'),(2005,'14019','Rabondo Dispensary',44,'2022-09-15 08:36:02','2022-09-15 08:36:02'),(2006,'14032','Ranen (SDA) Dispensary',44,'2022-09-15 08:36:02','2022-09-15 08:36:02'),(2007,'14001','Othoch Rakuom Dispensary',44,'2022-09-15 08:36:02','2022-09-15 08:36:02'),(2008,'14008','Oyani (SDA) Dispensary',44,'2022-09-15 08:36:02','2022-09-15 08:36:02'),(2009,'14082','Sibuoche Dispensary',44,'2022-09-15 08:36:02','2022-09-15 08:36:02'),(2010,'14157','Ulanda Dispensary',44,'2022-09-15 08:36:02','2022-09-15 08:36:02'),(2011,'16268','Diruma Dispensary',44,'2022-09-15 08:36:02','2022-09-15 08:36:02'),(2012,'16269','Kipingi Dispensary',44,'2022-09-15 08:36:02','2022-09-15 08:36:02'),(2013,'16277','Ondong Dispensary',44,'2022-09-15 08:36:02','2022-09-15 08:36:02'),(2014,'16275','Nyakurungoto Dispensary',44,'2022-09-15 08:36:02','2022-09-15 08:36:02'),(2015,'16273','Namba Kodero Dispensary',44,'2022-09-15 08:36:02','2022-09-15 08:36:02'),(2016,'16272','Mugabo Dispensary',44,'2022-09-15 08:36:02','2022-09-15 08:36:02'),(2017,'16270','Kombato Dispensary',44,'2022-09-15 08:36:02','2022-09-15 08:36:02'),(2018,'16279','Yago Dispensary',44,'2022-09-15 08:36:02','2022-09-15 08:36:02'),(2019,'14101','St Akidiva Memorial Hospital',44,'2022-09-15 08:36:02','2022-09-15 08:36:02'),(2020,'13582','God Jope Dispensary',44,'2022-09-15 08:36:02','2022-09-15 08:36:02'),(2021,'13571','Getontira Clinic',44,'2022-09-15 08:36:02','2022-09-15 08:36:02'),(2022,'13619','Iraha Dispensary',44,'2022-09-15 08:36:02','2022-09-15 08:36:02'),(2023,'13656','Karungu Sub-County Hospital',44,'2022-09-15 08:36:02','2022-09-15 08:36:02'),(2024,'13615','Ikerege Clinic',44,'2022-09-15 08:36:02','2022-09-15 08:36:02'),(2025,'13610','Huduma Clinic',44,'2022-09-15 08:36:02','2022-09-15 08:36:02'),(2026,'13635','Jevros Clinic',44,'2022-09-15 08:36:02','2022-09-15 08:36:02'),(2027,'13665','Kehancha Nursing and Maternity Home',44,'2022-09-15 08:36:02','2022-09-15 08:36:02'),(2028,'13640','Kadem Tb & Leprosy Dispensary',44,'2022-09-15 08:36:02','2022-09-15 08:36:02'),(2029,'13664','Kehancha Clinic',44,'2022-09-15 08:36:02','2022-09-15 08:36:02'),(2030,'13706','Kituka Dispensary',44,'2022-09-15 08:36:02','2022-09-15 08:36:02'),(2031,'13740','Lwala Community Hospital',44,'2022-09-15 08:36:02','2022-09-15 08:36:02'),(2032,'13724','Kuja Dispensary',44,'2022-09-15 08:36:02','2022-09-15 08:36:02'),(2033,'13729','Kwoyo Kodalo Dispensary',44,'2022-09-15 08:36:02','2022-09-15 08:36:02'),(2034,'13762','Mama Caro Clinic',44,'2022-09-15 08:36:02','2022-09-15 08:36:02'),(2035,'13775','Marie Stopes Clinic (Migori)',44,'2022-09-15 08:36:02','2022-09-15 08:36:02'),(2036,'13778','Mariwa Health Centre',44,'2022-09-15 08:36:02','2022-09-15 08:36:02'),(2037,'13804','Midoti Dispensary',44,'2022-09-15 08:36:02','2022-09-15 08:36:02'),(2038,'13806','Migori T T C Dispensary',44,'2022-09-15 08:36:02','2022-09-15 08:36:02'),(2039,'13793','Matoso Health Clinic',44,'2022-09-15 08:36:02','2022-09-15 08:36:02'),(2040,'13900','Nyamasare Dispensary',44,'2022-09-15 08:36:02','2022-09-15 08:36:02'),(2041,'13919','Nyandago Koweru Dispensary',44,'2022-09-15 08:36:02','2022-09-15 08:36:02'),(2042,'13959','Ochuna Dispensary',44,'2022-09-15 08:36:02','2022-09-15 08:36:02'),(2043,'14014','Pastor Machage Memorial Hospital',44,'2022-09-15 08:36:02','2022-09-15 08:36:02'),(2044,'14003','Othoro Sub County Hospital',44,'2022-09-15 08:36:02','2022-09-15 08:36:02'),(2045,'14047','Riat Dispensary (Migori)',44,'2022-09-15 08:36:02','2022-09-15 08:36:02'),(2046,'14069','Saro Dispensary',44,'2022-09-15 08:36:02','2022-09-15 08:36:02'),(2047,'14098','Sori Lakeside Nursing and Maternity Home',44,'2022-09-15 08:36:02','2022-09-15 08:36:02'),(2048,'14103','St Camillus Mission Hospital',44,'2022-09-15 08:36:02','2022-09-15 08:36:02'),(2049,'14121','St Monica Rapogi Hospital',44,'2022-09-15 08:36:02','2022-09-15 08:36:02'),(2050,'14144','Taranganya Dispensary',44,'2022-09-15 08:36:02','2022-09-15 08:36:02'),(2051,'14173','Winjo Dispensary',44,'2022-09-15 08:36:02','2022-09-15 08:36:02'),(2052,'14097','Sony Medical Centre',44,'2022-09-15 08:36:02','2022-09-15 08:36:02'),(2053,'13517','Bugumbe Health Centre',44,'2022-09-15 08:36:02','2022-09-15 08:36:02'),(2054,'13532','Dede Health Centre',44,'2022-09-15 08:36:02','2022-09-15 08:36:02'),(2055,'13833','Muhuru Sub-County Hospital',44,'2022-09-15 08:36:02','2022-09-15 08:36:02'),(2056,'14102','Regaol Barnabas Medical Centre',44,'2022-09-15 08:36:02','2022-09-15 08:36:02'),(2057,'13624','Isibania Mission Health Centre',44,'2022-09-15 08:36:02','2022-09-15 08:36:02'),(2058,'13779','Masaba Health Centre',44,'2022-09-15 08:36:02','2022-09-15 08:36:02'),(2059,'13927','Nyangoge Health Centre',44,'2022-09-15 08:36:02','2022-09-15 08:36:02'),(2060,'13969','Ogwedhi Health Centre',44,'2022-09-15 08:36:02','2022-09-15 08:36:02'),(2061,'13997','Osogo Dispensary',44,'2022-09-15 08:36:02','2022-09-15 08:36:02'),(2062,'14043','Reusse Troyer Health Centre',44,'2022-09-15 08:36:02','2022-09-15 08:36:02'),(2063,'13745','Macalder Sub-County Hospital',44,'2022-09-15 08:36:02','2022-09-15 08:36:02'),(2064,'14114','St Kizito Health Centre',44,'2022-09-15 08:36:02','2022-09-15 08:36:02'),(2065,'14166','Verna Health Centre',44,'2022-09-15 08:36:02','2022-09-15 08:36:02'),(2066,'13975','Olasi Dispensary',44,'2022-09-15 08:36:02','2022-09-15 08:36:02'),(2067,'13467','Agenga Dispensary',44,'2022-09-15 08:36:02','2022-09-15 08:36:02'),(2068,'13512','Border Clinic',44,'2022-09-15 08:36:02','2022-09-15 08:36:02'),(2069,'13763','Mama Fridah Clinic',44,'2022-09-15 08:36:02','2022-09-15 08:36:02'),(2070,'16260','St Agnes Clinic',44,'2022-09-15 08:36:02','2022-09-15 08:36:02'),(2071,'16261','Moshi Clinic',44,'2022-09-15 08:36:02','2022-09-15 08:36:02'),(2072,'16262','Victoria Clinic',44,'2022-09-15 08:36:02','2022-09-15 08:36:02'),(2073,'13907','Nyamekongoroto Health Centre',44,'2022-09-15 08:36:02','2022-09-15 08:36:02'),(2074,'14058','Rongo Sub County Hospital',44,'2022-09-15 08:36:02','2022-09-15 08:36:02'),(2075,'13999','Otati Dispensary',44,'2022-09-15 08:36:02','2022-09-15 08:36:02'),(2076,'13565','Getambwega Dispensary',44,'2022-09-15 08:36:02','2022-09-15 08:36:02'),(2077,'14037','Rapcom Nursing and Maternity Home',44,'2022-09-15 08:36:02','2022-09-15 08:36:02'),(2078,'14079','Siabai Makonge Dispensary',44,'2022-09-15 08:36:02','2022-09-15 08:36:02'),(2079,'13853','Ngodhe Dispensary',44,'2022-09-15 08:36:02','2022-09-15 08:36:02'),(2080,'16666','Nyaitara Dispensary',44,'2022-09-15 08:36:02','2022-09-15 08:36:02'),(2081,'13649','Kamagambo SDA Dispenasry',44,'2022-09-15 08:36:02','2022-09-15 08:36:02'),(2082,'13788','Matare SDA Dispensary',44,'2022-09-15 08:36:02','2022-09-15 08:36:02'),(2083,'13850','Ngere Health Centre',44,'2022-09-15 08:36:02','2022-09-15 08:36:02'),(2084,'13809','Minyenya Health Centre',44,'2022-09-15 08:36:02','2022-09-15 08:36:02'),(2085,'13897','Nyamaraga Sub County Hospital',44,'2022-09-15 08:36:03','2022-09-15 08:36:03'),(2086,'14135','Suna Rabuor Dispensary',44,'2022-09-15 08:36:03','2022-09-15 08:36:03'),(2087,'13960','Ogada Health Centre',44,'2022-09-15 08:36:03','2022-09-15 08:36:03'),(2088,'13480','Anjego Dispensary',44,'2022-09-15 08:36:03','2022-09-15 08:36:03'),(2089,'13851','Ngisiru Dispensary',44,'2022-09-15 08:36:03','2022-09-15 08:36:03'),(2090,'14136','Suna Ragana Dispensary',44,'2022-09-15 08:36:03','2022-09-15 08:36:03'),(2091,'13492','Awendo Sub-County Hospital',44,'2022-09-15 08:36:03','2022-09-15 08:36:03'),(2092,'13486','Arombe Dispensary',44,'2022-09-15 08:36:03','2022-09-15 08:36:03'),(2093,'14009','Oyani Sub County Hospital',44,'2022-09-15 08:36:03','2022-09-15 08:36:03'),(2094,'13583','God Kwer Dispensary',44,'2022-09-15 08:36:03','2022-09-15 08:36:03'),(2095,'13865','Nyaburi Clinic',44,'2022-09-15 08:36:03','2022-09-15 08:36:03'),(2096,'13989','Ongo Sub County Hospital',44,'2022-09-15 08:36:03','2022-09-15 08:36:03'),(2097,'13970','Ojele Memorial Hospital',44,'2022-09-15 08:36:03','2022-09-15 08:36:03'),(2098,'13896','Nyamanga Dispensary (Nyatike)',44,'2022-09-15 08:36:03','2022-09-15 08:36:03'),(2099,'14110','St Joseph Mission Hospital',44,'2022-09-15 08:36:03','2022-09-15 08:36:03'),(2100,'14170','Wath Onger Health Center',44,'2022-09-15 08:36:03','2022-09-15 08:36:03'),(2101,'13576','Giribe Dispensary',44,'2022-09-15 08:36:03','2022-09-15 08:36:03'),(2102,'13993','Oruba Nursing and Maternity Home',44,'2022-09-15 08:36:03','2022-09-15 08:36:03'),(2103,'13519','Bware Health Center',44,'2022-09-15 08:36:03','2022-09-15 08:36:03'),(2104,'14134','Suna Nursing and Maternity Home',44,'2022-09-15 08:36:03','2022-09-15 08:36:03'),(2105,'13663','Kegonga Sub County Hospital',44,'2022-09-15 08:36:03','2022-09-15 08:36:03'),(2106,'13570','Getongoroma Health Centre',44,'2022-09-15 08:36:03','2022-09-15 08:36:03'),(2107,'13556','Gairoro Dispensary',44,'2022-09-15 08:36:03','2022-09-15 08:36:03'),(2108,'13910','Nyametembe Dispensary',44,'2022-09-15 08:36:03','2022-09-15 08:36:03'),(2109,'14143','Taragai Dispensary',44,'2022-09-15 08:36:03','2022-09-15 08:36:03'),(2110,'13858','Ntimaru Sub County Hospital',44,'2022-09-15 08:36:03','2022-09-15 08:36:03'),(2111,'13659','Kebaroti Dispensary',44,'2022-09-15 08:36:03','2022-09-15 08:36:03'),(2112,'14149','Tisinye Health Centre',44,'2022-09-15 08:36:03','2022-09-15 08:36:03'),(2113,'16665','Girigiri Dispensary',44,'2022-09-15 08:36:03','2022-09-15 08:36:03'),(2114,'13717','Komotobo Mission Health Centre',44,'2022-09-15 08:36:03','2022-09-15 08:36:03'),(2115,'13765','Mama Maria Clinic',44,'2022-09-15 08:36:03','2022-09-15 08:36:03'),(2116,'13625','Isibania Sub-District Hospital',44,'2022-09-15 08:36:03','2022-09-15 08:36:03'),(2117,'13569','Getongoroma Dispensary',44,'2022-09-15 08:36:03','2022-09-15 08:36:03'),(2118,'16278','Thim Lich Dispensary',44,'2022-09-15 08:36:03','2022-09-15 08:36:03'),(2119,'13639','Kabuto Dispensary',44,'2022-09-15 08:36:03','2022-09-15 08:36:03'),(2120,'13478','Aneko Dispensary',44,'2022-09-15 08:36:03','2022-09-15 08:36:03'),(2121,'13805','Migori County Referral Hospital',44,'2022-09-15 08:36:03','2022-09-15 08:36:03'),(2122,'14161','Uriri Sub County Hospital',44,'2022-09-15 08:36:03','2022-09-15 08:36:03'),(2123,'13909','Nyametaburo Health Centre',44,'2022-09-15 08:36:03','2022-09-15 08:36:03'),(2124,'13726','KDH',44,'2022-09-15 08:36:03','2022-09-15 08:36:03'),(2125,'13758','Makararangwe Dispensary',44,'2022-09-15 08:36:03','2022-09-15 08:36:03'),(2126,'13898','Nyamaranya Dispensary',44,'2022-09-15 08:36:03','2022-09-15 08:36:03'),(2127,'13526','Chinato Health Centre',44,'2022-09-15 08:36:03','2022-09-15 08:36:03'),(2128,'13723','Kugitimo Health Centre',44,'2022-09-15 08:36:03','2022-09-15 08:36:03'),(2129,'13597','Gwitembe Health Centre',44,'2022-09-15 08:36:03','2022-09-15 08:36:03');
/*!40000 ALTER TABLE `facilities` ENABLE KEYS */;
UNLOCK TABLES;

--
-- Table structure for table `otps`
--

DROP TABLE IF EXISTS `otps`;
/*!40101 SET @saved_cs_client     = @@character_set_client */;
/*!50503 SET character_set_client = utf8mb4 */;
CREATE TABLE `otps` (
  `id` int NOT NULL AUTO_INCREMENT,
  `user_id` int NOT NULL,
  `pin` varchar(10) NOT NULL,
  `is_used` tinyint NOT NULL DEFAULT '0',
  `expires_at` timestamp NOT NULL,
  `created_at` timestamp NULL DEFAULT CURRENT_TIMESTAMP,
  `updated_at` timestamp NULL DEFAULT CURRENT_TIMESTAMP ON UPDATE CURRENT_TIMESTAMP,
  PRIMARY KEY (`id`),
  KEY `fk_otp_user_id` (`user_id`),
  CONSTRAINT `fk_otp_user_id` FOREIGN KEY (`user_id`) REFERENCES `users` (`id`) ON DELETE CASCADE ON UPDATE CASCADE
) ENGINE=InnoDB AUTO_INCREMENT=18 DEFAULT CHARSET=utf8mb4 COLLATE=utf8mb4_0900_ai_ci;
/*!40101 SET character_set_client = @saved_cs_client */;

--
-- Dumping data for table `otps`
--

LOCK TABLES `otps` WRITE;
/*!40000 ALTER TABLE `otps` DISABLE KEYS */;
INSERT INTO `otps` VALUES (1,1,'4783',0,'2023-06-19 03:14:13','2023-06-19 03:04:13','2023-06-19 03:04:13'),(2,1,'7424',1,'2023-06-19 03:59:32','2023-06-19 03:49:32','2023-06-19 03:53:48'),(3,1,'4561',0,'2023-06-20 16:48:24','2023-06-20 16:38:24','2023-06-20 16:38:24'),(4,1,'3055',0,'2023-06-20 17:02:32','2023-06-20 16:52:32','2023-06-20 16:52:32'),(5,1,'2419',0,'2023-06-20 17:22:50','2023-06-20 17:12:50','2023-06-20 17:12:50'),(6,1,'2612',0,'2023-06-20 17:33:03','2023-06-20 17:23:03','2023-06-20 17:23:03'),(7,1,'7403',0,'2023-06-22 15:59:57','2023-06-22 15:49:57','2023-06-22 15:49:57'),(8,1,'8290',0,'2023-06-24 08:15:58','2023-06-24 08:05:58','2023-06-24 08:05:58'),(9,1,'6297',1,'2023-06-24 16:16:07','2023-06-24 16:06:07','2023-06-24 16:07:09'),(10,1,'4100',1,'2023-06-30 15:22:17','2023-06-30 15:12:17','2023-06-30 15:13:34'),(11,1,'9760',1,'2023-07-01 13:31:58','2023-07-01 13:21:58','2023-07-01 13:22:37'),(12,1,'6699',0,'2023-07-13 15:08:08','2023-07-13 14:58:08','2023-07-13 14:58:08'),(13,1,'5901',0,'2023-07-13 15:18:46','2023-07-13 15:08:46','2023-07-13 15:08:46'),(14,1,'2194',0,'2023-07-13 15:36:23','2023-07-13 15:26:23','2023-07-13 15:26:23'),(15,1,'3271',0,'2023-07-13 16:00:14','2023-07-13 15:50:14','2023-07-13 15:50:14'),(16,1,'6485',0,'2023-08-12 10:42:28','2023-08-12 10:32:28','2023-08-12 10:32:28'),(17,1,'7250',0,'2023-08-12 11:38:36','2023-08-12 11:28:36','2023-08-12 11:28:36');
/*!40000 ALTER TABLE `otps` ENABLE KEYS */;
UNLOCK TABLES;

--
-- Table structure for table `patient_referrals`
--

DROP TABLE IF EXISTS `patient_referrals`;
/*!40101 SET @saved_cs_client     = @@character_set_client */;
/*!50503 SET character_set_client = utf8mb4 */;
CREATE TABLE `patient_referrals` (
  `id` int NOT NULL AUTO_INCREMENT,
  `created_by` int NOT NULL,
  `patient_id` int NOT NULL,
  `facility_id` int NOT NULL,
  `department_id` int NOT NULL,
  `diagnosis` varchar(255) NOT NULL,
  `presenting_problem` varchar(255) NOT NULL,
  `investigations` varchar(255) NOT NULL,
  `procedures_done` varchar(255) NOT NULL,
  `treatment_given` varchar(255) NOT NULL,
  `referral_reason` varchar(255) NOT NULL,
  `referral_urgency` enum('Urgent','Not Urgent','Very Urgent') NOT NULL,
  `status` enum('waiting','pending procedure','referred','completed','cancelled') DEFAULT 'waiting',
  `updated_by` int DEFAULT NULL,
  `created_at` timestamp NULL DEFAULT CURRENT_TIMESTAMP,
  `updated_at` timestamp NULL DEFAULT CURRENT_TIMESTAMP ON UPDATE CURRENT_TIMESTAMP,
  PRIMARY KEY (`id`),
  KEY `fk_patient_referral_creator` (`created_by`),
  KEY `fk_referral_patient_id` (`patient_id`),
  KEY `fk_referral_facility` (`facility_id`),
  KEY `fk_referral_department` (`department_id`),
  CONSTRAINT `fk_patient_referral_creator` FOREIGN KEY (`created_by`) REFERENCES `users` (`id`) ON DELETE RESTRICT ON UPDATE CASCADE,
  CONSTRAINT `fk_referral_department` FOREIGN KEY (`department_id`) REFERENCES `departments` (`id`) ON DELETE RESTRICT ON UPDATE CASCADE,
  CONSTRAINT `fk_referral_facility` FOREIGN KEY (`facility_id`) REFERENCES `facilities` (`id`) ON DELETE RESTRICT ON UPDATE CASCADE,
  CONSTRAINT `fk_referral_patient_id` FOREIGN KEY (`patient_id`) REFERENCES `patients` (`id`) ON DELETE RESTRICT ON UPDATE CASCADE
) ENGINE=InnoDB AUTO_INCREMENT=4 DEFAULT CHARSET=utf8mb4 COLLATE=utf8mb4_0900_ai_ci;
/*!40101 SET character_set_client = @saved_cs_client */;

--
-- Dumping data for table `patient_referrals`
--

LOCK TABLES `patient_referrals` WRITE;
/*!40000 ALTER TABLE `patient_referrals` DISABLE KEYS */;
INSERT INTO `patient_referrals` VALUES (1,1,1,2,1,'Malaria tuma','presenting_problem','investigations','procedures_done','treatment_given this','referral_reason','Urgent','completed',1,'2023-04-23 08:08:57','2023-05-29 20:40:01'),(2,1,4,51,1,'Open text','Colorectal cancer','ultrasound/MRCP','Rebound tenderness/rigidity/guarding RLQ tenderness','Analgesics/biopsy','Excision/Biopsy','Urgent','cancelled',1,'2023-04-29 14:59:49','2023-05-29 20:40:15'),(3,1,4,51,1,'Open text','Colorectal cancer','ultrasound/MRCP','Rebound tenderness/rigidity/guarding RLQ tenderness','Analgesics/biopsy','Excision/Biopsy','Urgent','completed',1,'2023-05-29 14:59:49','2023-07-11 21:01:03');
/*!40000 ALTER TABLE `patient_referrals` ENABLE KEYS */;
UNLOCK TABLES;

--
-- Table structure for table `patients`
--

DROP TABLE IF EXISTS `patients`;
/*!40101 SET @saved_cs_client     = @@character_set_client */;
/*!50503 SET character_set_client = utf8mb4 */;
CREATE TABLE `patients` (
  `id` int NOT NULL AUTO_INCREMENT,
  `identifier` varchar(55) NOT NULL,
  `identifier_type` varchar(60) NOT NULL DEFAULT '',
  `identifier_type_other` varchar(100) DEFAULT '',
  `surname` varchar(55) NOT NULL,
  `first_name` varchar(55) NOT NULL,
  `other_names` varchar(155) NOT NULL DEFAULT '',
  `gender` enum('male','female') NOT NULL,
  `dob` date NOT NULL,
  `marital_status` varchar(100) DEFAULT NULL,
  `education` varchar(100) DEFAULT NULL,
  `primary_occupation` varchar(100) DEFAULT NULL,
  `phone_no` varchar(50) NOT NULL,
  `alt_phone_no` varchar(50) DEFAULT NULL,
  `email` varchar(100) NOT NULL DEFAULT '',
  `nationality` varchar(100) NOT NULL,
  `county_code` int DEFAULT NULL,
  `sub_county` int DEFAULT NULL,
  `nearest_health_centre` varchar(100) DEFAULT '',
  `nok_name` varchar(150) NOT NULL DEFAULT '',
  `nok_relationship` varchar(100) DEFAULT '',
  `nok_phone_no` varchar(50) DEFAULT '',
  `has_nhif` tinyint NOT NULL DEFAULT '0',
  `nhif_number` varchar(50) NOT NULL DEFAULT '',
  `preferred_mop` varchar(100) NOT NULL DEFAULT '' COMMENT 'Preferred mode of payment',
  `other_insurance` varchar(100) NOT NULL DEFAULT '',
  `created_by` int NOT NULL,
  `created_at` timestamp NULL DEFAULT CURRENT_TIMESTAMP,
  `updated_at` timestamp NULL DEFAULT CURRENT_TIMESTAMP ON UPDATE CURRENT_TIMESTAMP,
  PRIMARY KEY (`id`),
  UNIQUE KEY `unique_patient_identifier` (`identifier`),
  KEY `fk_patient_creator` (`created_by`),
  KEY `fk_patient_county` (`county_code`),
  KEY `fk_patient_sub_county` (`sub_county`),
  CONSTRAINT `fk_patient_county` FOREIGN KEY (`county_code`) REFERENCES `counties` (`code`) ON DELETE RESTRICT ON UPDATE CASCADE,
  CONSTRAINT `fk_patient_creator` FOREIGN KEY (`created_by`) REFERENCES `users` (`id`) ON DELETE RESTRICT ON UPDATE CASCADE,
  CONSTRAINT `fk_patient_sub_county` FOREIGN KEY (`sub_county`) REFERENCES `sub_counties` (`id`) ON DELETE RESTRICT ON UPDATE CASCADE
) ENGINE=InnoDB AUTO_INCREMENT=5 DEFAULT CHARSET=utf8mb4 COLLATE=utf8mb4_0900_ai_ci;
/*!40101 SET character_set_client = @saved_cs_client */;

--
-- Dumping data for table `patients`
--

LOCK TABLES `patients` WRITE;
/*!40000 ALTER TABLE `patients` DISABLE KEYS */;
INSERT INTO `patients` VALUES (1,'3476892','national_id','','Kamau','John','Zuckeberg Antony','male','1956-06-07','Married','Secondary','Farmer','0712908657','','jnkimani@gmail.com','Kenyan',47,200,'Kibera Community Amref ','Javan Masinga ','Child','0729099099 ',1,'789JL098 ','Cash','',1,'2023-04-21 07:21:09','2023-05-29 19:57:01'),(3,'34467599','national_id','','Kimani','Joseph','Ngima','male','1998-03-11','Never Married','Tertiary','Business','0790392944','','kimjose693@gmail.com','Kenyan',22,81,'Githunguri Health Centre','John Wangaruro','Sibling','0708535083',1,'346510-72','Cash','',1,'2023-04-22 16:17:09','2023-04-22 16:17:09'),(4,'6790123','national_id','','Maku','John','Mbiu','male','1987-04-16','Never Married','Tertiary','Business','0791392944','','jmbiu@gmail.com','Kenyan',30,1,'Rituta Health Center','Mary Mbio','Spouse','0789123543',1,'676590','Insurance','',1,'2023-04-29 14:43:46','2023-04-29 14:43:46');
/*!40000 ALTER TABLE `patients` ENABLE KEYS */;
UNLOCK TABLES;

--
-- Table structure for table `sub_counties`
--

DROP TABLE IF EXISTS `sub_counties`;
/*!40101 SET @saved_cs_client     = @@character_set_client */;
/*!50503 SET character_set_client = utf8mb4 */;
CREATE TABLE `sub_counties` (
  `id` int NOT NULL AUTO_INCREMENT,
  `name` varchar(80) NOT NULL,
  `county_code` int NOT NULL,
  `created_at` timestamp NOT NULL DEFAULT CURRENT_TIMESTAMP,
  `updated_at` timestamp NULL DEFAULT NULL ON UPDATE CURRENT_TIMESTAMP,
  PRIMARY KEY (`id`)
) ENGINE=InnoDB AUTO_INCREMENT=315 DEFAULT CHARSET=utf8mb4 COLLATE=utf8mb4_0900_ai_ci;
/*!40101 SET character_set_client = @saved_cs_client */;

--
-- Dumping data for table `sub_counties`
--

LOCK TABLES `sub_counties` WRITE;
/*!40000 ALTER TABLE `sub_counties` DISABLE KEYS */;
INSERT INTO `sub_counties` VALUES (1,'Baringo central',30,'2021-02-22 08:02:16','2021-02-22 08:02:16'),(2,'Baringo north',30,'2021-02-22 08:02:16','2021-02-22 08:02:16'),(3,'Baringo south',30,'2021-02-22 08:02:16','2021-02-22 08:02:16'),(4,'Eldama ravine',30,'2021-02-22 08:02:16','2021-02-22 08:02:16'),(5,'Mogotio',30,'2021-02-22 08:02:16','2021-02-22 08:02:16'),(6,'Tiaty',30,'2021-02-22 08:02:16','2021-02-22 08:02:16'),(7,'Bomet central',36,'2021-02-22 08:02:16','2021-02-22 08:02:16'),(8,'Bomet east',36,'2021-02-22 08:02:16','2021-02-22 08:02:16'),(9,'Chepalungu',36,'2021-02-22 08:02:16','2021-02-22 08:02:16'),(10,'Konoin',36,'2021-02-22 08:02:16','2021-02-22 08:02:16'),(11,'Sotik',36,'2021-02-22 08:02:16','2021-02-22 08:02:16'),(12,'Bumula',39,'2021-02-22 08:02:16','2021-02-22 08:02:16'),(13,'Kabuchai',39,'2021-02-22 08:02:16','2021-02-22 08:02:16'),(14,'Kanduyi',39,'2021-02-22 08:02:16','2021-02-22 08:02:16'),(15,'Kimilil',39,'2021-02-22 08:02:16','2021-02-22 08:02:16'),(16,'Mt Elgon',39,'2021-02-22 08:02:16','2021-02-22 08:02:16'),(17,'Sirisia',39,'2021-02-22 08:02:16','2021-02-22 08:02:16'),(18,'Tongaren',39,'2021-02-22 08:02:16','2021-02-22 08:02:16'),(19,'Webuye east',39,'2021-02-22 08:02:16','2021-02-22 08:02:16'),(20,'Webuye west',39,'2021-02-22 08:02:16','2021-02-22 08:02:16'),(21,'Budalangi',40,'2021-02-22 08:02:16','2021-02-22 08:02:16'),(22,'Butula',40,'2021-02-22 08:02:16','2021-02-22 08:02:16'),(23,'Funyula',40,'2021-02-22 08:02:16','2021-02-22 08:02:16'),(24,'Nambele',40,'2021-02-22 08:02:16','2021-02-22 08:02:16'),(25,'Teso North',40,'2021-02-22 08:02:16','2021-02-22 08:02:16'),(26,'Teso South',40,'2021-02-22 08:02:16','2021-02-22 08:02:16'),(27,'Keiyo north',28,'2021-02-22 08:02:16','2021-02-22 08:02:16'),(28,'Keiyo south',28,'2021-02-22 08:02:16','2021-02-22 08:02:16'),(29,'Marakwet east',28,'2021-02-22 08:02:16','2021-02-22 08:02:16'),(30,'Marakwet west',28,'2021-02-22 08:02:16','2021-02-22 08:02:16'),(31,'Manyatta',14,'2021-02-22 08:02:16','2021-02-22 08:02:16'),(32,'Mbeere north',14,'2021-02-22 08:02:16','2021-02-22 08:02:16'),(33,'Mbeere south',14,'2021-02-22 08:02:16','2021-02-22 08:02:16'),(34,'Runyenjes',14,'2021-02-22 08:02:16','2021-02-22 08:02:16'),(35,'Daadab',7,'2021-02-22 08:02:16','2021-02-22 08:02:16'),(36,'Fafi',7,'2021-02-22 08:02:16','2021-02-22 08:02:16'),(37,'Garissa',7,'2021-02-22 08:02:16','2021-02-22 08:02:16'),(38,'Hulugho',7,'2021-02-22 08:02:16','2021-02-22 08:02:16'),(39,'Ijara',7,'2021-02-22 08:02:16','2021-02-22 08:02:16'),(40,'Lagdera balambala',7,'2021-02-22 08:02:16','2021-02-22 08:02:16'),(41,'Homabay town',43,'2021-02-22 08:02:16','2021-02-22 08:02:16'),(42,'Kabondo',43,'2021-02-22 08:02:17','2021-02-22 08:02:17'),(43,'Karachwonyo',43,'2021-02-22 08:02:17','2021-02-22 08:02:17'),(44,'Kasipul',43,'2021-02-22 08:02:17','2021-02-22 08:02:17'),(45,'Mbita',43,'2021-02-22 08:02:17','2021-02-22 08:02:17'),(46,'Ndhiwa',43,'2021-02-22 08:02:17','2021-02-22 08:02:17'),(47,'Rangwe',43,'2021-02-22 08:02:17','2021-02-22 08:02:17'),(48,'Suba',43,'2021-02-22 08:02:17','2021-02-22 08:02:17'),(49,'Central',11,'2021-02-22 08:02:17','2021-02-22 08:02:17'),(50,'Garba tula',11,'2021-02-22 08:02:17','2021-02-22 08:02:17'),(51,'Kina',11,'2021-02-22 08:02:17','2021-02-22 08:02:17'),(52,'Merit',11,'2021-02-22 08:02:17','2021-02-22 08:02:17'),(53,'Oldonyiro',11,'2021-02-22 08:02:17','2021-02-22 08:02:17'),(54,'Sericho',11,'2021-02-22 08:02:17','2021-02-22 08:02:17'),(55,'Isinya.',34,'2021-02-22 08:02:17','2021-02-22 08:02:17'),(56,'Kajiado Central.',34,'2021-02-22 08:02:17','2021-02-22 08:02:17'),(57,'Kajiado North.',34,'2021-02-22 08:02:17','2021-02-22 08:02:17'),(58,'Loitokitok.',34,'2021-02-22 08:02:17','2021-02-22 08:02:17'),(59,'Mashuuru.',34,'2021-02-22 08:02:17','2021-02-22 08:02:17'),(60,'Butere',37,'2021-02-22 08:02:17','2021-02-22 08:02:17'),(61,'Kakamega central',37,'2021-02-22 08:02:17','2021-02-22 08:02:17'),(62,'Kakamega east',37,'2021-02-22 08:02:17','2021-02-22 08:02:17'),(63,'Kakamega north',37,'2021-02-22 08:02:17','2021-02-22 08:02:17'),(64,'Kakamega south',37,'2021-02-22 08:02:17','2021-02-22 08:02:17'),(65,'Khwisero',37,'2021-02-22 08:02:17','2021-02-22 08:02:17'),(66,'Lugari',37,'2021-02-22 08:02:17','2021-02-22 08:02:17'),(67,'Lukuyani',37,'2021-02-22 08:02:17','2021-02-22 08:02:17'),(68,'Lurambi',37,'2021-02-22 08:02:17','2021-02-22 08:02:17'),(69,'Matete',37,'2021-02-22 08:02:17','2021-02-22 08:02:17'),(70,'Mumias',37,'2021-02-22 08:02:17','2021-02-22 08:02:17'),(71,'Mutungu',37,'2021-02-22 08:02:17','2021-02-22 08:02:17'),(72,'Navakholo',37,'2021-02-22 08:02:17','2021-02-22 08:02:17'),(73,'Ainamoi',35,'2021-02-22 08:02:17','2021-02-22 08:02:17'),(74,'Belgut',35,'2021-02-22 08:02:17','2021-02-22 08:02:17'),(75,'Bureti',35,'2021-02-22 08:02:17','2021-02-22 08:02:17'),(76,'Kipkelion east',35,'2021-02-22 08:02:17','2021-02-22 08:02:17'),(77,'Kipkelion west',35,'2021-02-22 08:02:17','2021-02-22 08:02:17'),(78,'Soin sigowet',35,'2021-02-22 08:02:17','2021-02-22 08:02:17'),(79,'Gatundu north',22,'2021-02-22 08:02:17','2021-02-22 08:02:17'),(80,'Gatundu south',22,'2021-02-22 08:02:17','2021-02-22 08:02:17'),(81,'Githunguri',22,'2021-02-22 08:02:17','2021-02-22 08:02:17'),(82,'Juja',22,'2021-02-22 08:02:17','2021-02-22 08:02:17'),(83,'Kabete',22,'2021-02-22 08:02:17','2021-02-22 08:02:17'),(84,'Kiambaa',22,'2021-02-22 08:02:17','2021-02-22 08:02:17'),(85,'Kiambu',22,'2021-02-22 08:02:17','2021-02-22 08:02:17'),(86,'Kikuyu',22,'2021-02-22 08:02:17','2021-02-22 08:02:17'),(87,'Limuru',22,'2021-02-22 08:02:17','2021-02-22 08:02:17'),(88,'Ruiru',22,'2021-02-22 08:02:17','2021-02-22 08:02:17'),(89,'Thika town',22,'2021-02-22 08:02:17','2021-02-22 08:02:17'),(90,'lari',22,'2021-02-22 08:02:17','2021-02-22 08:02:17'),(91,'Genzw',3,'2021-02-22 08:02:17','2021-02-22 08:02:17'),(92,'Kaloleni',3,'2021-02-22 08:02:17','2021-02-22 08:02:17'),(93,'Kilifi north',3,'2021-02-22 08:02:17','2021-02-22 08:02:17'),(94,'Kilifi south',3,'2021-02-22 08:02:17','2021-02-22 08:02:17'),(95,'Magarini',3,'2021-02-22 08:02:17','2021-02-22 08:02:17'),(96,'Malindi',3,'2021-02-22 08:02:17','2021-02-22 08:02:17'),(97,'Rabai',3,'2021-02-22 08:02:17','2021-02-22 08:02:17'),(98,'Kirinyaga central',20,'2021-02-22 08:02:17','2021-02-22 08:02:17'),(99,'Kirinyaga east',20,'2021-02-22 08:02:17','2021-02-22 08:02:17'),(100,'Kirinyaga west',20,'2021-02-22 08:02:17','2021-02-22 08:02:17'),(101,'Mwea east',20,'2021-02-22 08:02:17','2021-02-22 08:02:17'),(102,'Mwea west',20,'2021-02-22 08:02:17','2021-02-22 08:02:17'),(103,'Kisumu central',42,'2021-02-22 08:02:17','2021-02-22 08:02:17'),(104,'Kisumu east ',42,'2021-02-22 08:02:17','2021-02-22 08:02:17'),(105,'Kisumu west',42,'2021-02-22 08:02:17','2021-02-22 08:02:17'),(106,'Mohoroni',42,'2021-02-22 08:02:17','2021-02-22 08:02:17'),(107,'Nyakach',42,'2021-02-22 08:02:17','2021-02-22 08:02:17'),(108,'Nyando',42,'2021-02-22 08:02:17','2021-02-22 08:02:17'),(109,'Seme',42,'2021-02-22 08:02:17','2021-02-22 08:02:17'),(110,'Ikutha',15,'2021-02-22 08:02:17','2021-02-22 08:02:17'),(111,'Katulani',15,'2021-02-22 08:02:17','2021-02-22 08:02:17'),(112,'Kisasi',15,'2021-02-22 08:02:17','2021-02-22 08:02:17'),(113,'Kitui central',15,'2021-02-22 08:02:17','2021-02-22 08:02:17'),(114,'Kitui west ',15,'2021-02-22 08:02:17','2021-02-22 08:02:17'),(115,'Lower yatta',15,'2021-02-22 08:02:17','2021-02-22 08:02:17'),(116,'Matiyani',15,'2021-02-22 08:02:17','2021-02-22 08:02:17'),(117,'Migwani',15,'2021-02-22 08:02:17','2021-02-22 08:02:17'),(118,'Mutitu',15,'2021-02-22 08:02:17','2021-02-22 08:02:17'),(119,'Mutomo',15,'2021-02-22 08:02:17','2021-02-22 08:02:17'),(120,'Muumonikyusu',15,'2021-02-22 08:02:17','2021-02-22 08:02:17'),(121,'Mwingi central',15,'2021-02-22 08:02:17','2021-02-22 08:02:17'),(122,'Mwingi east',15,'2021-02-22 08:02:17','2021-02-22 08:02:17'),(123,'Nzambani',15,'2021-02-22 08:02:17','2021-02-22 08:02:17'),(124,'Tseikuru',15,'2021-02-22 08:02:17','2021-02-22 08:02:17'),(125,'Kinango',2,'2021-02-22 08:02:17','2021-02-22 08:02:17'),(126,'Lungalunga',2,'2021-02-22 08:02:17','2021-02-22 08:02:17'),(127,'Msambweni',2,'2021-02-22 08:02:17','2021-02-22 08:02:17'),(128,'Mutuga',2,'2021-02-22 08:02:17','2021-02-22 08:02:17'),(129,'Laikipia central',31,'2021-02-22 08:02:17','2021-02-22 08:02:17'),(130,'Laikipia east',31,'2021-02-22 08:02:17','2021-02-22 08:02:17'),(131,'Laikipia north',31,'2021-02-22 08:02:17','2021-02-22 08:02:17'),(132,'Laikipia west ',31,'2021-02-22 08:02:17','2021-02-22 08:02:17'),(133,'Nyahururu',31,'2021-02-22 08:02:17','2021-02-22 08:02:17'),(134,'Lamu East',5,'2021-02-22 08:02:17','2021-02-22 08:02:17'),(135,'Lamu West',5,'2021-02-22 08:02:17','2021-02-22 08:02:17'),(136,'Kathiani',16,'2021-02-22 08:02:17','2021-02-22 08:02:17'),(137,'Machakos town',16,'2021-02-22 08:02:17','2021-02-22 08:02:17'),(138,'Masinga',16,'2021-02-22 08:02:17','2021-02-22 08:02:17'),(139,'Matungulu',16,'2021-02-22 08:02:17','2021-02-22 08:02:17'),(140,'Mavoko',16,'2021-02-22 08:02:17','2021-02-22 08:02:17'),(141,'Mwala',16,'2021-02-22 08:02:17','2021-02-22 08:02:17'),(142,'Yatta',16,'2021-02-22 08:02:17','2021-02-22 08:02:17'),(143,'Kaiti',17,'2021-02-22 08:02:18','2021-02-22 08:02:18'),(144,'Kibwezi west',17,'2021-02-22 08:02:18','2021-03-08 07:39:30'),(145,'Kibwezi east',17,'2021-02-22 08:02:18','2021-02-22 08:02:18'),(146,'Kilome',17,'2021-02-22 08:02:18','2021-02-22 08:02:18'),(147,'Makueni',17,'2021-02-22 08:02:18','2021-02-22 08:02:18'),(148,'Mbooni',17,'2021-02-22 08:02:18','2021-02-22 08:02:18'),(149,'Banissa',9,'2021-02-22 08:02:18','2021-02-22 08:02:18'),(150,'Lafey',9,'2021-02-22 08:02:18','2021-02-22 08:02:18'),(151,'Mandera East',9,'2021-02-22 08:02:18','2021-02-22 08:02:18'),(152,'Mandera North',9,'2021-02-22 08:02:18','2021-02-22 08:02:18'),(153,'Mandera South',9,'2021-02-22 08:02:18','2021-02-22 08:02:18'),(154,'Mandera West',9,'2021-02-22 08:02:18','2021-02-22 08:02:18'),(155,'Laisamis',10,'2021-02-22 08:02:18','2021-02-22 08:02:18'),(156,'Moyale',10,'2021-02-22 08:02:18','2021-02-22 08:02:18'),(157,'North hor',10,'2021-02-22 08:02:18','2021-02-22 08:02:18'),(158,'Saku',10,'2021-02-22 08:02:18','2021-02-22 08:02:18'),(159,'Buuri',12,'2021-02-22 08:02:18','2021-02-22 08:02:18'),(160,'Igembe central',12,'2021-02-22 08:02:18','2021-02-22 08:02:18'),(161,'Igembe north',12,'2021-02-22 08:02:18','2021-02-22 08:02:18'),(162,'Igembe south',12,'2021-02-22 08:02:18','2021-02-22 08:02:18'),(163,'Imenti central',12,'2021-02-22 08:02:18','2021-02-22 08:02:18'),(164,'Imenti north',12,'2021-02-22 08:02:18','2021-02-22 08:02:18'),(165,'Imenti south',12,'2021-02-22 08:02:18','2021-02-22 08:02:18'),(166,'Tigania east',12,'2021-02-22 08:02:18','2021-02-22 08:02:18'),(167,'Tigania west',12,'2021-02-22 08:02:18','2021-02-22 08:02:18'),(168,'Awendo',44,'2021-02-22 08:02:18','2021-02-22 08:02:18'),(169,'Kuria east',44,'2021-02-22 08:02:18','2021-02-22 08:02:18'),(170,'Kuria west',44,'2021-02-22 08:02:18','2021-02-22 08:02:18'),(171,'Nyatike',44,'2021-02-22 08:02:18','2021-04-14 13:37:15'),(172,'Ntimaru',44,'2021-02-22 08:02:18','2021-02-22 08:02:18'),(173,'Rongo',44,'2021-02-22 08:02:18','2021-02-22 08:02:18'),(174,'Suna east',44,'2021-02-22 08:02:18','2021-02-22 08:02:18'),(175,'Suna west',44,'2021-02-22 08:02:18','2021-02-22 08:02:18'),(176,'Uriri',44,'2021-02-22 08:02:18','2021-02-22 08:02:18'),(177,'Changamwe',1,'2021-02-22 08:02:18','2021-02-22 08:02:18'),(178,'Jomvu',1,'2021-02-22 08:02:18','2021-02-22 08:02:18'),(179,'Kisauni',1,'2021-02-22 08:02:18','2021-02-22 08:02:18'),(180,'Likoni',1,'2021-02-22 08:02:18','2021-02-22 08:02:18'),(181,'Mvita',1,'2021-02-22 08:02:18','2021-02-22 08:02:18'),(182,'Nyali',1,'2021-02-22 08:02:18','2021-02-22 08:02:18'),(183,'Gatanga',21,'2021-02-22 08:02:18','2021-02-22 08:02:18'),(184,'Kahuro',21,'2021-02-22 08:02:18','2021-02-22 08:02:18'),(185,'Kandara',21,'2021-02-22 08:02:18','2021-02-22 08:02:18'),(186,'Kangema',21,'2021-02-22 08:02:18','2021-02-22 08:02:18'),(187,'Kigumo',21,'2021-02-22 08:02:18','2021-02-22 08:02:18'),(188,'Kiharu',21,'2021-02-22 08:02:18','2021-02-22 08:02:18'),(189,'Mathioya',21,'2021-02-22 08:02:18','2021-02-22 08:02:18'),(190,'Murang\'a South',21,'2021-02-22 08:02:18','2021-03-29 14:09:21'),(191,'Dagoretti North Sub County',47,'2021-02-22 08:02:18','2021-02-22 08:02:18'),(192,'Dagoretti South Sub County ',47,'2021-02-22 08:02:18','2021-02-22 08:02:18'),(193,'Embakasi Central Sub County',47,'2021-02-22 08:02:18','2021-02-22 08:02:18'),(194,'Embakasi East Sub County',47,'2021-02-22 08:02:18','2021-02-22 08:02:18'),(195,'Embakasi North Sub County ',47,'2021-02-22 08:02:18','2021-02-22 08:02:18'),(196,'Embakasi South Sub County',47,'2021-02-22 08:02:18','2021-02-22 08:02:18'),(197,'Embakasi West Sub County',47,'2021-02-22 08:02:18','2021-02-22 08:02:18'),(198,'Kamukunji Sub County',47,'2021-02-22 08:02:18','2021-02-22 08:02:18'),(199,'Kasarani Sub County ',47,'2021-02-22 08:02:18','2021-02-22 08:02:18'),(200,'Kibra Sub County ',47,'2021-02-22 08:02:18','2021-02-22 08:02:18'),(201,'Lang\'ata Sub County ',47,'2021-02-22 08:02:18','2021-02-22 08:02:18'),(202,'Makadara Sub County',47,'2021-02-22 08:02:18','2021-02-22 08:02:18'),(203,'Mathare Sub County ',47,'2021-02-22 08:02:18','2021-02-22 08:02:18'),(204,'Roysambu Sub County ',47,'2021-02-22 08:02:18','2021-02-22 08:02:18'),(205,'Ruaraka Sub County ',47,'2021-02-22 08:02:18','2021-02-22 08:02:18'),(206,'Starehe Sub County ',47,'2021-02-22 08:02:18','2021-02-22 08:02:18'),(207,'Westlands Sub County ',47,'2021-02-22 08:02:18','2021-02-22 08:02:18'),(208,'Bahati',32,'2021-02-22 08:02:18','2021-02-22 08:02:18'),(209,'Gilgil',32,'2021-02-22 08:02:18','2021-02-22 08:02:18'),(210,'Kuresoi north',32,'2021-02-22 08:02:18','2021-02-22 08:02:18'),(211,'Kuresoi south',32,'2021-02-22 08:02:18','2021-02-22 08:02:18'),(212,'Molo',32,'2021-02-22 08:02:18','2021-02-22 08:02:18'),(213,'Naivasha',32,'2021-02-22 08:02:18','2021-02-22 08:02:18'),(214,'Nakuru town east',32,'2021-02-22 08:02:18','2021-02-22 08:02:18'),(215,'Nakuru town west',32,'2021-02-22 08:02:18','2021-02-22 08:02:18'),(216,'Njoro',32,'2021-02-22 08:02:18','2021-02-22 08:02:18'),(217,'Rongai',32,'2021-02-22 08:02:18','2021-02-22 08:02:18'),(218,'Subukia',32,'2021-02-22 08:02:18','2021-02-22 08:02:18'),(219,'Aldai',29,'2021-02-22 08:02:18','2021-02-22 08:02:18'),(220,'Chesumei',29,'2021-02-22 08:02:18','2021-02-22 08:02:18'),(221,'Emgwen',29,'2021-02-22 08:02:18','2021-02-22 08:02:18'),(222,'Mosop',29,'2021-02-22 08:02:18','2021-02-22 08:02:18'),(223,'Namdi hills',29,'2021-02-22 08:02:18','2021-02-22 08:02:18'),(224,'Tindiret',29,'2021-02-22 08:02:18','2021-02-22 08:02:18'),(225,'Narok east',33,'2021-02-22 08:02:18','2021-02-22 08:02:18'),(226,'Narok north',33,'2021-02-22 08:02:18','2021-02-22 08:02:18'),(227,'Narok south',33,'2021-02-22 08:02:18','2021-02-22 08:02:18'),(228,'Narok west',33,'2021-02-22 08:02:18','2021-02-22 08:02:18'),(229,'Transmara east',33,'2021-02-22 08:02:18','2021-02-22 08:02:18'),(230,'Transmara west',33,'2021-02-22 08:02:18','2021-02-22 08:02:18'),(231,'Borabu',46,'2021-02-22 08:02:18','2021-02-22 08:02:18'),(232,'Manga',46,'2021-02-22 08:02:18','2021-02-22 08:02:18'),(233,'Masaba north',46,'2021-02-22 08:02:18','2021-02-22 08:02:18'),(234,'Nyamira north',46,'2021-02-22 08:02:18','2021-02-22 08:02:18'),(235,'Nyamira south',46,'2021-02-22 08:02:18','2021-02-22 08:02:18'),(236,'Kinangop',18,'2021-02-22 08:02:18','2021-02-22 08:02:18'),(237,'Kipipiri',18,'2021-02-22 08:02:18','2021-02-22 08:02:18'),(238,'Ndaragwa',18,'2021-02-22 08:02:18','2021-02-22 08:02:18'),(239,'Olkalou',18,'2021-02-22 08:02:18','2021-03-29 13:43:16'),(240,'Oljororok',18,'2021-02-22 08:02:18','2021-03-29 13:43:09'),(241,'Kieni East',19,'2021-02-22 08:02:18','2021-03-29 13:54:04'),(242,'Kieni West',19,'2021-02-22 08:02:18','2021-03-29 13:54:09'),(243,'Mathira East',19,'2021-02-22 08:02:18','2021-03-29 13:54:15'),(244,'Mathira West',19,'2021-02-22 08:02:18','2021-03-29 13:54:19'),(245,'Mukurweini',19,'2021-02-22 08:02:18','2021-03-29 13:34:02'),(246,'Nyeri Town',19,'2021-02-22 08:02:19','2021-03-29 13:54:24'),(247,'Othaya',19,'2021-02-22 08:02:19','2021-02-22 08:02:19'),(248,'Tetu',19,'2021-02-22 08:02:19','2021-02-22 08:02:19'),(249,'Samburu east',25,'2021-02-22 08:02:19','2021-02-22 08:02:19'),(250,'Samburu north',25,'2021-02-22 08:02:19','2021-02-22 08:02:19'),(251,'Samburu west',25,'2021-02-22 08:02:19','2021-02-22 08:02:19'),(252,'Alego usonga',41,'2021-02-22 08:02:19','2021-02-22 08:02:19'),(253,'Bondo',41,'2021-02-22 08:02:19','2021-02-22 08:02:19'),(254,'Gem',41,'2021-02-22 08:02:19','2021-02-22 08:02:19'),(255,'Rarieda',41,'2021-02-22 08:02:19','2021-02-22 08:02:19'),(256,'Ugenya',41,'2021-02-22 08:02:19','2021-02-22 08:02:19'),(257,'Ugunja',41,'2021-02-22 08:02:19','2021-04-08 11:31:08'),(258,'Mwatate',6,'2021-02-22 08:02:19','2021-02-22 08:02:19'),(259,'Taveta',6,'2021-02-22 08:02:19','2021-02-22 08:02:19'),(260,'Voi',6,'2021-02-22 08:02:19','2021-02-22 08:02:19'),(261,'Wundanyi',6,'2021-02-22 08:02:19','2021-02-22 08:02:19'),(262,'Bura',4,'2021-02-22 08:02:19','2021-02-22 08:02:19'),(263,'Galole',4,'2021-02-22 08:02:19','2021-02-22 08:02:19'),(264,'Garsen',4,'2021-02-22 08:02:19','2021-02-22 08:02:19'),(265,'Chuka',13,'2021-02-22 08:02:19','2021-02-22 08:02:19'),(266,'Igambangobe',13,'2021-02-22 08:02:19','2021-02-22 08:02:19'),(267,'Maara',13,'2021-02-22 08:02:19','2021-02-22 08:02:19'),(268,'Muthambi',13,'2021-02-22 08:02:19','2021-02-22 08:02:19'),(269,'Tharak north',13,'2021-02-22 08:02:19','2021-02-22 08:02:19'),(270,'Tharaka south',13,'2021-02-22 08:02:19','2021-02-22 08:02:19'),(271,'Cherangany',26,'2021-02-22 08:02:19','2021-02-22 08:02:19'),(272,'Endebess',26,'2021-02-22 08:02:19','2021-02-22 08:02:19'),(273,'Kiminini',26,'2021-02-22 08:02:19','2021-02-22 08:02:19'),(274,'Kwanza',26,'2021-02-22 08:02:19','2021-02-22 08:02:19'),(275,'Saboti',26,'2021-02-22 08:02:19','2021-02-22 08:02:19'),(276,'Loima',23,'2021-02-22 08:02:19','2021-02-22 08:02:19'),(277,'Turkana central',23,'2021-02-22 08:02:19','2021-02-22 08:02:19'),(278,'Turkana east',23,'2021-02-22 08:02:19','2021-02-22 08:02:19'),(279,'Turkana north',23,'2021-02-22 08:02:19','2021-02-22 08:02:19'),(280,'Turkana south',23,'2021-02-22 08:02:19','2021-02-22 08:02:19'),(281,'Ainabkoi',27,'2021-02-22 08:02:19','2021-02-22 08:02:19'),(282,'Kapseret',27,'2021-02-22 08:02:19','2021-02-22 08:02:19'),(283,'Kesses',27,'2021-02-22 08:02:19','2021-02-22 08:02:19'),(284,'Moiben',27,'2021-02-22 08:02:19','2021-02-22 08:02:19'),(285,'Soy',27,'2021-02-22 08:02:19','2021-02-22 08:02:19'),(286,'Turbo',27,'2021-02-22 08:02:19','2021-02-22 08:02:19'),(287,'Emuhaya',38,'2021-02-22 08:02:19','2021-02-22 08:02:19'),(288,'Hamisi',38,'2021-02-22 08:02:19','2021-02-22 08:02:19'),(289,'Luanda',38,'2021-02-22 08:02:19','2021-02-22 08:02:19'),(290,'Sabatia',38,'2021-02-22 08:02:19','2021-02-22 08:02:19'),(291,'vihiga',38,'2021-02-22 08:02:19','2021-02-22 08:02:19'),(292,'Eldas',8,'2021-02-22 08:02:19','2021-02-22 08:02:19'),(293,'Tarbaj',8,'2021-02-22 08:02:19','2021-02-22 08:02:19'),(294,'Wajir East',8,'2021-02-22 08:02:19','2021-02-22 08:02:19'),(295,'Wajir North',8,'2021-02-22 08:02:19','2021-02-22 08:02:19'),(296,'Wajir South',8,'2021-02-22 08:02:19','2021-02-22 08:02:19'),(297,'Wajir West',8,'2021-02-22 08:02:19','2021-02-22 08:02:19'),(298,'Central Pokot',24,'2021-02-22 08:02:19','2021-02-22 08:02:19'),(299,'North Pokot',24,'2021-02-22 08:02:19','2021-02-22 08:02:19'),(300,'Pokot South',24,'2021-02-22 08:02:19','2021-02-22 08:02:19'),(301,'West Pokot',24,'2021-02-22 08:02:19','2021-02-22 08:02:19'),(302,'Kalama',16,'2021-02-25 06:29:30',NULL),(303,'Kangundo',16,'2021-02-25 06:29:30',NULL),(304,'Bonchari',45,'2021-03-04 08:17:48',NULL),(305,'Kitutu Chache North',45,'2021-03-04 08:17:48',NULL),(306,'Kitutu Chache South',45,'2021-03-04 08:18:14',NULL),(307,'South Mugirango',45,'2021-03-04 08:18:14',NULL),(308,'Bobasi',45,'2021-03-04 08:18:34',NULL),(309,'Bomachoge Borabu',45,'2021-03-04 08:18:34',NULL),(310,'Bomachoge Chache',45,'2021-03-04 08:19:04',NULL),(311,'Nyaribari Chache',45,'2021-03-04 08:19:04',NULL),(312,'Nyaribari Masaba',45,'2021-03-04 08:19:14',NULL),(313,'Nyeri South',19,'2021-03-29 13:35:12',NULL),(314,'Nyeri Central',19,'2021-03-29 13:35:12',NULL);
/*!40000 ALTER TABLE `sub_counties` ENABLE KEYS */;
UNLOCK TABLES;

--
-- Table structure for table `user_categories`
--

DROP TABLE IF EXISTS `user_categories`;
/*!40101 SET @saved_cs_client     = @@character_set_client */;
/*!50503 SET character_set_client = utf8mb4 */;
CREATE TABLE `user_categories` (
  `id` int NOT NULL AUTO_INCREMENT,
  `name` varchar(50) CHARACTER SET utf8mb4 COLLATE utf8mb4_general_ci NOT NULL,
  `description` varchar(100) CHARACTER SET utf8mb4 COLLATE utf8mb4_general_ci DEFAULT '',
  `permissions` text CHARACTER SET utf8mb4 COLLATE utf8mb4_general_ci,
  `created_at` timestamp NULL DEFAULT CURRENT_TIMESTAMP,
  `updated_at` timestamp NULL DEFAULT CURRENT_TIMESTAMP ON UPDATE CURRENT_TIMESTAMP,
  PRIMARY KEY (`id`) USING BTREE
) ENGINE=InnoDB AUTO_INCREMENT=4 DEFAULT CHARSET=utf8mb4 COLLATE=utf8mb4_general_ci;
/*!40101 SET character_set_client = @saved_cs_client */;

--
-- Dumping data for table `user_categories`
--

LOCK TABLES `user_categories` WRITE;
/*!40000 ALTER TABLE `user_categories` DISABLE KEYS */;
INSERT INTO `user_categories` VALUES (1,'System Admin','System Admin','2,3,4,5,6,7','2023-04-11 07:41:52','2023-07-01 09:09:38'),(2,'Clinician','Clinician','1','2023-05-24 17:05:45','2023-07-01 09:06:48'),(3,'Physician','Physician','1','2023-06-06 15:52:48','2023-06-06 15:52:48');
/*!40000 ALTER TABLE `user_categories` ENABLE KEYS */;
UNLOCK TABLES;

--
-- Table structure for table `user_permissions`
--

DROP TABLE IF EXISTS `user_permissions`;
/*!40101 SET @saved_cs_client     = @@character_set_client */;
/*!50503 SET character_set_client = utf8mb4 */;
CREATE TABLE `user_permissions` (
  `id` int NOT NULL AUTO_INCREMENT,
  `name` varchar(50) CHARACTER SET utf8mb4 COLLATE utf8mb4_general_ci NOT NULL,
  `description` varchar(120) CHARACTER SET utf8mb4 COLLATE utf8mb4_general_ci NOT NULL DEFAULT '',
  `require_perm_id` int DEFAULT NULL,
  PRIMARY KEY (`id`) USING BTREE
) ENGINE=InnoDB AUTO_INCREMENT=8 DEFAULT CHARSET=utf8mb4 COLLATE=utf8mb4_general_ci;
/*!40101 SET character_set_client = @saved_cs_client */;

--
-- Dumping data for table `user_permissions`
--

LOCK TABLES `user_permissions` WRITE;
/*!40000 ALTER TABLE `user_permissions` DISABLE KEYS */;
INSERT INTO `user_permissions` VALUES (1,'Mobile App Access','Access Mobile application and refer patients',NULL),(2,'Web Access','Access web dashboard',NULL),(3,'Manage Users','Add, Edit and delete users',2),(4,'View Patients','View patients',2),(5,'Manage Patients','View, Add and Edit patients',2),(6,'Manage referrals','View and update referral status',2),(7,'System administration','Perform administration',2);
/*!40000 ALTER TABLE `user_permissions` ENABLE KEYS */;
UNLOCK TABLES;

--
-- Table structure for table `user_tokens`
--

DROP TABLE IF EXISTS `user_tokens`;
/*!40101 SET @saved_cs_client     = @@character_set_client */;
/*!50503 SET character_set_client = utf8mb4 */;
CREATE TABLE `user_tokens` (
  `id` int NOT NULL AUTO_INCREMENT,
  `user_id` int NOT NULL,
  `access_token` varchar(500) NOT NULL,
  `refresh_token` varchar(500) NOT NULL,
  `created_at` timestamp NULL DEFAULT CURRENT_TIMESTAMP,
  `updated_at` timestamp NOT NULL DEFAULT CURRENT_TIMESTAMP ON UPDATE CURRENT_TIMESTAMP,
  PRIMARY KEY (`id`)
) ENGINE=InnoDB AUTO_INCREMENT=66 DEFAULT CHARSET=utf8mb4 COLLATE=utf8mb4_0900_ai_ci;
/*!40101 SET character_set_client = @saved_cs_client */;

--
-- Dumping data for table `user_tokens`
--

LOCK TABLES `user_tokens` WRITE;
/*!40000 ALTER TABLE `user_tokens` DISABLE KEYS */;
INSERT INTO `user_tokens` VALUES (2,1,'eyJ0eXAiOiJKV1QiLCJhbGciOiJSUzI1NiJ9.eyJpc3MiOiJpbmZpbml0b3BzIiwiaWF0IjoxNjgxMjEyNjA5LCJleHAiOjE2ODEyMTI3ODksImRhdGEiOnsiaWQiOjF9fQ.YVEmY8qwZx-9d14UYntMUTWWHPBDD0dMEreD1mZm6AwA6Ls4MYzI3HOZHWfUXqtC8ruBomBU_0qs8doVSRJSUjAshD-8PbrRdXAmL4Fsvwihv9QyVHNd7pvawyPCDrc6jnfKfF5sySuKHqENzdIHkyxECxMW4TmHEX59uZXrPCs32NsFTfQ0oZVRQY4x3BkHkp3dsd2IA8MEKLFusZMZo_0vBydC_ivUH4fSceSXKoV_3YA6PKY3kVlWxpzZ19VgLoeRw7U7O-7ufLBfaKANDIdjGh3Xie_kIP5ngeb2L0KzUS3V7Gs4ZPAISyF_rZKdBVD5zdJxSN-ICHIJObjeGA','eyJ0eXAiOiJKV1QiLCJhbGciOiJSUzI1NiJ9.eyJpc3MiOiJpbmZpbml0b3BzIiwiaWF0IjoxNjgxMjEyNjA5LCJleHAiOjE2ODEyMTI3ODksImRhdGEiOnsiaWQiOjF9fQ.YVEmY8qwZx-9d14UYntMUTWWHPBDD0dMEreD1mZm6AwA6Ls4MYzI3HOZHWfUXqtC8ruBomBU_0qs8doVSRJSUjAshD-8PbrRdXAmL4Fsvwihv9QyVHNd7pvawyPCDrc6jnfKfF5sySuKHqENzdIHkyxECxMW4TmHEX59uZXrPCs32NsFTfQ0oZVRQY4x3BkHkp3dsd2IA8MEKLFusZMZo_0vBydC_ivUH4fSceSXKoV_3YA6PKY3kVlWxpzZ19VgLoeRw7U7O-7ufLBfaKANDIdjGh3Xie_kIP5ngeb2L0KzUS3V7Gs4ZPAISyF_rZKdBVD5zdJxSN-ICHIJObjeGA','2023-04-11 11:30:09','2023-04-11 11:30:09'),(3,1,'eyJ0eXAiOiJKV1QiLCJhbGciOiJSUzI1NiJ9.eyJpc3MiOiJpbmZpbml0b3BzIiwiaWF0IjoxNjgxMjEyNzI3LCJleHAiOjE2ODEyMTI5MDcsImRhdGEiOnsiaWQiOjF9fQ.l9vuGbyOFg-KnLL7EhNR9jUlNmmJwy9J7fCqnPnlsvWFaSJ2LrYW6UpmfghDMuy-6FVmhvIPfdH7ZRRzPKoXHerwis-4HaoQSm4aAJkTU2LLmTgajaiDaRKjec6ASubodTW1s4mTMOeHoMY-8EZw7LGb3iAwHMV5VgfpxDhVKOskhPYxkQlq5zPP1DYNzoSIvbsJFEGIJMqMgOBIVEcxeJrqhtFlfsQtpVCBD36ukbpnGN1QsaAAX_YyIHSCN96j5sHHP75_lqCr57VIAFcU9NF2JnRtJ0Z7V09e-ZGIskgfHukayh4zidUOlPDqAqOOU7G4Gu8b-Dm5SGSfb91y_Q','eyJ0eXAiOiJKV1QiLCJhbGciOiJSUzI1NiJ9.eyJpc3MiOiJpbmZpbml0b3BzIiwiaWF0IjoxNjgxMjEyNzI3LCJleHAiOjE2ODEyMTI5MDcsImRhdGEiOnsiaWQiOjF9fQ.l9vuGbyOFg-KnLL7EhNR9jUlNmmJwy9J7fCqnPnlsvWFaSJ2LrYW6UpmfghDMuy-6FVmhvIPfdH7ZRRzPKoXHerwis-4HaoQSm4aAJkTU2LLmTgajaiDaRKjec6ASubodTW1s4mTMOeHoMY-8EZw7LGb3iAwHMV5VgfpxDhVKOskhPYxkQlq5zPP1DYNzoSIvbsJFEGIJMqMgOBIVEcxeJrqhtFlfsQtpVCBD36ukbpnGN1QsaAAX_YyIHSCN96j5sHHP75_lqCr57VIAFcU9NF2JnRtJ0Z7V09e-ZGIskgfHukayh4zidUOlPDqAqOOU7G4Gu8b-Dm5SGSfb91y_Q','2023-04-11 11:32:07','2023-04-11 11:32:07'),(4,1,'eyJ0eXAiOiJKV1QiLCJhbGciOiJSUzI1NiJ9.eyJpc3MiOiJpbmZpbml0b3BzIiwiaWF0IjoxNjgxMjE0NjMzLCJleHAiOjE2ODEyMTQ4MTMsImRhdGEiOnsiaWQiOjF9fQ.jpop9hdYpm6Al-YFQ8fcqfDyShI6w7dfWMlXj4caOzJTZYxjxW2CeIw16GYzJ7Ina9MX1e5x8V4sh9-s4ApBaibDugz2V-6zkF6HcR0Tu35342a5-YKr4L3j_Rfm7ry0jg8C_p_9K2erbxmeo4VJnrjnrL5UL3ArNwY9-rS0g0KOx-0Xckt97IfjPBt0stbZE-49QGnLeHA4hi9sXtLL7TSKBOTpGtqw1I5ekB4iM2ETZj1hMumeHDJHA3DnblxDa-QG5Fs6DTM_lxBKNziO655aSRsFQ5rReHkeQotrs16BBTPG1VFP8MESHfd4yn1W0herb67mly8HMRzh3Om2Xg','eyJ0eXAiOiJKV1QiLCJhbGciOiJSUzI1NiJ9.eyJpc3MiOiJpbmZpbml0b3BzIiwiaWF0IjoxNjgxMjE0NjMzLCJleHAiOjE2ODEyMTQ4MTMsImRhdGEiOnsiaWQiOjF9fQ.jpop9hdYpm6Al-YFQ8fcqfDyShI6w7dfWMlXj4caOzJTZYxjxW2CeIw16GYzJ7Ina9MX1e5x8V4sh9-s4ApBaibDugz2V-6zkF6HcR0Tu35342a5-YKr4L3j_Rfm7ry0jg8C_p_9K2erbxmeo4VJnrjnrL5UL3ArNwY9-rS0g0KOx-0Xckt97IfjPBt0stbZE-49QGnLeHA4hi9sXtLL7TSKBOTpGtqw1I5ekB4iM2ETZj1hMumeHDJHA3DnblxDa-QG5Fs6DTM_lxBKNziO655aSRsFQ5rReHkeQotrs16BBTPG1VFP8MESHfd4yn1W0herb67mly8HMRzh3Om2Xg','2023-04-11 12:03:53','2023-04-11 12:03:53'),(5,1,'eyJ0eXAiOiJKV1QiLCJhbGciOiJSUzI1NiJ9.eyJpc3MiOiJpbmZpbml0b3BzIiwiaWF0IjoxNjgxMjE1MTgzLCJleHAiOjE2ODEyMTUzNjMsImRhdGEiOnsiaWQiOjF9fQ.Wh9DdJP8-tx70RxlvB8LMUUmcx9mScwBO0Y562krEmrmLJh9I2jWeKrf6qkh7da9vbb08TxfuZpD1wpFcOXyWQ90jBWC1vTKfO7A-oJUs_7bBvjX8edrUkZrvFktLsPymkXl-vUUCvcvNWG4jWenrZGQe6PrkNHvG1IOjsCZWAtKcpoO2_tIrTVUCbbb6QiK7imCjM47puUrwdguOtj-tw_6jdtu_nDjDP56cGsDm-wbQIPwH1GMgsBxFqD1ufPvuwDIocKWIVk0VxJW1DaeeMx3z8LmO1jrlwNuOUNfIB7dE5hufd_aFDwaHghFjs_aVlk30spyCuCsj3RzCZ0HKQ','eyJ0eXAiOiJKV1QiLCJhbGciOiJSUzI1NiJ9.eyJpc3MiOiJpbmZpbml0b3BzIiwiaWF0IjoxNjgxMjE1MTgzLCJleHAiOjE2ODEyMTUzNjMsImRhdGEiOnsiaWQiOjF9fQ.Wh9DdJP8-tx70RxlvB8LMUUmcx9mScwBO0Y562krEmrmLJh9I2jWeKrf6qkh7da9vbb08TxfuZpD1wpFcOXyWQ90jBWC1vTKfO7A-oJUs_7bBvjX8edrUkZrvFktLsPymkXl-vUUCvcvNWG4jWenrZGQe6PrkNHvG1IOjsCZWAtKcpoO2_tIrTVUCbbb6QiK7imCjM47puUrwdguOtj-tw_6jdtu_nDjDP56cGsDm-wbQIPwH1GMgsBxFqD1ufPvuwDIocKWIVk0VxJW1DaeeMx3z8LmO1jrlwNuOUNfIB7dE5hufd_aFDwaHghFjs_aVlk30spyCuCsj3RzCZ0HKQ','2023-04-11 12:13:03','2023-04-11 12:13:03'),(6,1,'eyJ0eXAiOiJKV1QiLCJhbGciOiJSUzI1NiJ9.eyJpc3MiOiJpbmZpbml0b3BzIiwiaWF0IjoxNjgxMjE3NTE5LCJleHAiOjE2ODEyMTc2OTksImRhdGEiOnsiaWQiOjF9fQ.EUwNYz6kvt9V99Fszq_Z1Uvhyp1EGsUFxNu9SlTYsjW562L9YunarHZi6R1oYTDXSkZ73JES0UlxVLg0TOuSmPr5RB_howG7uGsJ31ShFhymG3ca9g_Li-N23phQ9Jlo_q6L3W-1mU3xkxdgLGO3ur6Y5df_q9LyYLhmOTWnjc3clSjAAmIuQLP7Aww2cRfo7abpDqC3q_DBK2Q1XCXOEireDhoUZDG-lG2DwUn-raPXSfYY18_rOAJ7QZ1LnnZ2nBaxzArHStm_ctrBRI5qRAUGcOPXpXaDyGqCVbIgLykNRabRODY565xWoaDlt7FWgvEzbOLAL1p9S7LM6Esl6Q','eyJ0eXAiOiJKV1QiLCJhbGciOiJSUzI1NiJ9.eyJpc3MiOiJpbmZpbml0b3BzIiwiaWF0IjoxNjgxMjE3OTAyLCJleHAiOjE2ODEyMTgwODIsImRhdGEiOnsiaWQiOjF9fQ.o7z8Cru7VzU1v3e2bow2etbrlyFxvMA03NeA28pULLgQ0rx-A9l_HtjSA10T2aYMj6m67vNpNBZh-8SQIJAPRUXcDXeMq0pRrgeRKxtZgxk67ay2rrdKcj1tfyRxGfRgR08HpE9yjUSluK7KUir9R6dgxUiUAQfmOvg6-HYbpWE3QCZU03XIpCoJdE8ZR_3IkLXGZ-5WuVOqqmzObqyne_jR_DX8D8obkDQRR2cMufjG-i_GPjG4XO6nbznS7r7kpbdLjb1LoqolNsd_uKepNKcu8ezdJJl6viNby9N8NCkJMQDQ2pfY_FYhDoKaZvovEQEuTfN9QY_uzii_IUucug','2023-04-11 12:51:59','2023-04-11 12:58:22'),(7,1,'eyJ0eXAiOiJKV1QiLCJhbGciOiJSUzI1NiJ9.eyJpc3MiOiJpbmZpbml0b3BzIiwiaWF0IjoxNjgxMjg0OTM5LCJleHAiOjE2ODEyODUxMTksImRhdGEiOnsiaWQiOjF9fQ.G7Ds71WichZwD1GkKup5Jl5lQRxDq4D6VjrzI9tLcP2MnS8EtDR5jlMXL3VG9jYTRD0Pi22Y5ohWlhY0kRGMyWqLgzJKCXIeBXp7UhgmLLQcFhp6pfgE_sppXt3hxs2pxGv7khJ9hRFwigUpd3CGUx7iqxDCZh2DhBPc83RglSk8Fm4QNJnNrDDb3oaAinGDKRX2h6aeg8FsyQqcATkFD7BQ2KWFxsbD-ueuoOklpXkLZl6lLEia1DWYic4ZB7e36vUzXkQJpQreDyPrAnngHfVRCy4HHql4cunKOETXyMcrTH1F1hYx3aEvWiNZdQ2g5I5UHkBfHOkCFZiPCAbPwA','eyJ0eXAiOiJKV1QiLCJhbGciOiJSUzI1NiJ9.eyJpc3MiOiJpbmZpbml0b3BzIiwiaWF0IjoxNjgxMjg1MDAxLCJleHAiOjE2ODEyODUxODEsImRhdGEiOnsiaWQiOjF9fQ.pB27U9KzefGOyzRvM1606zfsx1hkXxgI5xNEMkkZrsZ44AuFOD-7hbfUkyuai8GNX0EDJR5gspsePRxrl5cZD8zgljxsWdouKFhFxvfYhDxzs7tmSONyPp5tF3YFoLw0q_V2oQy7r7AHundP8axzMh8Ip0WaMBzkFlrLyd47d2PRvXyUIIN2un0GFNwFCWUj6Ts3Y0ftWirW1BMi61X4O2s9HT2ck8lFMSehhiPEbC7R4yOEVhNTQIfgIkKJYLUHx2kipdHcRsihgTbvBxH10j3_jvPklKh71Ykf17lbyzVWBRfFYKJkweMdLeWDNgZKD9KxEaAIDH8ygx3f6dXJAg','2023-04-12 07:35:39','2023-04-12 07:36:41'),(8,1,'eyJ0eXAiOiJKV1QiLCJhbGciOiJSUzI1NiJ9.eyJpc3MiOiJpbmZpbml0b3BzIiwiaWF0IjoxNjgxMzIxMTU4LCJleHAiOjE2ODEzMjEzMzgsImRhdGEiOnsiaWQiOjF9fQ.h1mnip3XpHUB5wy_xrCXEz3u-PCuPQVeb9CW-9plVGyJs-oFiE_FLe3RqUIu76-_oMwOzt6kBwKa00fNu4t8tULqT4_qqVSFvpuW_EIzE4x0qwtQ4o4QOeRaSYCwizgsyHVfwdJosSgX_bhiEfcQBh3MFjSMV1BhSIJJZbczWOIsWM_uUDvWJSi4aLto9DSkB1-b75XNtqs-SU2VAuhETRJy2pYEl0KDmrTZgfdjOvklqzKz66PeC4_2Zr1_0FRRk_aPv1dwfVAeMKH2XeeaSkNGvcrmel8Ftf6yWPp61WLWe6vxAP_pY2bm8C43nIAtUMAIKOm9og7nVmCQ7JYTNA','eyJ0eXAiOiJKV1QiLCJhbGciOiJSUzI1NiJ9.eyJpc3MiOiJpbmZpbml0b3BzIiwiaWF0IjoxNjgxMzIxMTU4LCJleHAiOjE2ODEzMjEzMzgsImRhdGEiOnsiaWQiOjF9fQ.h1mnip3XpHUB5wy_xrCXEz3u-PCuPQVeb9CW-9plVGyJs-oFiE_FLe3RqUIu76-_oMwOzt6kBwKa00fNu4t8tULqT4_qqVSFvpuW_EIzE4x0qwtQ4o4QOeRaSYCwizgsyHVfwdJosSgX_bhiEfcQBh3MFjSMV1BhSIJJZbczWOIsWM_uUDvWJSi4aLto9DSkB1-b75XNtqs-SU2VAuhETRJy2pYEl0KDmrTZgfdjOvklqzKz66PeC4_2Zr1_0FRRk_aPv1dwfVAeMKH2XeeaSkNGvcrmel8Ftf6yWPp61WLWe6vxAP_pY2bm8C43nIAtUMAIKOm9og7nVmCQ7JYTNA','2023-04-12 17:39:18','2023-04-12 17:39:18'),(9,1,'eyJ0eXAiOiJKV1QiLCJhbGciOiJSUzI1NiJ9.eyJpc3MiOiJpbmZpbml0b3BzIiwiaWF0IjoxNjgxNjM4MjQzLCJleHAiOjE2ODE2Mzg0MjMsImRhdGEiOnsiaWQiOjF9fQ.DADPuie2CVWP84_QMQzKWmfWXRRrBWneALiSr1ywgaEDwl0fhRRxzKfMchwqnvrHKsfUPXC4uGX-roHbKbwLD-B_8OmZ6Y59JV3qn_C9yOo9FA1WmMo50GI0imTCEhUmXxPit8PTieP0-OuuKyqcUc9lRKeOwBFtCz-p8YZfobtjiBGExcM-l9b0PFDizvrFPh9WZYPxiInN2Gg5upXTrnCWdo6q4X4HFA_57GFy39VBuMJC8xaJDqP1N_GmOa523N8gOEYO6OnBXHKOJ-LSjHdoaYYW9jY-sjPkOyHcwF9GCvazg-4vK0purTVZpG-GjivvYua6qpSnIVZKwmF80A','eyJ0eXAiOiJKV1QiLCJhbGciOiJSUzI1NiJ9.eyJpc3MiOiJpbmZpbml0b3BzIiwiaWF0IjoxNjgxNjM4Mjk0LCJleHAiOjE2ODE2Mzg0NzQsImRhdGEiOnsiaWQiOjF9fQ.bhKpxF89h81x51k3gQaV9XMBN9AFyZJfjGJKK9Y9TfJ-lxdNWtha-6z1BmEWj8HQsPmbxUaLtu4i2yXLefdSXc1J6bh2fPavyv1I_e29OKjTDCwZyjWFjOq845MssYCKRTFRCG0JPlVB-y7Z6WcUK7bkaI8NRZmaDXmK5m64hj9KYlOrJkiq--Toa1vcIiq_XpTLPTllZ_f9tr4YRhsDWKeJt3gZ1buseAd8gz5spjEJLtnQas6gQpwrXhKkIfm6TcVrR2lUOh7BbC7CxeVxHCRa8456HHVpgyudys0dQ5IHzXo7ARi0WuKQm7A-E2sTXbZefK1g-c5Hsu6oxiT39g','2023-04-16 09:44:03','2023-04-16 09:44:54'),(10,1,'eyJ0eXAiOiJKV1QiLCJhbGciOiJSUzI1NiJ9.eyJpc3MiOiJpbmZpbml0b3BzIiwiaWF0IjoxNjgxNjQ1OTY3LCJleHAiOjE2ODE2NDYxNDcsImRhdGEiOnsiaWQiOjF9fQ.SETU22-g8kx4_RUl6PTrityzDQv1Ihwo1QvMRbdg-N3c-4R6QC-PjjzUZxbyIV6i-x1rhELYZ0dGFoZaQ9o6jiGkdTpU5HqWjnhNWY-n5CUzQbzmIcdr3npeU7wVx-M4vYrZdWrd1jkgRV2C1IxxpcyAcz52YiUngf8PhN8SHMY5voUwWcqHhwIt1Ll6BktYGuIJlzbs0TCuz4tIQjfyhvOcgWdfTAyMcR2NWarhjaV9FAmpkjKp8rRzkCpS_H80z3BeSq37Q-6cyTEQFud8X--GhPMj1aht3YMXWA1ogH6-JzExpAGf_8Fnj3wveD4Lm5mfUbHBMkDyQJw3Ks3YUw','eyJ0eXAiOiJKV1QiLCJhbGciOiJSUzI1NiJ9.eyJpc3MiOiJpbmZpbml0b3BzIiwiaWF0IjoxNjgxNjQ2MDcxLCJleHAiOjE2ODE2NDYyNTEsImRhdGEiOnsiaWQiOjF9fQ.LuCZkKp8tBlu8b-j9feky1wn3SwsHvHnPrnmpPbJkQ-kGzq3Q_fo66EeHshh9AzqOofnUeQ1w8CGw0ZFk24jIo64QP4g5R6iLtoTF3DSAunbbB5dyU0iJfRAo-BNXlNY7bTaIgJoSXAldcHoeSmzlh7Z-YVimeul2-36vaadGHS3WrZkWLRf3aZF7-scs5wNVopMaKc7Y72fLvXQiHOWKVMo2tY0bN0ulGiwmlO7avUxZIicHUMTjfe1E7srg9WuUtH7mKOMAbCKad9sqp7fukQE2gO3u4G8ILERjraD0RQk_EZUV2Xa3H4Lcalr-0tMwMLpO2JbVPoZzsFx12lFew','2023-04-16 11:52:47','2023-04-16 11:54:31'),(11,1,'eyJ0eXAiOiJKV1QiLCJhbGciOiJSUzI1NiJ9.eyJpc3MiOiJpbmZpbml0b3BzIiwiaWF0IjoxNjgxNzY0NjM2LCJleHAiOjE2ODE3NjQ4MTYsImRhdGEiOnsiaWQiOjF9fQ.GDTbJ2DkZnhfy1sNK7fkUPWhSN3cz0XPXE935x5fBh-ZrHP8FCZmSacRhzVN4F2G4dN-MZ7uSOD7PSNrXHzM9hrO3TPlOjUGe5T3oQHIolMZXUiSn9Y_sFoPvBnabxzS1jSJ3P5_MAFqO7E8LFXPqfdLfi_NmZ2fvTEMQmta3WQfPFffHIDj1NHHbsClf-cGtm0mFKPEPmj3WLSnI06r2-hASLODf34NClekciOX5r7vOKK4dICxyIaae5REg9w7YFg6uhoJ2hxqkgRo4CnMIT6pqNUzBCSa9w6zw-2UMgoMk7LAb4MiWlUCkI-TGBdkLo3hIP5FzkMDdVgElzLNeg','eyJ0eXAiOiJKV1QiLCJhbGciOiJSUzI1NiJ9.eyJpc3MiOiJpbmZpbml0b3BzIiwiaWF0IjoxNjgxNzY0NjM2LCJleHAiOjE2ODE3NjQ4MTYsImRhdGEiOnsiaWQiOjF9fQ.GDTbJ2DkZnhfy1sNK7fkUPWhSN3cz0XPXE935x5fBh-ZrHP8FCZmSacRhzVN4F2G4dN-MZ7uSOD7PSNrXHzM9hrO3TPlOjUGe5T3oQHIolMZXUiSn9Y_sFoPvBnabxzS1jSJ3P5_MAFqO7E8LFXPqfdLfi_NmZ2fvTEMQmta3WQfPFffHIDj1NHHbsClf-cGtm0mFKPEPmj3WLSnI06r2-hASLODf34NClekciOX5r7vOKK4dICxyIaae5REg9w7YFg6uhoJ2hxqkgRo4CnMIT6pqNUzBCSa9w6zw-2UMgoMk7LAb4MiWlUCkI-TGBdkLo3hIP5FzkMDdVgElzLNeg','2023-04-17 20:50:36','2023-04-17 20:50:36'),(12,1,'eyJ0eXAiOiJKV1QiLCJhbGciOiJSUzI1NiJ9.eyJpc3MiOiJpbmZpbml0b3BzIiwiaWF0IjoxNjgxNzY0NzY5LCJleHAiOjE2ODE3NjQ5NDksImRhdGEiOnsiaWQiOjF9fQ.SCkCCDH64SOGI7Sw7JKlcI4w3eDFALr0SB-df2HCtMSGRAuD1ZoLz6_GzvSJkZURo-714kOHjjQqbt2kSCo-m8iwX2cB74ZkpoNvQuOt-3M2uf6fEIfjtCLu_CgO3Eu-Y0UMsd3gYLQOemAKKrK6JHLcUpV_-3Diu7sJLLfbGgGxzUeq2j1ELs3LMgDMPw0jSDilbCVEM_H8zHPNACO9nKT3abkHHVnWTlw5eeJOx3whFtjf3u2gcTIrYOygf03pDt3fJWuGowMURKZv7-jLUorxOYkq4A3uPpVa5mn0Oy9p8qzcL0jynAmUXXNw_SiNJgUW_63Y_mRn2-Inq3Fznw','eyJ0eXAiOiJKV1QiLCJhbGciOiJSUzI1NiJ9.eyJpc3MiOiJpbmZpbml0b3BzIiwiaWF0IjoxNjgxNzY0NzY5LCJleHAiOjE2ODE3NjQ5NDksImRhdGEiOnsiaWQiOjF9fQ.SCkCCDH64SOGI7Sw7JKlcI4w3eDFALr0SB-df2HCtMSGRAuD1ZoLz6_GzvSJkZURo-714kOHjjQqbt2kSCo-m8iwX2cB74ZkpoNvQuOt-3M2uf6fEIfjtCLu_CgO3Eu-Y0UMsd3gYLQOemAKKrK6JHLcUpV_-3Diu7sJLLfbGgGxzUeq2j1ELs3LMgDMPw0jSDilbCVEM_H8zHPNACO9nKT3abkHHVnWTlw5eeJOx3whFtjf3u2gcTIrYOygf03pDt3fJWuGowMURKZv7-jLUorxOYkq4A3uPpVa5mn0Oy9p8qzcL0jynAmUXXNw_SiNJgUW_63Y_mRn2-Inq3Fznw','2023-04-17 20:52:49','2023-04-17 20:52:49'),(13,1,'eyJ0eXAiOiJKV1QiLCJhbGciOiJSUzI1NiJ9.eyJpc3MiOiJpbmZpbml0b3BzIiwiaWF0IjoxNjgxOTIzNzcyLCJleHAiOjE2ODE5MjM5NTIsImRhdGEiOnsiaWQiOjF9fQ.anBsnQzMN1UFOgF_u-Gx4IeqHNU5L5tzo7LJ_SOT9FYFbs3Hc1LQblI2_BLU5qqUk6uX-P5nV4NmlhcEjKYaJGaKs3_KVvOFVLVjy0ziGNbSePSPmBByfcroh_T-lWBxd1sai5UvhMaxzjqGjAttuJakJ7fYQv1umQg_8M7eGBlHR747W6IjFWL54IYAJdyuIiEtsW7V12oJZvxy1TnCZCmmuwqos3nl2qamdFu0TJMeCsD0BHyJT1LvfOj_73jZptSMidivXm2cRvsIRxBmKA14-ToIrfWycjgt7njQ5SU3VBQ0LdkUcNktrL7ePvGw8n2AgZi_XTrlumMxXX6iTA','eyJ0eXAiOiJKV1QiLCJhbGciOiJSUzI1NiJ9.eyJpc3MiOiJpbmZpbml0b3BzIiwiaWF0IjoxNjgxOTIzNzcyLCJleHAiOjE2ODE5MjM5NTIsImRhdGEiOnsiaWQiOjF9fQ.anBsnQzMN1UFOgF_u-Gx4IeqHNU5L5tzo7LJ_SOT9FYFbs3Hc1LQblI2_BLU5qqUk6uX-P5nV4NmlhcEjKYaJGaKs3_KVvOFVLVjy0ziGNbSePSPmBByfcroh_T-lWBxd1sai5UvhMaxzjqGjAttuJakJ7fYQv1umQg_8M7eGBlHR747W6IjFWL54IYAJdyuIiEtsW7V12oJZvxy1TnCZCmmuwqos3nl2qamdFu0TJMeCsD0BHyJT1LvfOj_73jZptSMidivXm2cRvsIRxBmKA14-ToIrfWycjgt7njQ5SU3VBQ0LdkUcNktrL7ePvGw8n2AgZi_XTrlumMxXX6iTA','2023-04-19 17:02:52','2023-04-19 17:02:52'),(14,1,'eyJ0eXAiOiJKV1QiLCJhbGciOiJSUzI1NiJ9.eyJpc3MiOiJpbmZpbml0b3BzIiwiaWF0IjoxNjgyMDEwOTYyLCJleHAiOjE2ODIwMTExNDIsImRhdGEiOnsiaWQiOjF9fQ.Se2Qy6klvjUIm9N1obr8le8wXOJAG5k36p0Hj_H7hqJyOtHiWWZTkEhZHDC8IaC46oqmTVUBwTdWyo464RlHW3uskugUsPy5HDJ7d8c_si3hwELrmv9OPrkxkm-MPLWCnmly6kCrOD7WtZWU3t4HFQALcDk1r1c8gX5R1UkkJGJwh2pXUsJ1RIWLWA5eQ3ETJjtTQ2WcljfYuCYiksxlaEKnmhGaYxPUg_5oaIpYv0dFnE_grrZRMy92Hd763RdnJyj8r1lCvWGFdNwSvw7bPsUy-lR__LRU4eWLcNSx1JAraZlyEZGIZAyhAMVMHHmVOPcqM3sVutP8lgHnmrkQsw','eyJ0eXAiOiJKV1QiLCJhbGciOiJSUzI1NiJ9.eyJpc3MiOiJpbmZpbml0b3BzIiwiaWF0IjoxNjgyMDEwOTYyLCJleHAiOjE2ODIwMTExNDIsImRhdGEiOnsiaWQiOjF9fQ.Se2Qy6klvjUIm9N1obr8le8wXOJAG5k36p0Hj_H7hqJyOtHiWWZTkEhZHDC8IaC46oqmTVUBwTdWyo464RlHW3uskugUsPy5HDJ7d8c_si3hwELrmv9OPrkxkm-MPLWCnmly6kCrOD7WtZWU3t4HFQALcDk1r1c8gX5R1UkkJGJwh2pXUsJ1RIWLWA5eQ3ETJjtTQ2WcljfYuCYiksxlaEKnmhGaYxPUg_5oaIpYv0dFnE_grrZRMy92Hd763RdnJyj8r1lCvWGFdNwSvw7bPsUy-lR__LRU4eWLcNSx1JAraZlyEZGIZAyhAMVMHHmVOPcqM3sVutP8lgHnmrkQsw','2023-04-20 17:16:02','2023-04-20 17:16:02'),(15,1,'eyJ0eXAiOiJKV1QiLCJhbGciOiJSUzI1NiJ9.eyJpc3MiOiJpbmZpbml0b3BzIiwiaWF0IjoxNjgyMDExNDU1LCJleHAiOjE2ODIwMTE2MzUsImRhdGEiOnsiaWQiOjF9fQ.bAMFlhCGdKW0iZkaFtOunK7KlbRLZpmVTpVkKgB43nNVtaVDmYlJy_5Uul3t9GzPjTiuv2OMR039qViZHBiaxM9_TYxql0Wq1IpBW9mlPu1D-UHnQ2FWOcbnTO3Pbx9T9-160-0YTp9uGLpoQwkeRAHunmNeUNoQapPqpEWjEE1G5A_dpcQjLGzOJhJE_XxWgM-UbPCORHwVZNKwrLEj_Bqp4o7xJUHIcWwOW5u9cSH99MDqL_G4pPRi7kUv6is19kUAWFDktrbGPT7dCNi8YFIQMqHxNUqXXIuFubngtvZOmlYGVKj2v0H8V2A0xVowCoy4REzX1DoslVYPn1BbLg','eyJ0eXAiOiJKV1QiLCJhbGciOiJSUzI1NiJ9.eyJpc3MiOiJpbmZpbml0b3BzIiwiaWF0IjoxNjgyMDExNDU1LCJleHAiOjE2ODIwMTE2MzUsImRhdGEiOnsiaWQiOjF9fQ.bAMFlhCGdKW0iZkaFtOunK7KlbRLZpmVTpVkKgB43nNVtaVDmYlJy_5Uul3t9GzPjTiuv2OMR039qViZHBiaxM9_TYxql0Wq1IpBW9mlPu1D-UHnQ2FWOcbnTO3Pbx9T9-160-0YTp9uGLpoQwkeRAHunmNeUNoQapPqpEWjEE1G5A_dpcQjLGzOJhJE_XxWgM-UbPCORHwVZNKwrLEj_Bqp4o7xJUHIcWwOW5u9cSH99MDqL_G4pPRi7kUv6is19kUAWFDktrbGPT7dCNi8YFIQMqHxNUqXXIuFubngtvZOmlYGVKj2v0H8V2A0xVowCoy4REzX1DoslVYPn1BbLg','2023-04-20 17:24:15','2023-04-20 17:24:15'),(16,1,'eyJ0eXAiOiJKV1QiLCJhbGciOiJSUzI1NiJ9.eyJpc3MiOiJpbmZpbml0b3BzIiwiaWF0IjoxNjgyMDExOTg4LCJleHAiOjE2ODIwMTIxNjgsImRhdGEiOnsiaWQiOjF9fQ.O05VJ5l3vVd4aGrlGUT0zmIgvArXCl7b27-LI132hZeA6v4hiLm0lKnH5PaFonMJkwcEDZjXlN2TJ-x1XLEVgt8PPj33ESfKKcLGYAdMwaYZLjeZmf1MssupAt0f189Xg6KKkaPkDwQRkdsxh4C0adRc9YQOFiTZ3QN2a5nwKFHFKSy-qh9qWddEMpEpRHFJuCkq27Ll34QeaIgH7tKTW5Y8UdJCb6Snn_NGsdtV5LzICf48q9Aqkk_7eYo440qQRP0plLMxXYHgVVBY8LJYqh7Hl6o7S0mIb5LkACPdOsi0cy3vamRRB3ZvyIFyJaCZ8T_ZYS2cuhi7Xr5dyEopkw','eyJ0eXAiOiJKV1QiLCJhbGciOiJSUzI1NiJ9.eyJpc3MiOiJpbmZpbml0b3BzIiwiaWF0IjoxNjgyMDExOTg4LCJleHAiOjE2ODIwMTIxNjgsImRhdGEiOnsiaWQiOjF9fQ.O05VJ5l3vVd4aGrlGUT0zmIgvArXCl7b27-LI132hZeA6v4hiLm0lKnH5PaFonMJkwcEDZjXlN2TJ-x1XLEVgt8PPj33ESfKKcLGYAdMwaYZLjeZmf1MssupAt0f189Xg6KKkaPkDwQRkdsxh4C0adRc9YQOFiTZ3QN2a5nwKFHFKSy-qh9qWddEMpEpRHFJuCkq27Ll34QeaIgH7tKTW5Y8UdJCb6Snn_NGsdtV5LzICf48q9Aqkk_7eYo440qQRP0plLMxXYHgVVBY8LJYqh7Hl6o7S0mIb5LkACPdOsi0cy3vamRRB3ZvyIFyJaCZ8T_ZYS2cuhi7Xr5dyEopkw','2023-04-20 17:33:08','2023-04-20 17:33:08'),(17,1,'eyJ0eXAiOiJKV1QiLCJhbGciOiJSUzI1NiJ9.eyJpc3MiOiJpbmZpbml0b3BzIiwiaWF0IjoxNjgyMDU5NjQ5LCJleHAiOjE2ODIwNTk4MjksImRhdGEiOnsiaWQiOjF9fQ.iFKr6WM0gEjGjDYyC0JEJypDcU2y7vBDwocxsAu_pBcVp6Xbnif4EY1kha1_XXWj6rftLnf-bywsxaC32RFiBiyHrhHKGbCfkIIYq8frVDJIgL-h17kPSKlK_SX6cuvMo-F4Oze7ehjkDpbD_uXXvtIdz9POVrJamGeW-0IOyGrtU8dbAz2AxqsaLRb2wKJBSybKWpdJ98v57WdWpI8AOXzXc1SOcnlSAubCHj4eQukYxVHWEpfzWKO2mUFGURU_CUJ0ukZ1Z81BOqejbueTpipPuTPOC5DNLlRHe6EnlCSqsFmhi2qQAzjL7mYZ0ID8uZwj22vBGbaulMiep6Q3dw','eyJ0eXAiOiJKV1QiLCJhbGciOiJSUzI1NiJ9.eyJpc3MiOiJpbmZpbml0b3BzIiwiaWF0IjoxNjgyMDU5NjQ5LCJleHAiOjE2ODIwNTk4MjksImRhdGEiOnsiaWQiOjF9fQ.iFKr6WM0gEjGjDYyC0JEJypDcU2y7vBDwocxsAu_pBcVp6Xbnif4EY1kha1_XXWj6rftLnf-bywsxaC32RFiBiyHrhHKGbCfkIIYq8frVDJIgL-h17kPSKlK_SX6cuvMo-F4Oze7ehjkDpbD_uXXvtIdz9POVrJamGeW-0IOyGrtU8dbAz2AxqsaLRb2wKJBSybKWpdJ98v57WdWpI8AOXzXc1SOcnlSAubCHj4eQukYxVHWEpfzWKO2mUFGURU_CUJ0ukZ1Z81BOqejbueTpipPuTPOC5DNLlRHe6EnlCSqsFmhi2qQAzjL7mYZ0ID8uZwj22vBGbaulMiep6Q3dw','2023-04-21 06:47:29','2023-04-21 06:47:29'),(18,1,'eyJ0eXAiOiJKV1QiLCJhbGciOiJSUzI1NiJ9.eyJpc3MiOiJpbmZpbml0b3BzIiwiaWF0IjoxNjgyMDU5NzAwLCJleHAiOjE2ODIwNTk4ODAsImRhdGEiOnsiaWQiOjF9fQ.gYnah9W5ywXuRciY5bs-eTpHuE7E8NPH03uMLauWS6CTrPeUoj3Uk2sCp9sog7Niutw7EeCkMrFNxVtqoYXNJkhU03NysIo1OorrmaaAlC8yobeUtqk-MOgVClCvBvcgYL0fC29bNLKuHB8BbHKqIhz7fuU4PxOsmWVjy2C_jTVlQEHZNkbm2gyaGgdSIQmK975rNjR88ihjR6T-vEf2ugu8C7rhaQSRHGjiUSmNGyOiDBddG15KY3amYGRf1otDVSwVqWoXPCam05BL78xJkA_7LHAkox00lpGYCEFeF5XrUTkL8CYCW0-nlTrfSXDfIfRhZ8-7DVtAhA3d50PvxQ','eyJ0eXAiOiJKV1QiLCJhbGciOiJSUzI1NiJ9.eyJpc3MiOiJpbmZpbml0b3BzIiwiaWF0IjoxNjgyMDU5NzAwLCJleHAiOjE2ODIwNTk4ODAsImRhdGEiOnsiaWQiOjF9fQ.gYnah9W5ywXuRciY5bs-eTpHuE7E8NPH03uMLauWS6CTrPeUoj3Uk2sCp9sog7Niutw7EeCkMrFNxVtqoYXNJkhU03NysIo1OorrmaaAlC8yobeUtqk-MOgVClCvBvcgYL0fC29bNLKuHB8BbHKqIhz7fuU4PxOsmWVjy2C_jTVlQEHZNkbm2gyaGgdSIQmK975rNjR88ihjR6T-vEf2ugu8C7rhaQSRHGjiUSmNGyOiDBddG15KY3amYGRf1otDVSwVqWoXPCam05BL78xJkA_7LHAkox00lpGYCEFeF5XrUTkL8CYCW0-nlTrfSXDfIfRhZ8-7DVtAhA3d50PvxQ','2023-04-21 06:48:20','2023-04-21 06:48:20'),(19,1,'eyJ0eXAiOiJKV1QiLCJhbGciOiJSUzI1NiJ9.eyJpc3MiOiJpbmZpbml0b3BzIiwiaWF0IjoxNjgyMDU5Nzc0LCJleHAiOjE2ODIwNTk5NTQsImRhdGEiOnsiaWQiOjF9fQ.aMnntNeCq7ncDHFpXzx3jFJpeNRkVMdzrf3vFu3hNpLXu17jzesUQN2EZZNNix7N3UV57D49oqjb6TNGp15mW0Y5fjDIw9qztlSwVI9o9tR0ltz8XPfthkSKnTheURb8MoyO5cM02InWYB-XrlTMfVLS3qGCNPRMbaXJHDpCZYZJOnnSOMAXYsb18Xs7IYckfk9_q5MWAGVDKn2wmV6mHZ8POB8CNmAd1_JiMKEXMWHlSEllTaY3zWHZhsQc0QIXH2PtTqON2d_etDjq4_E8GtTijEM7I0Nq9IjYzwZ4FZchYA3DdgUjWsv-RKT5RZnDRbW6-aJQ4XhjirKiEZ4PJQ','eyJ0eXAiOiJKV1QiLCJhbGciOiJSUzI1NiJ9.eyJpc3MiOiJpbmZpbml0b3BzIiwiaWF0IjoxNjgyMDU5Nzc0LCJleHAiOjE2ODIwNTk5NTQsImRhdGEiOnsiaWQiOjF9fQ.aMnntNeCq7ncDHFpXzx3jFJpeNRkVMdzrf3vFu3hNpLXu17jzesUQN2EZZNNix7N3UV57D49oqjb6TNGp15mW0Y5fjDIw9qztlSwVI9o9tR0ltz8XPfthkSKnTheURb8MoyO5cM02InWYB-XrlTMfVLS3qGCNPRMbaXJHDpCZYZJOnnSOMAXYsb18Xs7IYckfk9_q5MWAGVDKn2wmV6mHZ8POB8CNmAd1_JiMKEXMWHlSEllTaY3zWHZhsQc0QIXH2PtTqON2d_etDjq4_E8GtTijEM7I0Nq9IjYzwZ4FZchYA3DdgUjWsv-RKT5RZnDRbW6-aJQ4XhjirKiEZ4PJQ','2023-04-21 06:49:34','2023-04-21 06:49:34'),(20,1,'eyJ0eXAiOiJKV1QiLCJhbGciOiJSUzI1NiJ9.eyJpc3MiOiJpbmZpbml0b3BzIiwiaWF0IjoxNjgyMDYwMTMxLCJleHAiOjE2ODIwNjAzMTEsImRhdGEiOnsiaWQiOjF9fQ.j4UDE87dJECMmbs_OiC-WY4AtONdvVg5x0azxMU_l0vw0kyZGwwrt5P1d3m_bNsW8YUg_ZSn0xkMGz26GQlsqfbawdJo4S6fmW7MvEyYQjicOGq9-xdr50YtQaJFIP-Rh6bnlpdK0sOMMg8qZ3rACTn0lQxl5ZdRdu7_eahirTb6-Tock2u3u5SoO4S1V7AlTGUx_8-Mxx9cV-aY-e56mNLobv17nx4LiqK4wXV6s8gPCacB4gqNZ9zbAp3fqSeAtHlNk2aB5VbriHoJFI3oTrT_88a5mhz5sejR_3I_IRwwjviJ3DyMSCiF7G7xYSgDWlyXaYbDyIRIZjBLOc_ZVA','eyJ0eXAiOiJKV1QiLCJhbGciOiJSUzI1NiJ9.eyJpc3MiOiJpbmZpbml0b3BzIiwiaWF0IjoxNjgyMDYwNTkyLCJleHAiOjE2ODIwNjA3NzIsImRhdGEiOnsiaWQiOjF9fQ.iDrnZzcJkdLAfraCzCVZiwuXzqK1sQ17RiCNMI3Gy_4i3Ui5Pr_utEQ01Jfj97sNCmrSCKwIqFBVp2dyhEumrD17FKD_HkyaWRKwFM5RLwC1jkUxvDG3PL6RXBc4m1OPzkBXG29eCAcawI-UIgg-8Wb5ilJAO0WG4j9voUzVgi5RBJnS5S7n0c4vUmNNNbejDyUbsyux9gnC3rhBGDTrOO2I_DYC_dq48QhOpB5jZarLVvYDOJk2ap8ymrSq5XGqCezR5EXG7lqhY7dpvERMvEOdiJFQ-jvPFc9-UuScjTPoBPH1OE1MmvNq8iZfkn-ceJLz2lG153fq1Osd_JAYXQ','2023-04-21 06:55:31','2023-04-21 07:03:12'),(21,1,'eyJ0eXAiOiJKV1QiLCJhbGciOiJSUzI1NiJ9.eyJpc3MiOiJpbmZpbml0b3BzIiwiaWF0IjoxNjgyMDYxMjA0LCJleHAiOjE2ODIwNjEzODQsImRhdGEiOnsiaWQiOjF9fQ.A0zc8njlNjKUfq2OeuTOTjeD4P99_6FntlokymApreqaZxfmm4y0tjvssHcqnILDQk_1QjGbt8IQyQV2xNCzsToVT09FEPQwfBcBpHL5THaNsX5WRUYtMiTmSbwMx61vsDNdiV3_buXB8Yk0As9S5R2zQ2ONw3brbYWHGVMbnC8572sbI9-iXDWWohFrYIpi-Y5F1GOCnkUZJLcWW-6-0FcCxnSweE8udNmrHgUbHFx0CUe2wg_lI4LTrEYCRzw1x8Un1OfIiCM49O3IH0mgfHu5vIVPl42vsEc0mZvBnhgY23Qn_fhPMJAR5uSqUljP_YzQamUoHEtt-HTKNB7Mfg','eyJ0eXAiOiJKV1QiLCJhbGciOiJSUzI1NiJ9.eyJpc3MiOiJpbmZpbml0b3BzIiwiaWF0IjoxNjgyMDYxMjI1LCJleHAiOjE2ODIwNjE0MDUsImRhdGEiOnsiaWQiOjF9fQ.p59DUnnQpKdnsynumSJYy_YM91EuPin7Rv3DZRLRH7Efq412gOi9EjaTfK5sK4eS6y9Khtcg6BtL9PgiFEoXLyipWFWj_TNOEV-2oz5Cv0iXx0MtbvUzIE1DQ5yyH_k75110vyWCNjyFXWXKtlbnkq5jE2kVktAtrAxB7P58lcKBpR0Z4nbLyI66GqjIbrsgeVSbiJIgmXng8sNyWWGyT2sT2H5gK9zKQrdeh1S2Zxe5MVBkXWrYyFtBiWRVrrML2EaKvLBuWrwJi92L1O82IU2m1E2qocG0TkItjnCQzXLX6dNIzxzqsVJOPbyA3OsNsXkOmCbf5q2XhueWWQl6bg','2023-04-21 07:13:24','2023-04-21 07:13:45'),(22,1,'eyJ0eXAiOiJKV1QiLCJhbGciOiJSUzI1NiJ9.eyJpc3MiOiJpbmZpbml0b3BzIiwiaWF0IjoxNjgyMDYxNTQzLCJleHAiOjE2ODIwNjIxNDMsImRhdGEiOnsiaWQiOjF9fQ.NYpOr81S_am1GESyPTuEKyIwA9NDabU04Ne1MYcgBnfZ8TDzyPQC-3qRN5r2rYdjUemCYMgYfW-phUkNat6Sa4QfhRQX3tZ56vfQOX2vEFBgWDXlTNYwMTBYAFFbe7cP6SoRJ6bvIeZPRnGDJDSObvtVqxGwybYZQ9E2MWXBZTsryTUFF619fnO3q1Jxo9VNjg4zFfDtAxh_kp-Kv6ciVhkDXpryAT8Noj0mKTbz1mDBN6gLQ45waVjSK0fr0TGKGkBNVCc4jefy_ebvvgn9z3FGMMW3jd0WS_cxmj14gVYzPDakVR8ezSI4Pf67zDQLKYOen-aPkLwYNJ4BfOHF1A','eyJ0eXAiOiJKV1QiLCJhbGciOiJSUzI1NiJ9.eyJpc3MiOiJpbmZpbml0b3BzIiwiaWF0IjoxNjgyMDYyMTY1LCJleHAiOjE2ODIwNjI3NjUsImRhdGEiOnsiaWQiOjF9fQ.moJ-DWyF8iIkI5FgHinW5IUJG_4YJmPUyiiOEZcsToJluaMVnFKwBMx3lEwEhrG0tSqapNuk31GwsZGFg9fjUXmtuG4U8iO-WC7XBWKzn_Pj0GwBzn-v8USTI8yYxGT_PoVKCKpAcnrQYZu7YVAYKkY0pelipU7w1VgPYUdvSdomU7Wu1JKAl7-e_J6cUeQv9K8_BR-6Ej3NurAiSCLY1ZCh6_O5OFMDI7Ad0OVziyFuRht6woVzwertHOxsBWCsmrtgLdTLK3DxdBDm-2FJg6FVVsFczJpLjRczvClZZ4iEw_aueMeuRcZyg5qM-Y-qfynun892AA57anNXgq3xyw','2023-04-21 07:19:03','2023-04-21 07:29:25'),(23,1,'eyJ0eXAiOiJKV1QiLCJhbGciOiJSUzI1NiJ9.eyJpc3MiOiJpbmZpbml0b3BzIiwiaWF0IjoxNjgyMDY1MzM3LCJleHAiOjE2ODIwNjU5MzcsImRhdGEiOnsiaWQiOjF9fQ.ds0mH-Iv1WVb5k9lfLxZfkB52ikVRLehHvrb73nZo068Tr5MF4QxKz_6GzwT4tO3ZJs9Ac-Erp5zKwuLABaR_EyPjLlaELajiZWuAbgXc1uQjQkvuntC-H0BMHD57IIfO30g8uwx5fX8fhDZyzvuO7Two55_bSxa_Qe7qLivN-2NuXVoKDIpl9zJKg_g0BpofQstlFfiy714vZugsPLva9xe0fC-mAy9vxe5u4vbEJMJLPpYFbDnNixwpCXvaf4ezYSs7cX_c9epbCBDukFQPnR3R6oZk4Z5mEfbCDwGo75njtVfuiPZ6KrDLV5kclQz4_EqRC7b0vhAENs38Y1FMA','eyJ0eXAiOiJKV1QiLCJhbGciOiJSUzI1NiJ9.eyJpc3MiOiJpbmZpbml0b3BzIiwiaWF0IjoxNjgyMDY1MzM3LCJleHAiOjE2ODIwNjU5MzcsImRhdGEiOnsiaWQiOjF9fQ.ds0mH-Iv1WVb5k9lfLxZfkB52ikVRLehHvrb73nZo068Tr5MF4QxKz_6GzwT4tO3ZJs9Ac-Erp5zKwuLABaR_EyPjLlaELajiZWuAbgXc1uQjQkvuntC-H0BMHD57IIfO30g8uwx5fX8fhDZyzvuO7Two55_bSxa_Qe7qLivN-2NuXVoKDIpl9zJKg_g0BpofQstlFfiy714vZugsPLva9xe0fC-mAy9vxe5u4vbEJMJLPpYFbDnNixwpCXvaf4ezYSs7cX_c9epbCBDukFQPnR3R6oZk4Z5mEfbCDwGo75njtVfuiPZ6KrDLV5kclQz4_EqRC7b0vhAENs38Y1FMA','2023-04-21 08:22:17','2023-04-21 08:22:17'),(24,1,'eyJ0eXAiOiJKV1QiLCJhbGciOiJSUzI1NiJ9.eyJpc3MiOiJpbmZpbml0b3BzIiwiaWF0IjoxNjgyMDY1NDM2LCJleHAiOjE2ODIwNjYwMzYsImRhdGEiOnsiaWQiOjF9fQ.MCeOR_EOlNVGHMc23ZgWF2lmTInHVlVlFAk4gBbLexAwaQBugsTnPmTA_188NEdpDnRQkuBA10qxPjZw3DtqwY3wUioPpYXSBYug-V5yUYHMs6YEfLUpn3qI5jlge_4nR_VV8d-E6BuOhDxVTvVSRpG6CcpLZbig5lFmmE9TWIDgNOez35vD7eRQpmMuS-AVhsHjsa8wFerdje7XPdEiKPkacqk-88B9QQkCiSnOzMiAXDCoe4ok7dca5x4KDKZquhihxGtqNXzy5nnmad_e4svFEQGe_FCWGuQjPwCwB252cB45dV_dkmGV-WlI4mwY11lMT3Fx-Awkfk5JHsqs_Q','eyJ0eXAiOiJKV1QiLCJhbGciOiJSUzI1NiJ9.eyJpc3MiOiJpbmZpbml0b3BzIiwiaWF0IjoxNjgyMDY1NDM2LCJleHAiOjE2ODIwNjYwMzYsImRhdGEiOnsiaWQiOjF9fQ.MCeOR_EOlNVGHMc23ZgWF2lmTInHVlVlFAk4gBbLexAwaQBugsTnPmTA_188NEdpDnRQkuBA10qxPjZw3DtqwY3wUioPpYXSBYug-V5yUYHMs6YEfLUpn3qI5jlge_4nR_VV8d-E6BuOhDxVTvVSRpG6CcpLZbig5lFmmE9TWIDgNOez35vD7eRQpmMuS-AVhsHjsa8wFerdje7XPdEiKPkacqk-88B9QQkCiSnOzMiAXDCoe4ok7dca5x4KDKZquhihxGtqNXzy5nnmad_e4svFEQGe_FCWGuQjPwCwB252cB45dV_dkmGV-WlI4mwY11lMT3Fx-Awkfk5JHsqs_Q','2023-04-21 08:23:56','2023-04-21 08:23:56'),(25,1,'eyJ0eXAiOiJKV1QiLCJhbGciOiJSUzI1NiJ9.eyJpc3MiOiJpbmZpbml0b3BzIiwiaWF0IjoxNjgyMDY5ODMyLCJleHAiOjE2ODIwNzA0MzIsImRhdGEiOnsiaWQiOjF9fQ.j2R3raE7vq1z2OC3YWTQaz-xTEwBDBm3zVk_JXHv4JAjs6CEJ-IQGmYFKkLCk53So5VjwvA1Egs-n9W9z_Qg1WYpG9LgZxL0zsW7mjUFXUddv84GLDRcuvJDIV5Jk7iK2b714ciG3T09jWfaNWKIxuDWsHP7DKOD4EpYztws6SoHsdnlBvOF2vwuDnCIEJk4vF2dGbaybK91QJdn8Laj4i9nfjoRfllnHPkg1x6YKUxunUOIzmSOAX2leMs5te1rRISGIzsTraNxwEsPGM4wJfMsTRF7uoVVjrDFX4xEAUJH-YIC7UJ8BPhKIBvFU0cs932FXDqHtg5YfIgUi0XrcQ','eyJ0eXAiOiJKV1QiLCJhbGciOiJSUzI1NiJ9.eyJpc3MiOiJpbmZpbml0b3BzIiwiaWF0IjoxNjgyMDY5ODMyLCJleHAiOjE2ODIwNzA0MzIsImRhdGEiOnsiaWQiOjF9fQ.j2R3raE7vq1z2OC3YWTQaz-xTEwBDBm3zVk_JXHv4JAjs6CEJ-IQGmYFKkLCk53So5VjwvA1Egs-n9W9z_Qg1WYpG9LgZxL0zsW7mjUFXUddv84GLDRcuvJDIV5Jk7iK2b714ciG3T09jWfaNWKIxuDWsHP7DKOD4EpYztws6SoHsdnlBvOF2vwuDnCIEJk4vF2dGbaybK91QJdn8Laj4i9nfjoRfllnHPkg1x6YKUxunUOIzmSOAX2leMs5te1rRISGIzsTraNxwEsPGM4wJfMsTRF7uoVVjrDFX4xEAUJH-YIC7UJ8BPhKIBvFU0cs932FXDqHtg5YfIgUi0XrcQ','2023-04-21 09:37:12','2023-04-21 09:37:12'),(26,1,'eyJ0eXAiOiJKV1QiLCJhbGciOiJSUzI1NiJ9.eyJpc3MiOiJpbmZpbml0b3BzIiwiaWF0IjoxNjgyMDcwMTMxLCJleHAiOjE2ODIwNzA3MzEsImRhdGEiOnsiaWQiOjF9fQ.WsMXt1A9gFdEyohy7ERwH987GATmJVYBeFpTBcJcWIT1V3AimBB66IiEuWxAKlOkdDRCXLRRdIVjMm1dBmOMSTG5fpPlF7pO1tTIVo15l5UmjcxN9IJAZ2JhnTEDmDqSjb3zVwfxtay3uK-c24HJbyv620sCaY9XcAVlkxOXCfcpXNI4CFl-s1XhCRFXPi2VVUtH9JCqRHhfwlueMMvSLAm1T5vdZGjrrYsl1hw7AYBffhhuCeIF94swfcM8CwPaOS9d_WwCM8BCbji1_nG0oa4Dj8FwlaPZb0hBt2KZ3xvPbGO7EAF3K6bdvhJJF9JRPHYkebxUHyEkrGGrRweK1g','eyJ0eXAiOiJKV1QiLCJhbGciOiJSUzI1NiJ9.eyJpc3MiOiJpbmZpbml0b3BzIiwiaWF0IjoxNjgyMDcwMTMxLCJleHAiOjE2ODIwNzA3MzEsImRhdGEiOnsiaWQiOjF9fQ.WsMXt1A9gFdEyohy7ERwH987GATmJVYBeFpTBcJcWIT1V3AimBB66IiEuWxAKlOkdDRCXLRRdIVjMm1dBmOMSTG5fpPlF7pO1tTIVo15l5UmjcxN9IJAZ2JhnTEDmDqSjb3zVwfxtay3uK-c24HJbyv620sCaY9XcAVlkxOXCfcpXNI4CFl-s1XhCRFXPi2VVUtH9JCqRHhfwlueMMvSLAm1T5vdZGjrrYsl1hw7AYBffhhuCeIF94swfcM8CwPaOS9d_WwCM8BCbji1_nG0oa4Dj8FwlaPZb0hBt2KZ3xvPbGO7EAF3K6bdvhJJF9JRPHYkebxUHyEkrGGrRweK1g','2023-04-21 09:42:11','2023-04-21 09:42:11'),(27,1,'eyJ0eXAiOiJKV1QiLCJhbGciOiJSUzI1NiJ9.eyJpc3MiOiJpbmZpbml0b3BzIiwiaWF0IjoxNjgyMDcwMjMwLCJleHAiOjE2ODIwNzA4MzAsImRhdGEiOnsiaWQiOjF9fQ.mwgwmsWm5ihjQ0_mzm8y7jsFntr3jvHjSH33Ggv5LIogy-YIusbhC0nkaJgvD9-iNLlzg7IwlBf7l7ihgdDs3uWLcOAW1Pedgyna5xJT1ohJGMwjomFrNftSaWD6_xsGd6sDD3Kuh3UvgH7w6btLhgiH6kYK1Y7UmnsZlWXrrgaF9WCFcTG7e6dg1WOYKukUlIvFfELxIdY6_s9QqjqhQYMK23rEcZam8xwCKMPouNXR2sy-jns_a4DpF7UnZTJAOk69spuiFYI6Pvy28FnlGMmojMi7YklKNA-duDtBahHvofFEb13Gt28FTTKnuV-2PxGWZgRwpTalsTXjxGD5Vg','eyJ0eXAiOiJKV1QiLCJhbGciOiJSUzI1NiJ9.eyJpc3MiOiJpbmZpbml0b3BzIiwiaWF0IjoxNjgyMDcwMjMzLCJleHAiOjE2ODIwNzA4MzMsImRhdGEiOnsiaWQiOjF9fQ.dGbTZl-1lWP6REMSeR8EjR3WRuYVLlOfBQ4uRLuE9sIs_aG_fRVHMLKM5AchVWmKpiHnx4b9tj1KYozdoOd2fEpgchjMgn_0RG6EAQ0sYY6Jsx7vaoYjUroKbBz7eoV784SfDhJHSg_M5YxCboSUdBckNd6qFqfjwi10KHeYFz6CpUzZB9FQonOVvG8zJfUulT8giCTJNkXMa8XHuxaYaOVsfgxzOsMpiPDNRfYEPVR_U3dajIDFFwOm8dpS-gw7rab4m-5sBhLs1b4ZrtjAkief3CafUO45jYQKMjddKQnYyz2VbzuNX_UTV1zFR8l0I391Ez5W_comqt8wbaNLcQ','2023-04-21 09:43:50','2023-04-21 09:43:53'),(28,1,'eyJ0eXAiOiJKV1QiLCJhbGciOiJSUzI1NiJ9.eyJpc3MiOiJpbmZpbml0b3BzIiwiaWF0IjoxNjgyMDkxOTc1LCJleHAiOjE2ODIwOTI1NzUsImRhdGEiOnsiaWQiOjF9fQ.UQcYrgsR-xDd5K89ZDx82Y96Vn3MESsmJFcHXuxAi_LypvOl2lKMLQ51f0rll0foi3pNLRNQJkYAg-12RcqqL7HeosfB0i-AnUthbw0F9jl8IkCZI9BCh5UC2ntKmVdFS8dTZcY9ENeDFRPX6d-6wO1x5zrNIypzGU9kynQ8OP2ZQimTc56aKq90phoy1yIjhPnCFqmh3iFumux93DfyCJPgD6b3nlItjrmTiTQTIK3As5WHcsDcYyAAL6dv8rAcndTbYxRuRtRLdCrNBAwAbsEmWhXupPse8gN-xb06OiUcwW2Fes7EZevwmEeRlaIKsZ-KxR5rL4wUYC6MLOh1WQ','eyJ0eXAiOiJKV1QiLCJhbGciOiJSUzI1NiJ9.eyJpc3MiOiJpbmZpbml0b3BzIiwiaWF0IjoxNjgyMDkxOTk5LCJleHAiOjE2ODIwOTI1OTksImRhdGEiOnsiaWQiOjF9fQ.lPnO5Nwnb-mgPZlrS5FFlKKF6Xtrv4RLOtpQxWJXdtPi85VxJO7dqDS0ZrrWSgO9GGDRO1ebz49m9hu_qMGvpoJZ1H25vvVwKFQByEPLo_buiTLIRll-MEEXfHO5N2DflFnQLTsNVpu6eia8ljA4i9LRmzWuUxPi1ZWFhWXHGTYfYFK19rb8dk6PgJ6hgE7CLOz80ac0RDUe5etyhrr-7wgbvEISmyGN0jLzhHhubbtGNURplJEFSD_8opYHztJeeml1WRaM1GKCOns7VZ_VMZ0PjfDO_rflaiXE8cHpLk7CMaefKdl4PVV2OCeKyknKirndGzkvNB-0K8TJPTbXfQ','2023-04-21 15:46:15','2023-04-21 15:46:39'),(29,1,'eyJ0eXAiOiJKV1QiLCJhbGciOiJSUzI1NiJ9.eyJpc3MiOiJpbmZpbml0b3BzIiwiaWF0IjoxNjgyMDkyNTAwLCJleHAiOjE2ODIwOTMxMDAsImRhdGEiOnsiaWQiOjF9fQ.gGe94Pxv-kjwoyu_WtkjwTyURbroLviwCEnYNETHuM1xVTF22JKX_u1xeBpOEGhAtJVtMSZBbqk6ZAWMcvs1HNgjYykQZhhE_h15e1OK-UHNJK-lIsP93_9s3he0w7hqER1MpojXoKXNgDjQCfCuCrtR-ZUtNvtj2bKSDTy77uhJ3xxb6FCqNdaOzfNMQkrja6x9nlAlP0b_rp97RvC-Wvccc3skJvc1BXQT1vsOh9k2LjhhOfs6zIX-pqldNlwnyPyDIzhzSEoKk3juhm81P38J6YqRq5RxhW0LnNxZjvoAjZzsa8qrRO9cD9WF5D5WVuZ_Rpt1365moEw9LVkMQA','eyJ0eXAiOiJKV1QiLCJhbGciOiJSUzI1NiJ9.eyJpc3MiOiJpbmZpbml0b3BzIiwiaWF0IjoxNjgyMDkyNTAzLCJleHAiOjE2ODIwOTMxMDMsImRhdGEiOnsiaWQiOjF9fQ.H_9hfyHi5HXv_hlTOJif1115wrDivQSJUI8phTlRc75EB1XJ_H-N6ZhqgP_yXxfqFnYBnpWWKyuSTgb2eyseVhYjrFiC3iQUDeEgKjedqsITpvgmSzXi9oOsss-79AYimH2nn5gebJ_XN3YMeQ1wIwM2cDTlyyJ7p0A-2VJo3ODwOIbm04p9etWnN3a093e8a9a8iZ0kEysUK-Z_7LDBwt-WIZ0ktETkuyil3ZcqXaYgzx_gW9FuqW-QMFEp_9bI1g6y61YS4JWe9ajSokChAm_DrWifP2Vb5HitxAjGIeSu2rXFxFAsZqWlJMgtimHZpy2KzLuss34A9kHvno8oaA','2023-04-21 15:55:00','2023-04-21 15:55:03'),(30,1,'eyJ0eXAiOiJKV1QiLCJhbGciOiJSUzI1NiJ9.eyJpc3MiOiJpbmZpbml0b3BzIiwiaWF0IjoxNjgyMDkyNjc0LCJleHAiOjE2ODIwOTMyNzQsImRhdGEiOnsiaWQiOjF9fQ.joMrbbOAJ9UiqAARWk7TfRMKhBsFWa1prVKiIo-lMJ5HQ3M2lgswFMMrlBt5RBHXXaBuSy98yvixAFSic5oX-sZelkBSVB3eWt-qQf6YdoDfyc1szPtpoRcr6RsjuOJYPsP9ZA-gQQHnEbchBU6N0qtSNeADleZBCcX-yzgFfEmpnN2Pa6rb3wHOh57tvuY8mDJ_qcwSGUGJ1dEZT_sEg7AQi-X96n3fBSJ65xDT_m7FH_yI8uO9GVykASuwpKR_OCeoWxP7SvQlQAmYuyvw4AEwIb36u4O36q_WT_NEI38rPGtua2xv025rRls8R7uWGc44779nn0dl9uh_9Xwakg','eyJ0eXAiOiJKV1QiLCJhbGciOiJSUzI1NiJ9.eyJpc3MiOiJpbmZpbml0b3BzIiwiaWF0IjoxNjgyMDkyNjc2LCJleHAiOjE2ODIwOTMyNzYsImRhdGEiOnsiaWQiOjF9fQ.E6fSyWd3XTBozwmbfgZI5mHjZsUDweoINKqi5iQI2q3p8aCI38KgLSPzw1iRB2_fx_BR1EITscdJGcuZeKQaE4HMCCoQJmfuHF9ZKp1c3CU6mZDswgisX4PFKsIrS5-7XhiFibhVVtc0fgD4xmIOZENHzQNBpKIB0GB8LzV-EYrUdFGOLz7pNrUQw2PYpvPJZ3VPoVjMw9BB6SFWNj6D0-g_wrw1Xxv_lEN4juRMc2vXVXxu5jpzDba3N9RXpzPW7QGLN6B3JiDjqOg8VnGNBpxs3H9ZfZe7Ti98iQ9GvbwOC35GpM7bJrrq1owN_4o6im-V5QnOMTLK58THh8THfQ','2023-04-21 15:57:54','2023-04-21 15:57:56'),(31,1,'eyJ0eXAiOiJKV1QiLCJhbGciOiJSUzI1NiJ9.eyJpc3MiOiJpbmZpbml0b3BzIiwiaWF0IjoxNjgyMTEzMTMzLCJleHAiOjE2ODIxMTM3MzMsImRhdGEiOnsiaWQiOjF9fQ.kQoXReZXj12XWUvpvWGsVwPq5V1SEU29jzorTnS4xX8Q_wxLA5mNmtF6xl49SfxHdw0UdhQhfGZFKfgQwfPN1vbtyPJGMHjtdOxCCSWUiAMx-8AjswYREOjsmrWL6Th_fu4JyyhHAS4lbWWogaD8QX5Gqp6YFMT2dBBX9Sck-AkgHplhH1XciGoVYpXAWDhBf7JE8onbAQBI7Keiii13cSDut8SAK9mGi49uSVwf3o-MdXr6kFeJnHmyHR5JThZL0WaeVmYwEGwxJwveFP8EsiHX-8nEqWfAmSfM5ZaTCn6KOrLTeFoLsbkhfeS1S5xF3x9dcEMJnreHybUKc-msFw','eyJ0eXAiOiJKV1QiLCJhbGciOiJSUzI1NiJ9.eyJpc3MiOiJpbmZpbml0b3BzIiwiaWF0IjoxNjgyMTEzMzA2LCJleHAiOjE2ODIxMTM5MDYsImRhdGEiOnsiaWQiOjF9fQ.m29PCFe_QUkLBlkjdBya7TX2onldZGyst9m34DJ1MH8htjiqKiA6rpZJLpbStvtIq-TGqZV9nYv49vSM0tG7JZKuuGzZTxKaymPWUxbZupD5Y9lGuYTIv9PvyPgd1WOF7XCHPElXH4tIujKVARAoYKtgnZGTySYo9SmCRXg9O6vplE6EVsgI0icp6QiPIiMEy4l0bRL1Y9s7LC43Oagezat7QtPHSsFupiF0G242psy7JEJHl9FnGGLKVAcLNC02V4f87qwwP-5p2Tm7En7yi_1EhZH_R635RpznaLmN-pUDGHBJS_gIOp88RXC-NqBAKgvhUTEYVRaMDm6xWwXrLw','2023-04-21 21:38:53','2023-04-21 21:41:46'),(32,1,'eyJ0eXAiOiJKV1QiLCJhbGciOiJSUzI1NiJ9.eyJpc3MiOiJpbmZpbml0b3BzIiwiaWF0IjoxNjgyMTEzNTAzLCJleHAiOjE2ODIxMTQxMDMsImRhdGEiOnsiaWQiOjF9fQ.iMCL_PNXhHXAWAKwKPLqZZwTs9XCUsHMTEIUortTcpS28uAXxZUIS4d7anuTsTk4Bkjmg6iWDQYiJY5B3bzGp5O09lX5OM68oG6kT_tFhaKw3bU4X7dqb7fuRzwzKZ9SKEzZ1FJKCPflmjlYKcXVfSUNWEkCQvNnsdE9zRbvtFsbKxgitACLgphY_TNabjcLRebXkwlVZPXcqXijPPHdluOIIkXwGUEczXjwFAcifIQwOm0AaQV_EiRv0KOYGVj-Ohky3V9zlnU0mcvtcbNZpcSaH6JhKHBRR_7GYUYOZaPtNI_AQUSIWivUTc3kIR8bW3H3D-saQDLEsGBopllxtQ','eyJ0eXAiOiJKV1QiLCJhbGciOiJSUzI1NiJ9.eyJpc3MiOiJpbmZpbml0b3BzIiwiaWF0IjoxNjgyMTEzNTA2LCJleHAiOjE2ODIxMTQxMDYsImRhdGEiOnsiaWQiOjF9fQ.JaEUiMQNbo-_CoTeJb5wph4Xo5ByMuewRVL9TRWeQGD_1oJWaguh64JjU4xPyAONIwhWXpRYbK1fZ-_LDwCnbX8F15PINl4CZ_qIHTOyK6yp7_KcL368bFAXYH8-IL_4jH0lbqcbCXMsLmKcfn5pS5KsWnK7DEEYXbY70kig8pAwspHs-JKrhHkqHKitm0bS85q6tDszq5ulUkU-W8S1zgayeRsoshpwfTn-OJGfMsLwE7soNZCRWwEYhuPjUhU2qCsU7VtlJQ5So_0rtaS881_rPcVMJnuwaMOPbXrJEWGojyieQdx_Y04aQx-4kB9-gDKz2nnd2__X2HVVoxJEng','2023-04-21 21:45:03','2023-04-21 21:45:06'),(33,1,'eyJ0eXAiOiJKV1QiLCJhbGciOiJSUzI1NiJ9.eyJpc3MiOiJpbmZpbml0b3BzIiwiaWF0IjoxNjgyMTEzNjg5LCJleHAiOjE2ODIxMTQyODksImRhdGEiOnsiaWQiOjF9fQ.VjHFeaRYa3VSgmUXNMQZYiFqAq3tw0JueUdJEgs39bsaOb2vVPQldpiVN4d8kpO46VlVJmJYj57K4YVH4lTfoLix42jBIYsqn3puq6r7dthRKPHX11xEZUi1HK-plSpYNqCmo_cZPBvTnp2k5Nd3Y-Inuxsa1c35HgtTvt3-xDmlB_Svtpd6qoszjJhulS5coLVG26OX4V-Dzd70c9jJ3-zzszAWKBvTEf6z2Js3-PnqjsMTgeO5MzM9HUo2_ttWpG12tqSEoE7soY6oOpY3WNemKhGC6g-1-Y6g292ML3TJBP4HdBpzneu34sMo3ZyMkfHtSEjWU0zHoVDx68DFlQ','eyJ0eXAiOiJKV1QiLCJhbGciOiJSUzI1NiJ9.eyJpc3MiOiJpbmZpbml0b3BzIiwiaWF0IjoxNjgyMTE0MDUwLCJleHAiOjE2ODIxMTQ2NTAsImRhdGEiOnsiaWQiOjF9fQ.OG6t3qkxb3aRL9-jnAlkVB7OgAPT2sq_n6tGi7HmHQf4XxxHO1fskKWtDFJQoQjjrEykTRMe-IoO7hZTVKHpJmCwmUHy29o7-IMD4qANufCQzMQXXWGrPjZuLYhTo6JYa3OT9NFztpge6I6yeeNiLBPuPVTw5HDrUMDyUmg_Z9q4QTYS-KWB1kfL0ULztOvgEiVau22HDw90ptEVHyEFnhI_pzNi7Vrp4YQkDjdJ8E7vZqQfHxZj73FbIcK20tyJc9GVKWehDaEtE2J6rUvX-XNY7mF7p3JJkFqAhEXY7c_4H-SjerohJjyezQEpIS7xfjDdUG0LvIR5d1Rho6nMdQ','2023-04-21 21:48:09','2023-04-21 21:54:10'),(34,1,'eyJ0eXAiOiJKV1QiLCJhbGciOiJSUzI1NiJ9.eyJpc3MiOiJpbmZpbml0b3BzIiwiaWF0IjoxNjgyMTc4Mzk5LCJleHAiOjE2ODIxNzg5OTksImRhdGEiOnsiaWQiOjF9fQ.hVGXhRnrTAWutRthsgLq6fEH7lU86kg3K0HKPkOibqSW9BcTmp-FXszwgj5MeGkXeNMjCRkbtBI5is9RTq8MlM_pPdV7EvetAhsnXm2CFnYsIGMSHDmluc_KbSxJH4eV3ycn23srbM4T5rVKO9SYgO_Zlb8Nkk0Zj5w6bBiDcEBllVUW4n-J8pe8A5ITUirkGaZTwjZx1eDvv1itDwH4ezzZ6S78VzylmJ33ktX7kys1uJL9rQTVRVaQAV0qXgSxKxFOFx1S8RbleIS5ekui2tEFZjP6H4f4gXoMVuW2Y9UN_2qrDFO3zR1FGLivEPsb1pDk8nrEtFGb-z1ReVHAPQ','eyJ0eXAiOiJKV1QiLCJhbGciOiJSUzI1NiJ9.eyJpc3MiOiJpbmZpbml0b3BzIiwiaWF0IjoxNjgyMTc4Mzk5LCJleHAiOjE2ODIxNzg5OTksImRhdGEiOnsiaWQiOjF9fQ.hVGXhRnrTAWutRthsgLq6fEH7lU86kg3K0HKPkOibqSW9BcTmp-FXszwgj5MeGkXeNMjCRkbtBI5is9RTq8MlM_pPdV7EvetAhsnXm2CFnYsIGMSHDmluc_KbSxJH4eV3ycn23srbM4T5rVKO9SYgO_Zlb8Nkk0Zj5w6bBiDcEBllVUW4n-J8pe8A5ITUirkGaZTwjZx1eDvv1itDwH4ezzZ6S78VzylmJ33ktX7kys1uJL9rQTVRVaQAV0qXgSxKxFOFx1S8RbleIS5ekui2tEFZjP6H4f4gXoMVuW2Y9UN_2qrDFO3zR1FGLivEPsb1pDk8nrEtFGb-z1ReVHAPQ','2023-04-22 15:46:39','2023-04-22 15:46:39'),(35,1,'eyJ0eXAiOiJKV1QiLCJhbGciOiJSUzI1NiJ9.eyJpc3MiOiJpbmZpbml0b3BzIiwiaWF0IjoxNjgyMTc4NDE5LCJleHAiOjE2ODIxNzkwMTksImRhdGEiOnsiaWQiOjF9fQ.XDC4Q4SPiL0dZv7_a9kTMqdQKzIN-D1XOCRPyOrA27vSSyvfFI4fdDfmlluqD0AY6GDHKQQbqSCKm9U_1MQjSRxQ1BrRJKKSs4oVTk2cCAuyNF3w5kWZ0X_Ingmnxc_xBC3EwIMZC-5U1yaRpCOAvgfZtOY4xINeO5dLBxgvPWCKz7euQnGUVQP360C46gBQywRpukOrOwm0NhCbP1r7T7jC15h4KJP1NOaXcuMje9dd4sGyngaheTQnA64Itx_e3anFE6YXAZo_6ptOXK6mdXcYiUfr0ZjrvETOuM7IPN5JNvGOpIafqCDIa7Y2E8VsaiNPBMBer4Tax3Wh9d_oGg','eyJ0eXAiOiJKV1QiLCJhbGciOiJSUzI1NiJ9.eyJpc3MiOiJpbmZpbml0b3BzIiwiaWF0IjoxNjgyMTc4NjkzLCJleHAiOjE2ODIxNzkyOTMsImRhdGEiOnsiaWQiOjF9fQ.WJv215pobDZ3o5iwsR7vSNiKyZOCiLq6DeECC5EnL5zdQKnNT22v0N4ulaoIonNzwOc9ykDWh2MaMKKbcdc34aSYiFC88OSIh8VKYj0G1RuSQKnefrwIDgvJphQN_ZV1y_7FZTWKtJwQy3X4RNAF5r57-Q1mhwbJ_r_kgefEs3LWlhRkWuRsWpgqhjjOqwXREtaZ9-fgSklt7l8BKnVrSeJipbijRwWQx4uZKib31bVuENEQnmx0N2vqAqIDQRSKXDyfVMviN0Xr1Jp78S3csfiswCeoxWATZn1yGkas_YAXCUChIFJC0bKpqm0OjdDXhM_M9w3H1RuCGVaNHXrppA','2023-04-22 15:46:59','2023-04-22 15:51:33'),(36,1,'eyJ0eXAiOiJKV1QiLCJhbGciOiJSUzI1NiJ9.eyJpc3MiOiJpbmZpbml0b3BzIiwiaWF0IjoxNjgyMTc5ODc5LCJleHAiOjE2ODIxODA0NzksImRhdGEiOnsiaWQiOjF9fQ.ggvRIQoN_HLp00bMPR2PRGN4InEvmX_disL8wB25oDfK4weJSEomRkv04cFW-TuVIsPN9iMm4FVw-bzLlnkez3Dl9HY8FVwymxmTkV8eavz6DrT9BGy3rCKoaB158aMU8Bgi2q59tuISCEdvIQ34hWKJHLfyfn6nLOiAMkQ_3AGZ0r0rwVWP86gwTHSQT6AAjjCXjbW5G--y-NImmBR5aHFYUTlQVbSjmZgUwssGVne2KxS642xmTmQLZZ5xBPoc_dvMvt7TPmVPr-iMO2OYHNpvf4M1w1YAuuBzWCT0Gz_Xai111E7m-cLOnYkT48zl3D9TYv9kfDcVN76Ht22XFw','eyJ0eXAiOiJKV1QiLCJhbGciOiJSUzI1NiJ9.eyJpc3MiOiJpbmZpbml0b3BzIiwiaWF0IjoxNjgyMTgwMjUxLCJleHAiOjE2ODIxODA4NTEsImRhdGEiOnsiaWQiOjF9fQ.qCsxoA2cGVfE_vQQH50PbE1Lh96Xb6uoUveze7Ho7Fv60Lntiq2uzfRQU9sBwMPshZtNLaSzj5kHBgDlB70mEmJZpQ5g3USbatW9q2QOs0azJA2o1ddQA3cVyGz6iisQ5LIJjanbONk7CA5cN-2_6CgOEZTo8W4ekpeXnLpQTIlu_a645ksJJ69ZRUgODG2oJ7e60LLN1t6BV6dakOnU3qiNzj88QkHCl8lc38O-2P1YJAKvmf8nIpabRAnlD_cBizux9D2Cm706G5UTlmTmg6oi7P9VN3c1sdmFU3zvTBMz7A-WHnyUcSkz93LZY7w6xobmrXg6FGB71bYHSAuUsA','2023-04-22 16:11:19','2023-04-22 16:17:31'),(37,1,'eyJ0eXAiOiJKV1QiLCJhbGciOiJSUzI1NiJ9.eyJpc3MiOiJpbmZpbml0b3BzIiwiaWF0IjoxNjgyMTkxNTg4LCJleHAiOjE2ODIxOTIxODgsImRhdGEiOnsiaWQiOjF9fQ.bKxoQZ1KHGaZPWvJwSQaHv0rcpmDuJSMT9ec1UUOKxx_Zw8qPenUyZDgBkNCrQyomFhu1zYYp93EVm_dhPxveQnURQVrLlyo4S7n2NjT3dAV7F0_ZTh_lbvtiHnnThg2M_megc65R_GjWo5XrK_1XV7bu_pNlW1B00Dx37Ox1LreQGOGSGxbXU4zuI0HaiUgek9dMZcx3QLE1R0dnImgwKJfJHBn0zgTTbhgj1NeSRpkxOkubV0-Pt7ZXgCkBhhvnARrEGEjE7TpvXyjYMHqZpLSY0djJ_slXDynxEHkIQQmw_co4UD72vf9FeiJXBiGD3RaPvJT6iussB9PjfmnEQ','eyJ0eXAiOiJKV1QiLCJhbGciOiJSUzI1NiJ9.eyJpc3MiOiJpbmZpbml0b3BzIiwiaWF0IjoxNjgyMTkxNzI5LCJleHAiOjE2ODIxOTIzMjksImRhdGEiOnsiaWQiOjF9fQ.OUm36KacyH2eRMMdCf5j0gy3NY-dxOqnR9_8RWK81Im3UcAijCx-cDWaWjXjA0RsM5BLhyJTyR-ffOpLpBIWR11T0OsKewBvA7Q2STgbEvDA0gGN24zif5qqCH2n6A9b2S8f31aHs3_SSMNE-xVKbbuZpI3U7CZPl9IdgjFRC_OjS4Qy2YY5mQCpMl-_qgZJIoQbkzf3k7ETQ4GSTZl0O7KP6G4bhYglakZNOFqsf9gERxERXQPQ5LlNbvmxtyiV53RBJ_m8oXrTGzjzUErkBi1E0-DmllLh9ltnLXrnUxUA3pc2JPdLpwk5-L8rHn-Eh7RE2Qvi-7deCLYq5B1itw','2023-04-22 19:26:29','2023-04-22 19:28:49'),(38,1,'eyJ0eXAiOiJKV1QiLCJhbGciOiJSUzI1NiJ9.eyJpc3MiOiJpbmZpbml0b3BzIiwiaWF0IjoxNjgyMjM3Mjc2LCJleHAiOjE2ODIyMzc4NzYsImRhdGEiOnsiaWQiOjF9fQ.C1rAUwyTGjLhU7hB-fXuUaSz-kXmygITcNhSgAUXnfZmEgxLyPB8S4lp__ftjK8LVg3KG-8LhqUw-piX_4IagsY35qRMitXCbX6x2zjA1gJuJ0DUEmoYjPcg2joHG7zm7nMsVRBX-wzy9K422rfjJrp2O0GeeieB1V6cuv8vwX2eN4JH5LuaQ-aH2CpMTXN15CDP22WHGQJfehCBAcMWUhDbQCq-QoLXon-fvZOyKFTB7paHqZ2sbPcuUdYdBWKv3ycuiL9VQ_ZNxzJ09p6b8Y5hBkAI6UxG_w2LtQQdcUIFS5aeGbFvG4rKpxvSvmrhGz102XX12eHuo_4Ky9FSKg','eyJ0eXAiOiJKV1QiLCJhbGciOiJSUzI1NiJ9.eyJpc3MiOiJpbmZpbml0b3BzIiwiaWF0IjoxNjgyMjM3NTU2LCJleHAiOjE2ODIyMzgxNTYsImRhdGEiOnsiaWQiOjF9fQ.P2ys5iUTbuOCsNLdCUg8cSt0XSVgZ15Fj5is9OB3cqU6L5sOKiFhsVHkW-blySAxRxcdf_RFITzKyDcxgFUzIFFTpdPGKQ3P0Mqtaan1j1yqU5EZdemgPBWgc6adusNRMGb7j582kwdCnS5uEpohF84hk655zLLkljA503HSR23ybkz5qEAsBCPrGnqR_WDGCNv2Vncj6VQZIBeNJViRay9tmwdfc4e4ms-MaNOrSiuAj-gbk9VugCxK59c9If41q4m6EbC_7mss0k4wnnndTKGJ4RjwDbKIjiXZlKQMHQHMkzblGn7YTt6lgx5B8e516COt3LFmXcPXQeBVyHMlXQ','2023-04-23 08:07:56','2023-04-23 08:12:36'),(39,1,'eyJ0eXAiOiJKV1QiLCJhbGciOiJSUzI1NiJ9.eyJpc3MiOiJpbmZpbml0b3BzIiwiaWF0IjoxNjgyNzc3ODk1LCJleHAiOjE2ODI3Nzg0OTUsImRhdGEiOnsiaWQiOjF9fQ.jJzCDbrFBOOGbVsqxFbf2DQ-SGK-w-4j6FljpYehxbKs0yNdNNiijbPiaX9XmBecf7f8Bb7xqAKL4conV5gVz1Ho3m4TukePibfCmVG9Td5zzc5u92jdoHLEYj-BcZq8RwtopD2sMeH303W4TLr_uHBFjWCqjHvIUoCa90xDOZ53WhDhhsZKYfYxNaSSaQO0RLxIZgdUYIodCAZ7dU5UbHc1SS3l0Zm_KVl5GOoH8DvWZavcCXUFwWHWRqWFOSBEkdAEPwk3KUq37veMtkg8Cw9WFzJGUIRNdyiaWn98uenyoq2jvXiCJcxnepIWd73tLHyAlPMO_V053DnsaSFIHg','eyJ0eXAiOiJKV1QiLCJhbGciOiJSUzI1NiJ9.eyJpc3MiOiJpbmZpbml0b3BzIiwiaWF0IjoxNjgyNzgwMzg5LCJleHAiOjE2ODI3ODA5ODksImRhdGEiOnsiaWQiOjF9fQ.mEze3DPLGNYC3tAhcMoVjeLg-niez5JJcjcqEtLAxLkVNplQqnRKh9IZkGmuyonw74aiPS8Xf8k5pqvCHe35IvdatxvZIb8LFpiHpyrCb7UjSz1Y5uaQYGv9A7f2-H2PhuPmb0w2iBfr4qztnVjNtBjRZcFjalk-qw5P3KKB0qDUj6parQiYrxed_XXk0WNtXC3SMj5f6S-Ma_hu12eyRR7_hmHj5r8vU9-mStlga2ZEGARgZYuz81b3QyhNmZs4EFcsOEOGyRVmDsAleMSbki9GJLJmOVbm4It1-ctz8J0kCWRSHgfwhLw5Qx19TjeRjs_z5Yz8HpT21vJqhezDDg','2023-04-29 14:18:15','2023-04-29 14:59:49'),(40,1,'eyJ0eXAiOiJKV1QiLCJhbGciOiJSUzI1NiJ9.eyJpc3MiOiJpbmZpbml0b3BzIiwiaWF0IjoxNjgyNzc5MzYxLCJleHAiOjE2ODI3Nzk5NjEsImRhdGEiOnsiaWQiOjF9fQ.k4tWXC4_W2-uPywl5xtC6tetzOhenuzmN3qduE_5_RfC4x7d_LuFN3KlN9Rm0DIPhttID_6rKRrOxUXjOHy3jpNXnUnWCCUsqBQRkFcLfguOuPqd-dRmdrN2N90ujk8yn8_Mby-k0DLu8-h6mc7FPbb-xr_R0PwxOzKb_gzO23V9GdnzVgr6q_JlzdkHfh91f-UA1oR_teCgGJlGbcu64sF91yfXvh-_RuJcuJ3BYpsP3PctAKDiMmhM2c_er_gmMprzX5Y3dCsxBnz5oswO3SJHb-T-bleesuMUsO8HgXgQR0HJbEyNxROKX6ZwqADo8oC_EP9sokJS-GFdGrPD3Q','eyJ0eXAiOiJKV1QiLCJhbGciOiJSUzI1NiJ9.eyJpc3MiOiJpbmZpbml0b3BzIiwiaWF0IjoxNjgyNzgwMjE4LCJleHAiOjE2ODI3ODA4MTgsImRhdGEiOnsiaWQiOjF9fQ.Ns6m4GYNnM6NBnngC-50RZKzz6aS-9hJwqUQxMgsXUMkhxk3ScfdYEnlcNPELOnc2si5vVIpBQgYU22vOLQxeH0b-0OXGpWgc5DnAhxITs-voSn6HY3PNaZPShd8a-Xisk_I2uxfC7XTOTYBw5TRxVaR-wyG04XUWH0JJeGBVvWTtVb0rpVkjUoBlwfNHR9CvvNESfl1rlbGccvVl_bTgN6-96EBZQ3OyaT6zK2il_Iq1mrxFYdTNbRsONdbJ87a4c_3NtwSG8hNBPLhxp8D0WmboSNI0bYoJOfnUvt5IkhB1DzggUl-iMEaVtVwpaclXM9Xf8n_QUOON276mxxLQQ','2023-04-29 14:42:41','2023-04-29 14:57:51'),(41,1,'eyJ0eXAiOiJKV1QiLCJhbGciOiJSUzI1NiJ9.eyJpc3MiOiJpbmZpbml0b3BzIiwiaWF0IjoxNjgyNzgwMjE4LCJleHAiOjE2ODI3ODA4MTgsImRhdGEiOnsiaWQiOjF9fQ.Ns6m4GYNnM6NBnngC-50RZKzz6aS-9hJwqUQxMgsXUMkhxk3ScfdYEnlcNPELOnc2si5vVIpBQgYU22vOLQxeH0b-0OXGpWgc5DnAhxITs-voSn6HY3PNaZPShd8a-Xisk_I2uxfC7XTOTYBw5TRxVaR-wyG04XUWH0JJeGBVvWTtVb0rpVkjUoBlwfNHR9CvvNESfl1rlbGccvVl_bTgN6-96EBZQ3OyaT6zK2il_Iq1mrxFYdTNbRsONdbJ87a4c_3NtwSG8hNBPLhxp8D0WmboSNI0bYoJOfnUvt5IkhB1DzggUl-iMEaVtVwpaclXM9Xf8n_QUOON276mxxLQQ','eyJ0eXAiOiJKV1QiLCJhbGciOiJSUzI1NiJ9.eyJpc3MiOiJpbmZpbml0b3BzIiwiaWF0IjoxNjgyNzgwMjE4LCJleHAiOjE2ODI3ODA4MTgsImRhdGEiOnsiaWQiOjF9fQ.Ns6m4GYNnM6NBnngC-50RZKzz6aS-9hJwqUQxMgsXUMkhxk3ScfdYEnlcNPELOnc2si5vVIpBQgYU22vOLQxeH0b-0OXGpWgc5DnAhxITs-voSn6HY3PNaZPShd8a-Xisk_I2uxfC7XTOTYBw5TRxVaR-wyG04XUWH0JJeGBVvWTtVb0rpVkjUoBlwfNHR9CvvNESfl1rlbGccvVl_bTgN6-96EBZQ3OyaT6zK2il_Iq1mrxFYdTNbRsONdbJ87a4c_3NtwSG8hNBPLhxp8D0WmboSNI0bYoJOfnUvt5IkhB1DzggUl-iMEaVtVwpaclXM9Xf8n_QUOON276mxxLQQ','2023-04-29 14:56:58','2023-04-29 14:56:58'),(42,1,'eyJ0eXAiOiJKV1QiLCJhbGciOiJSUzI1NiJ9.eyJpc3MiOiJpbmZpbml0b3BzIiwiaWF0IjoxNjgzMDM2NzU5LCJleHAiOjE2ODMwMzczNTksImRhdGEiOnsiaWQiOjF9fQ.qq3letvpQr7UThjz8vufoB5DBOslbq3qvEZ-ermU98TTzP0JY9roKCTvufV9Rs_bYF71OJ3GY3nhAOEevEffZwshXRYvcE6A5Opxy1m8bfZ8FHx2k44EHqJBJMx1cwyTHsM1h332VeMo5KbX7BQ5nrnDCQDKwzD6kMkYOs8AuanZlXmA-84xv-Zm-ZwtTAJJr15WqCPtujkot6nKyIPmG2quLVGUl1IUreEDx6b0u5bDtL-3N_pAcrVs5P3Kg9VCPWZWTcR-vKJChutdR7wqDeKJ6HieJ6aBJdgLsoV2HkIj8ZP_3QDh4GIB9iWjFyK6tpX69r4FBd3xLOsXu_lelg','eyJ0eXAiOiJKV1QiLCJhbGciOiJSUzI1NiJ9.eyJpc3MiOiJpbmZpbml0b3BzIiwiaWF0IjoxNjgzMDM2NzY4LCJleHAiOjE2ODMwMzczNjgsImRhdGEiOnsiaWQiOjF9fQ.R85yOegy5z4RcJek-Fswi8PUz81mGxShq2rZlmvWat6VYbLQVF1fH2aZFiCiVXFqgkjIEZ5b-fSUH6MDRD_5kQ_SnUTdFp0SkJyP8C4RQ96GkdHpHe5_J5UX6M0nCV7ne7ETaW0TceZUHBj5mdDT4jnFw6g6LUpbWc4iqLOES4S-Q0bWOIn-vO6lk5yIZ0Ne-i1FmKbDKMdqm0LYC2nudy3ey6-xDplcOKXZkHz5YHYUPuDh-J66TCjPQTPhs6ZZfsavz2MOu0EfZ63UrxE6cmGbo6aB8f6L7tXNzWBpANieXNDC-BgRT881BIPd4iyi-YYIajQqRLUMOx_3RDOHlA','2023-05-02 14:12:39','2023-05-02 14:12:48'),(43,1,'eyJ0eXAiOiJKV1QiLCJhbGciOiJSUzI1NiJ9.eyJpc3MiOiJpbmZpbml0b3BzIiwiaWF0IjoxNjgzMDM2OTA5LCJleHAiOjE2ODMwMzc1MDksImRhdGEiOnsiaWQiOjF9fQ.H5jhBqCxbDpv3Lf5o0i8ljm_0J6sc87KDdD1XuirgVaS8J6LjvtB2mUKiRTjkPR-hsfbp1vmnsACSOYfeOXRzyuHnP3dVsG434z7Ezm4tQObxm-5GaZA5jTxFmQtnyBQgNUyQyrxEeYjRtTcvFeyeFmwDdhTo-tFTgEnWdkZZ0_pAr1mImsHOHIDQFVg67wWr6TkmjyyScl6VlH4crJNHuK8DWx3Qrjs7A010NN9J3IUxNGq-rCMbu7YZdGSm4n11Y0ysZYklNWyoHSlLFJqeXvgfDA7JHbiMFLkSoHAz3jz6inqAXgdZHhENMB1smhcAbV73hegqLawWft-GfBuNA','eyJ0eXAiOiJKV1QiLCJhbGciOiJSUzI1NiJ9.eyJpc3MiOiJpbmZpbml0b3BzIiwiaWF0IjoxNjgzMDM2OTE0LCJleHAiOjE2ODMwMzc1MTQsImRhdGEiOnsiaWQiOjF9fQ.VN0yc4_FecZ0pEVJSk8TtiQ6oYpFQEc2GZW4NxnV9LwEUMJiXzSCdEorG42Jv4T7Mu-0CftK93JwsWWp2GonNAebfv-ib0cUdrTcqU6G66dEjtSPlHx0Plweetl-oPLtCoKSj1xFkpZaa9NGBH8x-fZFpVYk5lojC-uXH57duJbIUheJsIPPt6LwESXKcEpPeeiBhkCITgmLVyFzOpeFQZiow5bvbezFVKh6wuIlFuThcyUmD_6J_8TYayBOo-uRONEYE5ELobhl1CsSZ-3gwdVLFXk1qIZUTRaGrN3jI3ZTJz0mm0Uo_SzlMrWM7H10sEWUTRz8OpWlQVnJJUD-fw','2023-05-02 14:15:09','2023-05-02 14:15:14'),(44,1,'eyJ0eXAiOiJKV1QiLCJhbGciOiJSUzI1NiJ9.eyJpc3MiOiJpbmZpbml0b3BzIiwiaWF0IjoxNjgzMDM3MDg4LCJleHAiOjE2ODMwMzc2ODgsImRhdGEiOnsiaWQiOjF9fQ.Wr3-2UDZtXwyq3Rm3DwJWq--XECuBuVRUmnh6B2kWzBajKCmNqs0duUzei-FypgGmIQ7XYMu-06DPLSZ4QvXRcFTLMpCtgq7RyFaDmX4-SNyxe0qZlHwiAJqAL-G0Y7iStMErEXmcsfZMy6Vib8XPNIa4245UcPBcV-ufvOOzhJeh0utrny4GqZvrudqUqMS9zJ-ucqmHUCk-xGmbzAB-3JQHkHrct1hFE88ds5-TJHKP6nnPdLhzVQAK5pipoIUzp_LRvGOw81a1tDyZ9T_LV7j4b89UG1vr1NeJBSc99vsAhLH1P78m_8OVpasH-7bLNnM6rzVt7D3vbJHLbtobA','eyJ0eXAiOiJKV1QiLCJhbGciOiJSUzI1NiJ9.eyJpc3MiOiJpbmZpbml0b3BzIiwiaWF0IjoxNjgzMDM3MDkxLCJleHAiOjE2ODMwMzc2OTEsImRhdGEiOnsiaWQiOjF9fQ.i9EuTv6uSrGQRGtkDks4wBmOt-gpMT1_t-4RlM3bNAgVNiJzIyZh5N2fdAVxMIUjHRs65q7J7usTVO_E8jL5nuDyNNkTGRn4xtUFznU0VzPMeN2luPqIHdJR5mIBcyltLRcydMuDw3ylRa7jF9AiCOaCt9AvS-1X_92boZ-rIcnjRwZWIIGiPmyMEXjuZ5LKtuyixIPqnoC7H7zaSxyE_tAtjde0b-ceFZ0lIuLToJ1M7ppoyoI8xD2O6CK52PSSZJ6os3IZYK4ceDyAk1DwpaahxrjSuDJI_zPSkaiwC-PzJhHR2uKnGzCPTibXHXGxxbA3WthPT1HvAvI2D0e7fA','2023-05-02 14:18:08','2023-05-02 14:18:11'),(45,1,'eyJ0eXAiOiJKV1QiLCJhbGciOiJSUzI1NiJ9.eyJpc3MiOiJpbmZpbml0b3BzIiwiaWF0IjoxNjgzMDM3NjY1LCJleHAiOjE2ODMwMzgyNjUsImRhdGEiOnsiaWQiOjF9fQ.DXJR9IqHc_zsyb83RkRzhO9q78RZm_idBx20KqnEn-fx614NvO2OWHl5jwUu-eE3HjFPwSFlJmSNiRoXRjTxeEUdkBRzXiLi5m-5h4XucW9FZkBoIc5LK0mlpWX16owv_Mdjb5laRvq1fogrRUEpoIGPit9aleu3BANrAQ49JGe6DgqySX5OTlsZey3h0KKFVFiaR44TEYsr48REvazSJkEACakzNEVJgxbwv1whiJt2xfdF8QPMOAfkC6ddqg3dP1rEfG2Cp6d_GCFl7VYspSWjQGtyWZu7JGUeb5oYxnBg4qYf4zTDYZ4ZFiTAievYNj9H1MKmGpScTE0_-V_FDA','eyJ0eXAiOiJKV1QiLCJhbGciOiJSUzI1NiJ9.eyJpc3MiOiJpbmZpbml0b3BzIiwiaWF0IjoxNjgzMDM3NjY4LCJleHAiOjE2ODMwMzgyNjgsImRhdGEiOnsiaWQiOjF9fQ.LlxYY873RbUZmU6sqs-d_LYulDGaa-v1OlpjoqHX15S6Mm2QnH65o7pr1Y6jUojMK2e3z9Ng3de_d_Ue4cSfhvyEBhCcXR44jNTlMcPeH7cp0sffl28KvTjhqHO3-efGfXRGPJ5GGb5mgrCPvZruGUXW29G2izOIA-ahNL0OyXXk6WiQULjwh_UlQR1KWtCVyhwo5aIiI8kQAA1EpRe_xEtluT7fW4kglY0zqxhuUDhIuU8RRE9nUwBWKzndKiOAxdUosqx_tG-d73kM07XXt7X22rYCila-QoMoWrkMYFYwoBonHLFSmzK2u5eXeOR-Cd-QKPJ1sTYDtaL4MPQyzA','2023-05-02 14:27:45','2023-05-02 14:27:48'),(46,1,'eyJ0eXAiOiJKV1QiLCJhbGciOiJSUzI1NiJ9.eyJpc3MiOiJpbmZpbml0b3BzIiwiaWF0IjoxNjgzMDU0OTA2LCJleHAiOjE2ODMwNTU1MDYsImRhdGEiOnsiaWQiOjF9fQ.h4KnwJjewgdi_d_Gmg-L2bld2FMoaQHm9INKL3UDhYWtCoojEeBN1wF-Dl4w33fZjnnD0QcwVZl1dxXauqE9PBSsHhW6_k8JYr7VhtWwinS-LfcA1eisbGKJKwxGgx6whBtOphHMAWdYpskYQZE6h21viNJEOEyygHws6_T99N72uZAFeiBrGffeQOBgfa8MEC9wnIFCMJepKM4u-EF0nIAK6_hFmJ6g4xeoSLdEQqeRtOQ8aiL4L5BRZNOYbTt-4szDbjwbKLXLYL3HTq_I5VeE_Ja4jqcp7aFXAqKO1CbrP44MVy8uPbeS8N41BortHRSIjq9rlDNo0z7kDxIYzA','eyJ0eXAiOiJKV1QiLCJhbGciOiJSUzI1NiJ9.eyJpc3MiOiJpbmZpbml0b3BzIiwiaWF0IjoxNjgzMDU0OTgyLCJleHAiOjE2ODMwNTU1ODIsImRhdGEiOnsiaWQiOjF9fQ.JrJl-g9WawTr_KDClXVGVUqvFJTQF0RK-yPl-jtZaoJwH1rypBJe9wy3cLJDG4m-SdSDuUyg4lIJJwPfAPUqyyLay4HRZpL_bJm7wSlFe_C6GEBb6cyF9hTkZ03XSpa9vvPXXqlN3k92NjKJ9md3n0Ss8VpRu74kEAmGfmQQhl4x_lJKiIfQ7WRkhY8I4AciB_7iPLRu3Xu3_Lmv2ov_InCmChJERL6AfWZuxS45pAWxBfr2btQuqNGs8vsC7ciVmCaN2D8j-O9gqwIdfMYhMKlH4ZgiaRExdHHfQ1b5J8Ba4diQT8d_ytGxQ6RjDV8Iedl_kN1O7t0tWCpF7Ojz5g','2023-05-02 19:15:06','2023-05-02 19:16:22'),(47,1,'eyJ0eXAiOiJKV1QiLCJhbGciOiJSUzI1NiJ9.eyJpc3MiOiJpbmZpbml0b3BzIiwiaWF0IjoxNjgzMDU3MDk2LCJleHAiOjE2ODMwNTc2OTYsImRhdGEiOnsiaWQiOjF9fQ.P_XMJ3Eqn9U1HtPHXkWxct_RV3ug13TrMU3HNci92TU7J28OgTxQENT2RkTaHVb-_kUnhTEqRK34OFTkQfBsgqtSlBM1I4CRMHj9c_rR5jU1PmIiWdeMo7t9Y6u4WECD5xMJZCiIqda5QcmNjg0ttSUrjhXZmXqfWMvi-4cgDhKR7oV6ckeVkblSGQi3cywRQpMTldy8str7lg6SZsQL5TsXI0IDfPnJyLyZhtzuRiFOFHtgFBaDJKgy9C87u4Gh_RGRBcjaCOarTpXAmDomgK6AeTmnsWsuYZNtF9ks-Vsfy2GobdRBggwOEv5ArIeq_jdYijdz7Sg9C9eM0NZWEg','eyJ0eXAiOiJKV1QiLCJhbGciOiJSUzI1NiJ9.eyJpc3MiOiJpbmZpbml0b3BzIiwiaWF0IjoxNjgzMDU3MTAxLCJleHAiOjE2ODMwNTc3MDEsImRhdGEiOnsiaWQiOjF9fQ.pKFZ94s1_CNsjpIMg461TqJ__vK9IlcPc1l06Xf1_RMcV8kdSJ8FuXYjCHAI92mq4rx-F8bekllgtMCaN0G3BMxTCKp2YNKgJp0zYkVUnIzXkaz3DFhEI99xbttxnOzj0mX_NUhpQ-wDzBzKKdIKYra_Qyta76IUFYXR-QHu2bmYK19lC_Jck9SKF3RbxsbkYdn8sOaM9lmfZS_4Bww_JCtecyT6HYBr0E7GKNryLFgemNXP92T7ACUjBNPoyAfQnRblgbLfuN9aKn93iYLeJKU4Q6MWGLpRZvSkZ9NfYLrxdvSLC8s7mTCzuKPMAYk80TbMyqKY47awy99WB4TDeQ','2023-05-02 19:51:36','2023-05-02 19:51:41'),(48,31,'eyJ0eXAiOiJKV1QiLCJhbGciOiJSUzI1NiJ9.eyJpc3MiOiJpbmZpbml0b3BzIiwiaWF0IjoxNjg0OTUwOTc4LCJleHAiOjE2ODQ5NTE1NzgsImRhdGEiOnsiaWQiOjMxfX0.Q8W028AJnNQhocmJoXL5X_FoNhBjz-Ve7xhnCrwQ-rkQ7aD8SJCkcx3kmztxzxtlfZKjqFDwM-y1PsCX9yiDRkiou6uKL62wG2ZZUzENw7DhZ9gK-LMxwfxOt1lwqagyVYNn-ZkNRAVUnVjRRy3GOYAWQkIGQQY5C4WCr2428fOBvg4dtTH-8zuFsMv-xRw8Wsn43NkzxcBmUTStSVMVKQP1UdtUAmEXEVFdHQ3zirz618CQBXbv7uwggbKBF-xUU4C1KDw0VzhuFFlnZM7DdVgXbzdV8Ad6YbPnuw5Ttvz-waiMiazcVTlpl9f6ptevHihRQRRxFS6TMPlL_GpNyA','eyJ0eXAiOiJKV1QiLCJhbGciOiJSUzI1NiJ9.eyJpc3MiOiJpbmZpbml0b3BzIiwiaWF0IjoxNjg0OTUwOTgzLCJleHAiOjE2ODQ5NTE1ODMsImRhdGEiOnsiaWQiOjMxfX0.MQvneDy73OdjxIISvbLaG3q06GQ1DY07sV2nEUcRcsNERjfgVfLjIuLrTd7Fa6801Ng3YcdaKwpJkIKNPLX4hOsFIqMjMIxhBZBeOJxYlZW8zxSdmpxzMk3lvGwHS9PQmAmHmpSYYyLnccGAA-Wmf1TOxKOd35XPuErnxT4u3dFtngW_4KEJrYjgEigw-XfWc1v8KKXn1iPLQU5kzu8a4OWyUHau3P1ey5xMwpgjTl7VJ86PasdJqZpwo6A7YEXUn2QVsE-4VBR1PeYvZMrVRhD2xtpY1Mwb4hyySj_zDBPIN4bn6z2lI2gEu-fjPXoAlnbw2TUGMFxbBWpn-GdHMg','2023-05-24 17:56:18','2023-05-24 17:56:23'),(49,1,'eyJ0eXAiOiJKV1QiLCJhbGciOiJSUzI1NiJ9.eyJpc3MiOiJpbmZpbml0b3BzIiwiaWF0IjoxNjg1NDE4MTA4LCJleHAiOjE2ODU0MTg3MDgsImRhdGEiOnsiaWQiOjF9fQ.U5sIpHKRB8wSnrMMip121TTAtzM9eRk4sG2ksOuZnILyo4x66kbMt6oSrWKT9MOIPr19ewQDQ11xSz6fjuTh41WnKllu3UnwW9NMrbqYBx2U2YFSqLlPIBsCw1x5mmERMt4PTulipdZiaylmXFuQPFpq1jHJMRt8wlZKo4jzu6B1Rayq3X-41QQflWzA2SEgTtHu5ykXKKMbsIaMDk3iscv-PHJUdDH-gkIJ0FBYLNDO5qC2lTiKLJ4LGpHhhyrSZpnhwtersIVRtKIb9MaNmmekoN08Td4sy0fNb0cUdMw35oNhBO5oARJYMOhbzt8i5LIOvJylR-WQFEoHDmxgIA','eyJ0eXAiOiJKV1QiLCJhbGciOiJSUzI1NiJ9.eyJpc3MiOiJpbmZpbml0b3BzIiwiaWF0IjoxNjg1NDE4MTA4LCJleHAiOjE2ODU0MTg3MDgsImRhdGEiOnsiaWQiOjF9fQ.U5sIpHKRB8wSnrMMip121TTAtzM9eRk4sG2ksOuZnILyo4x66kbMt6oSrWKT9MOIPr19ewQDQ11xSz6fjuTh41WnKllu3UnwW9NMrbqYBx2U2YFSqLlPIBsCw1x5mmERMt4PTulipdZiaylmXFuQPFpq1jHJMRt8wlZKo4jzu6B1Rayq3X-41QQflWzA2SEgTtHu5ykXKKMbsIaMDk3iscv-PHJUdDH-gkIJ0FBYLNDO5qC2lTiKLJ4LGpHhhyrSZpnhwtersIVRtKIb9MaNmmekoN08Td4sy0fNb0cUdMw35oNhBO5oARJYMOhbzt8i5LIOvJylR-WQFEoHDmxgIA','2023-05-30 03:41:48','2023-05-30 03:41:48'),(50,1,'eyJ0eXAiOiJKV1QiLCJhbGciOiJSUzI1NiJ9.eyJpc3MiOiJpbmZpbml0b3BzIiwiaWF0IjoxNjg1NTkzNzcxLCJleHAiOjE2ODU1OTQzNzEsImRhdGEiOnsiaWQiOjF9fQ.dfyU3ZeuBVOG0qMXasZf2aGqE3yxLhCiqdNFwgMLHU0pvSjOgEOt1JjNdB-mlvvIipxC94a2qfv_qWjcHLefVDtsZc4WBr1jixgKlpOCMPb1kgp5XqkHLLW8Wr5dddtyG-eyY5x2lzJcHAds9HZkiqMheYVdT0JimK_Fd9tZRiJdJ5bLMeZOQrQ8IE394BQyqjPT1atmk1wYe6q3q4xyjZu9-k7hFtoDevUI1YPTtw1RPtq7uW2wSCS7VuUOVJKaEHKLEJ_RuUv9UotRLxFOf0jgayhMJeLdBUNVShPMFGShcvraw3RcqUnxUlqF5xSHpom5bNvTRck3QzgjWc49Og','eyJ0eXAiOiJKV1QiLCJhbGciOiJSUzI1NiJ9.eyJpc3MiOiJpbmZpbml0b3BzIiwiaWF0IjoxNjg1NTkzNzcxLCJleHAiOjE2ODU1OTQzNzEsImRhdGEiOnsiaWQiOjF9fQ.dfyU3ZeuBVOG0qMXasZf2aGqE3yxLhCiqdNFwgMLHU0pvSjOgEOt1JjNdB-mlvvIipxC94a2qfv_qWjcHLefVDtsZc4WBr1jixgKlpOCMPb1kgp5XqkHLLW8Wr5dddtyG-eyY5x2lzJcHAds9HZkiqMheYVdT0JimK_Fd9tZRiJdJ5bLMeZOQrQ8IE394BQyqjPT1atmk1wYe6q3q4xyjZu9-k7hFtoDevUI1YPTtw1RPtq7uW2wSCS7VuUOVJKaEHKLEJ_RuUv9UotRLxFOf0jgayhMJeLdBUNVShPMFGShcvraw3RcqUnxUlqF5xSHpom5bNvTRck3QzgjWc49Og','2023-06-01 04:29:31','2023-06-01 04:29:31'),(51,1,'eyJ0eXAiOiJKV1QiLCJhbGciOiJSUzI1NiJ9.eyJpc3MiOiJpbmZpbml0b3BzIiwiaWF0IjoxNjg1NTkzODQxLCJleHAiOjE2ODU1OTQ0NDEsImRhdGEiOnsiaWQiOjF9fQ.ZudPlqeHFN-dcnXJMlhhI5UfaLpbpV7NLvW31S9o0kXzZa4SuE5Fmj1Ux2l28lO6kDaGslIGp4NfzqIUoLUWkDaviUpUmVsJEOWOL4m_3-W6yrcpLHOo-kRE6olsiaecg2HrZWnLnPILObKK_PP2LosUhKK8qhpSC2IWdMAJp5AFn6JhRxGTKaI_UsxKIaJX8zHFoTBDiOEaFXdvFuefRykpFcw8W5vGhk51RKkD187gVjwVfllePJgFMskCk32wihcri7XUYImc69HXTH9LtkqQQqqmWwBh8Ie2Dcm9w-ay158AmsjzUCab8ncThDsRPMeKJmgR-raiP_AWKXMxnw','eyJ0eXAiOiJKV1QiLCJhbGciOiJSUzI1NiJ9.eyJpc3MiOiJpbmZpbml0b3BzIiwiaWF0IjoxNjg1NTkzOTQzLCJleHAiOjE2ODU1OTQ1NDMsImRhdGEiOnsiaWQiOjF9fQ.hbhCCcf93PMb9daSniE6j-lmGCvNl7-7gkQFSzgmWIGRfor1K47GuHjgrq068HUft77czDqpyXEeMkqxuVvps4T8JY0t2KJyX22ER0FWS3idXoqAld6u6oVHScQXdnUnCxK7utfVZ9uUbqS7haF349dngmzDff54-UwWT3EgRy9QNnU_o0nSpC1QGPsJDLdOd3Lv0WIyJscilDZZx3yADhHPXIryTEv_36HSN3clObos7mGZIW4f9KIwqOoh5f-bZ_O9RGX8rKxbXRr2geApDHJHHNMp5J70IQRfIF2htedx8tQx9KLyxIGmrgwymjo4r0mG20HtjwbepOIR95u7tw','2023-06-01 04:30:41','2023-06-01 04:32:23'),(52,1,'eyJ0eXAiOiJKV1QiLCJhbGciOiJSUzI1NiJ9.eyJpc3MiOiJpbmZpbml0b3BzIiwiaWF0IjoxNjg5MTA1MzgwLCJleHAiOjE2ODkxMDU5ODAsImRhdGEiOnsiaWQiOjF9fQ.nruP77JJSW3xC07eDKKF-5Vx67erSMaG8pCsGHxGuZXM8WU6W_iAfbQzveufB2QP8wK6zfL1nedlryrHJegKBG8ElfXsxsWLbpgwoxcbScndEblBL-li7I6EE98nAwkBquhR1voEYE6ADf_03d9HNd5JzteIb1LwEH0YIQiIbgKEH9WsoI9zxfSfdJbPEUuVEW23QtXIlvmeWaau_RN5594FgoLvCh4_EnDA4c-LySUykr31nWhcncB7ZowHBKXcJywWUAPfGp1d5N3b1Jgo84lAvJOaoJf_vV6zbPgkcpZ04y07K_X5MV7YfY5_Jy7lqPJG-mSPdbpoyUXmDREO0A','eyJ0eXAiOiJKV1QiLCJhbGciOiJSUzI1NiJ9.eyJpc3MiOiJpbmZpbml0b3BzIiwiaWF0IjoxNjg5MTA1Mzg0LCJleHAiOjE2ODkxMDU5ODQsImRhdGEiOnsiaWQiOjF9fQ.GMslrStpbCCT2CU0Gq_1lSYd15HOj-Mh18WuloO_HKgM7AWVn_vUiSg7TVR-PrLlFU0la7CPoH3fGJV3mVmpf-vgjBX4Ke2Im-4iyWxCnL-oMP5jCOOPkpOkj9jVU1Kb2ighGYSt9DZVTooFzNI7OFk5vKlhhqfiwThA4rvVRTeqiedk_f1jwwnxREEFOu30YQoW04W9Eiun-4l7tpPSU4hpPRAdmenbRmyuR1CRDdZ04_DbRYC_CnKE3cSwV65rJ-cYi2jEGinjO5ylIVMWIREYbg7aju4wGI130DtyV9zCdHBP7hSlHqqM16oNa49e9T02_G-xkyR5-iZ14OXdKA','2023-07-11 19:56:20','2023-07-11 19:56:24'),(53,1,'eyJ0eXAiOiJKV1QiLCJhbGciOiJSUzI1NiJ9.eyJpc3MiOiJpbmZpbml0b3BzIiwiaWF0IjoxNjg5MTA3OTA2LCJleHAiOjE2ODkxMDg1MDYsImRhdGEiOnsiaWQiOjF9fQ.Et1Hy1kQoEHPmpRXsI6n0XOGvqyjEyiUSWH4oAGoi10dP_aA_yKXrYZbpm6RqNhmtmnha4e6CX0F74XM7AEtLrg8MI-ZLNsLtWOvahUVbyLQWeNKJ_JEmGjSEoO171Rjg_Rq4T9mel4MtRbCg5D81v2x6CnW-ws6k5zc3HJBRU3owsVoejLnZJBNuVuYDiAu3j9qgi_xi9C9UGg1cRhPcSgZkhWqF-ru6haHnEJTGBhQTleEkacTJO-DQe1xZZ3j8V5ZOLHupVRuTbdZwxg1LgVL9f3SQdWq4jUn3qNrzqTncP_TGYBQhWQorS_kf1CWVAZ5smSp6aO9azWj9Ny3FA','eyJ0eXAiOiJKV1QiLCJhbGciOiJSUzI1NiJ9.eyJpc3MiOiJpbmZpbml0b3BzIiwiaWF0IjoxNjg5MTA3OTA2LCJleHAiOjE2ODkxMDg1MDYsImRhdGEiOnsiaWQiOjF9fQ.Et1Hy1kQoEHPmpRXsI6n0XOGvqyjEyiUSWH4oAGoi10dP_aA_yKXrYZbpm6RqNhmtmnha4e6CX0F74XM7AEtLrg8MI-ZLNsLtWOvahUVbyLQWeNKJ_JEmGjSEoO171Rjg_Rq4T9mel4MtRbCg5D81v2x6CnW-ws6k5zc3HJBRU3owsVoejLnZJBNuVuYDiAu3j9qgi_xi9C9UGg1cRhPcSgZkhWqF-ru6haHnEJTGBhQTleEkacTJO-DQe1xZZ3j8V5ZOLHupVRuTbdZwxg1LgVL9f3SQdWq4jUn3qNrzqTncP_TGYBQhWQorS_kf1CWVAZ5smSp6aO9azWj9Ny3FA','2023-07-11 20:38:26','2023-07-11 20:38:26'),(54,1,'eyJ0eXAiOiJKV1QiLCJhbGciOiJSUzI1NiJ9.eyJpc3MiOiJpbmZpbml0b3BzIiwiaWF0IjoxNjg5MTA4OTg1LCJleHAiOjE2ODkxMDk1ODUsImRhdGEiOnsiaWQiOjF9fQ.CnSVQ0GD_Rm2Mj-a_3RIRn1cmilzIcF9JB0ZoR_g3Pwa0dUurXQOykepmeZsME2cDdW_7sK3Vzgx-w05fscQpekznVnZpByWDdcF1T482NiZcuSAdMl8monUWnCg4jfFVGUjXhjL-ps0m4tj4fFL6BwY3KOIZgw_ucBNrU7qVr0ZszdZ9zAL0bl8jVHLbOdiJKvKkk53n7A7TK9XS35euCRzwYdO4RLjO-4GF5RG6fZXwe0psfmXyHB5l6eyu3xh4B8V_-H7Gb3CtYdmEYyTbBfJPeTLNRdxozLarKHz87v_-zaIxF41md_tDUTbBaDQYouT7OxDxjvAvaFhlKH0zQ','eyJ0eXAiOiJKV1QiLCJhbGciOiJSUzI1NiJ9.eyJpc3MiOiJpbmZpbml0b3BzIiwiaWF0IjoxNjg5MTA5Mjg4LCJleHAiOjE2ODkxMDk4ODgsImRhdGEiOnsiaWQiOjF9fQ.FZ-BG92EU3OINdBRrH6bve7rTuSlX7GIt8YZ9r6BW4z1f6Mqqu2KugqIyBn6bs4s50ll4-cWpEKVNmeRJvSLsaJT29RvsDp0O4ZgW4T9C9EmYQ1cYiA4hLjxM1N_MSuxLJmiLk-IUIZdKucYwCHKpzLOQg3uLr6LuQJzDMRFN-BBhNCnKxGQ-c4oGity40V79Ae6ucNnVfwVafHtZUTh0DTgM2lRize3jL5hT5J7wVD26z8zVpVSEJ9zQgI1M8N1QANx0ULTM1Vet0ELL0w5SRACwXS0k65fwraJJIzeTnKP8WL_Q6lcddNqnJOZQhOI0ilI4mhcTeFR_bKdMhNesw','2023-07-11 20:56:25','2023-07-11 21:01:28'),(55,1,'eyJ0eXAiOiJKV1QiLCJhbGciOiJSUzI1NiJ9.eyJpc3MiOiJpbmZpbml0b3BzIiwiaWF0IjoxNjkzMjgwNzU2LCJleHAiOjE2OTMyODEzNTYsImRhdGEiOnsiaWQiOjF9fQ.aNRXnb1HTA0N-DEql7JcsmhDC7djIbRSwDkxx8fkbRcSh-Qe29tLHdXBjveW1ca4Yj21dG0-GQk_QBjFk4VKwoVb2QBTYz5EyhPEbXe8b-iCRrMdKXJiUsneR_U4ep5o_Pp5fI9tXGEXS_XpectCQMW1W5_jArH2wxYDin7giMsCQLrUIidbEdmAxMsi1ixOI7eg-0icRLGxGtkgE6dbblt3sKyAnX_XnvbNla0GpM3fjJSU0s86PqD97ynp1udNc79iNOGsUPm-pBvqVBMjJwf3406gbrsj1OgAr05rQZzUBVWPMvz9iXettU7Msht8iGTPawzH0yLsRn59aFxrzg','eyJ0eXAiOiJKV1QiLCJhbGciOiJSUzI1NiJ9.eyJpc3MiOiJpbmZpbml0b3BzIiwiaWF0IjoxNjkzMjgwNzY5LCJleHAiOjE2OTMyODEzNjksImRhdGEiOnsiaWQiOjF9fQ.Dx5N7OVQoLRXEpqqx0pOyz8DIO547LbX-OmYhR90UGDkroJb0nvF31kQY_tFh4qViu9wiWBSMuAqqnBdgSn1YGITcCkHdD7XN83IZVZHBjUduJCCaDz02HSuZ0p-HmpQhkWnYCWeIgReW1lbY_3gh7Ij3WJjW1dZN1yRTIFfXd6JehYXnbTsvqZG7dV-1qJnmky0-0aPIxQ3lkvHpSvAjI3u3TJTuzsrcV_fZrpwpncgptW2KT_0HaQCqCovZIfE6meX9lsX0ZoeTmPGYkDUXx1jNGu9q8P5IX3ng3wXHl9X4b4--Dtld3jkMgQg5VU3mX4goifHPfqfpmOXOhzjOQ','2023-08-29 03:45:56','2023-08-29 03:46:09'),(56,1,'eyJ0eXAiOiJKV1QiLCJhbGciOiJSUzI1NiJ9.eyJpc3MiOiJpbmZpbml0b3BzIiwiaWF0IjoxNjkzMjgxMDczLCJleHAiOjE2OTMyODE2NzMsImRhdGEiOnsiaWQiOjF9fQ.KA4hyJTftOTpvIzlTBRNvjIOeCkm-Cxj2qCmy1Tr5zVsCKf3x3MdhOuo_quvTpOXY2Y2N7mbD0kT56rMo3DK8G9Nhh5weNHf8-WnSWf9j9_f25NiUl1eNBf-kchNw_a2nJw4xc0w0ULlQrw72z2YUaVkO32Lcbo4j52yGEwI83Sk4eVXGsUxO8syuLwo1UQxhOs_cda9CyiEUrH5zGWZddWK5qBsFT9xWegi5Y84RkzW66fHPNQnjtObZEOfebD4c5AzO0MOlo9r2-CqbNoe27sVXf4PwkEhWC3WOJXiP7uB4hou8Qf__JdBW-6jDCenW0zkiQOmw88RJq7Rukitug','eyJ0eXAiOiJKV1QiLCJhbGciOiJSUzI1NiJ9.eyJpc3MiOiJpbmZpbml0b3BzIiwiaWF0IjoxNjkzMjgxMDgxLCJleHAiOjE2OTMyODE2ODEsImRhdGEiOnsiaWQiOjF9fQ.oMTqJAEVhgcd3RhloHvDttSXWV-LvLYBeX1OtZsZXbc5CXlu4TGAkb7ut5DCkvlI9o95jSGYm6zQFWFxDEgM1UwWnNCUjXzRC7MOU2ZE2O-57pNxTYrZaJUKSgGYAuqY-xRYpftRhPDc60AEtzP8y0xlPc1FuSnBgN1KkEBzTp_GrW7JfFr5CvhbzUufTRbe1YSJJxoQmuz-QenVOoJ-2PiiYuTKGqjdrN7JYdPkolGsONHU9CE6b3qmlMgpVoWgkTaBHRbZggkjlOMbOLQv50eh4k9Ge8DTgA_AXZZ1uC1-X45K77_-kFY0tHJvDb-c3NRtKwq6vAXTgGUFDXfbAg','2023-08-29 03:51:13','2023-08-29 03:51:21'),(57,1,'eyJ0eXAiOiJKV1QiLCJhbGciOiJSUzI1NiJ9.eyJpc3MiOiJpbmZpbml0b3BzIiwiaWF0IjoxNjkzNDk0OTM5LCJleHAiOjE2OTM0OTU1MzksImRhdGEiOnsiaWQiOjF9fQ.dEYemLpBOhg8RuG-g1aVicNXQKD7foKAEsk_7LxJpwxYDSb2xi7r3h7QRSRq8RX5PYgmW-M16w4ckf1ZLZM19Md9TfRlI-IXpPXgdUgu8SHJ2xFb2wjDpv8qki-cvsBGntndwLY1F0IKTasH4FaLnl6QVtWijspa17klVB4FGhVElYCrwVF8-NdXjQnbXUrLbmAAjYOJ8Td1s5Zryh4ZfOGvwwFqLOEHpiRAcB2XjlfdX2qWVmDhmuFWranhoiJIB6oL_xLLiq2RvMZdO2D0TC0InJmDMTOvYNnhzo16DjvkeUzbYFaJ7vWtvMT1CHmrIngsRYoH1wcJBViHk-j3Yw','eyJ0eXAiOiJKV1QiLCJhbGciOiJSUzI1NiJ9.eyJpc3MiOiJpbmZpbml0b3BzIiwiaWF0IjoxNjkzNDk0OTQzLCJleHAiOjE2OTM0OTU1NDMsImRhdGEiOnsiaWQiOjF9fQ.UKBoCpCYk3nPkS0rANrT7mYWfJzZhyWlFRMTnIEo2sBb66gmgcp8sa3JTXHf1isXjyflnnweFFkHUunTim-CtQzY6v9DJfiPU3VvkhPtuxSzJ4LFZpMlGHNSlStLU6m-A533NR8vz70D70Yros3NyJkYUudLCFVJ8LvD4ofsdM9rI8NRHBh8WVdi1-oAPKzCpRvkurs40t8PT9D7PNiVGO2OhiRP34o_pah2AgxB4HyiBq-lU-BsSNqMccfzvIP0LHboe9wV1al0DiapDx8TIbmKuvnau5lFO1RO0DPis6F56EGqZPwPbRDihDFIovy1MAtOAXU8SDyYNoxZkpsH9Q','2023-08-31 15:15:39','2023-08-31 15:15:43'),(58,1,'eyJ0eXAiOiJKV1QiLCJhbGciOiJSUzI1NiJ9.eyJpc3MiOiJpbmZpbml0b3BzIiwiaWF0IjoxNjk2OTI2NTE1LCJleHAiOjE2OTY5MjcxMTUsImRhdGEiOnsiaWQiOjF9fQ.bXDtJf9w4QBn5XTOXYl5vUyv_YfXaVYi-wprtMBbmHQ9gs850LaHv3EHhIL0qTM0GtZ_zt7UPjZA2hircHmdfMytbMCZASMiOR3yfdiB46UUJhMIDj1NZypujj_fHI0gdr07waUTE4qLiv4Oa1Z08llkdKw_0id15mg-6bmLaD6WXCNTv9CNqpRUPJpOYKIpEKvKsEnFo6oGyXu2fdz-hz47yqIbGoY2ceyxoRyaOkuI31IvwtS4iCEbuCgJPTMkduPxphMWKTif4OKqtX1IV6fM7uSJ31HZU-F63PmjRo7oCJBB8wv48Ubd6T0q3aBxO6Emzwqp1sie4f5qBdutwA','eyJ0eXAiOiJKV1QiLCJhbGciOiJSUzI1NiJ9.eyJpc3MiOiJpbmZpbml0b3BzIiwiaWF0IjoxNjk2OTI2NTUxLCJleHAiOjE2OTY5MjcxNTEsImRhdGEiOnsiaWQiOjF9fQ.n-lzpA0w13RHUlK690vwenfkq4tk4s-LHYRl4Zj0_eKAeTKhK47TaybsHPnOmMStj0CdQGPasRdyGRu7Lc6Jg61yCrCHUS9yQwtTWi6YA15pJCOZr6QuVBw2bwbI8rilBETvzkFtCaKpvk4wnLDgSCCOVRth1smJ_-ZsyvEA_N0qSMHa9ih4RBs7xpVxRSezn6xCEB2SwE_D4Vpkc3wSME3fB0RAtqhYyDRcrJMb96RUqmSTZnoZZl4DYzSrSfb_h4ZCtqzR2WX5_7hLuBHo4f0N4_Yc74jrMun4RUMh6evNTDuoJITjIgjSbw-UsugLnAnC8A8JZKlOu2wD0qaIyQ','2023-10-10 08:28:35','2023-10-10 08:29:11'),(59,1,'eyJ0eXAiOiJKV1QiLCJhbGciOiJSUzI1NiJ9.eyJpc3MiOiJpbmZpbml0b3BzIiwiaWF0IjoxNjk2OTMxMzQ0LCJleHAiOjE2OTY5MzE5NDQsImRhdGEiOnsiaWQiOjF9fQ.eFK-jNAtMYIbNXTyzblaqVi2bTM95ed1N8BCbelsJidHB9s_s2bMk4sWKforOX4opsUvWjwthNfkQJ5P-uUlU8AIFUha_WbfhzvgRuvlLJyRZN3s5D3KaYtYZsIWFhB7xPUENL48fs0fwU5efUbFe35p2DnnCRHDhIh-bEnbXtPbjJdjKVTlOeF9cC99LtQA6T5xOZL37JYJwaFhrrEz8slOPw4XdDECVUhzwCn1kJu1_3x1NGr4JRP2r1_tvcddTycmj6otrYXgp6Kk04Gcz_vBM1q9OWDu08rhO9gaQGbNw_Y8UJu2M8vW29OKXzS-j7xhlmxZVHdBAd9lJN4gtQ','eyJ0eXAiOiJKV1QiLCJhbGciOiJSUzI1NiJ9.eyJpc3MiOiJpbmZpbml0b3BzIiwiaWF0IjoxNjk2OTMxMzQ0LCJleHAiOjE2OTY5MzE5NDQsImRhdGEiOnsiaWQiOjF9fQ.eFK-jNAtMYIbNXTyzblaqVi2bTM95ed1N8BCbelsJidHB9s_s2bMk4sWKforOX4opsUvWjwthNfkQJ5P-uUlU8AIFUha_WbfhzvgRuvlLJyRZN3s5D3KaYtYZsIWFhB7xPUENL48fs0fwU5efUbFe35p2DnnCRHDhIh-bEnbXtPbjJdjKVTlOeF9cC99LtQA6T5xOZL37JYJwaFhrrEz8slOPw4XdDECVUhzwCn1kJu1_3x1NGr4JRP2r1_tvcddTycmj6otrYXgp6Kk04Gcz_vBM1q9OWDu08rhO9gaQGbNw_Y8UJu2M8vW29OKXzS-j7xhlmxZVHdBAd9lJN4gtQ','2023-10-10 09:49:04','2023-10-10 09:49:04'),(60,1,'eyJ0eXAiOiJKV1QiLCJhbGciOiJSUzI1NiJ9.eyJpc3MiOiJpbmZpbml0b3BzIiwiaWF0IjoxNjk2OTMxNzIwLCJleHAiOjE2OTY5MzIzMjAsImRhdGEiOnsiaWQiOjF9fQ.UCXY5dNRTogRFXt8MIQUoFTb8fYi_9Z7b48B2G08StBfGnm_BxeFRQ1Mc1zGtAJXRNUuzsWfYMAdHRtzhKc5_kwd63mMPzdZtElCZhRPG3lgburguNM-pYgtYgEeGKnYfyN-s0FgvZJkyVV-KgKTkW5KrKq7DVmUDdghyEVSYKFUs3WJdUyFAZJe2k7fbwmIVDNRWwQFutA5uCBvU_wgolJekY_3Zw7URREDgv3-SgkFySxXgy1Qh2dFNEOMZBa8J3hf64Hq-4vokfGo8ZYfAxn7we9zZHM-WemiS2lCoqyQsTxP9A9vXwNOmP26EB6zWZZpUd2ydlWPSP1du75bcA','eyJ0eXAiOiJKV1QiLCJhbGciOiJSUzI1NiJ9.eyJpc3MiOiJpbmZpbml0b3BzIiwiaWF0IjoxNjk2OTMyMDAyLCJleHAiOjE2OTY5MzI2MDIsImRhdGEiOnsiaWQiOjF9fQ.Ao6voxXKHtPfkjL9pkMAA3qu09iR9p9O_ycaMrhuCzH5-d7ee6XhmM92pNNW4E90fJrR-FDaobXXXt-rQxD4wb_I-VUF9ERmePQBdV6Hzq-l7UAm-BsX_qgGA784VxO7KlsNtJ3SU-w0G9F1C2-TkAAYJgktiZel1K6uVSIaTRa7ICg-E3aRxC945zjchVERzgBL5nBDhaUzPoSITD3nGgy3lNdByzB38c2rULMVBosHTv0F1IVO5BMVU7u9AKe9ge9req-y7sF-4XX0vHHlwQmGtHqIHTx_EQRqR69coZHuHT9b32wiW1oZ-Od9vwG0_ycvcz--Zar22luFC_TX8g','2023-10-10 09:55:20','2023-10-10 10:00:02'),(61,1,'eyJ0eXAiOiJKV1QiLCJhbGciOiJSUzI1NiJ9.eyJpc3MiOiJpbmZpbml0b3BzIiwiaWF0IjoxNjk2OTUzNTkxLCJleHAiOjE2OTY5NTQxOTEsImRhdGEiOnsiaWQiOjF9fQ.pPL8Q04IY3o2mGTNIOT2LnCdi5EUzw8ZpGqWemPxnIO7klfdjXkrv_eYn5hx8BBKyq12MblK8YwTGJ3KQ-9Lgbg7IvmVVJyDigi-pGGP4z04kva8n8sQPajY1KrGAXGLDsg-XW5UiMLXkP73XlZL38n4vJl_m7cvc7XL0j2362lfuZldi_VwoAkQXH9OnK6uz35vdf0aZbKpp0VytRiTa4M4OxI2VqsTMnnrSE8C-OzuKB2OY8rsijfEB2QliDr24VTrr8Z69ZCETOcBU1kx5gq0RNBEN5MeHMxfse-IwH7yqpJfLWmFevVA4F28eG3DsIYpYzAVC7-jer0Nz1H8TA','eyJ0eXAiOiJKV1QiLCJhbGciOiJSUzI1NiJ9.eyJpc3MiOiJpbmZpbml0b3BzIiwiaWF0IjoxNjk2OTUzNjMxLCJleHAiOjE2OTY5NTQyMzEsImRhdGEiOnsiaWQiOjF9fQ.cyWNIGbCAimGYMjSAJFIbEN5XbdhOCFEUT6n6pEq72DfaeRhNxexOCJ6cbFaHAtYQxI2BPcC_piiFnSVGdKK_wmI3e7uSphqjpSdKAeHeimGjkpkTJmCfCYA6t_QjQ0TD3IdfvMShbx3b94S4pF9E9iFQXpkEtNBFAlvwk6lLo0NAzhDcoT7c6eGMUgUabGJysnj2-74oKAZGNhpY3bxfmtNtMKisP6JzW_FlOTT0alVTzjJId9hz4nZTIK_dnxfiDoC0guWwkENL_QhSmwm16ThN8s3Mgc0v1Ypq4UU-_LIYKrX9NPQOMOfwHFR9kdvvqmOpwE7X-cyZh0sErfKow','2023-10-10 15:59:51','2023-10-10 16:00:31'),(62,1,'eyJ0eXAiOiJKV1QiLCJhbGciOiJSUzI1NiJ9.eyJpc3MiOiJpbmZpbml0b3BzIiwiaWF0IjoxNjk2OTU0NzMxLCJleHAiOjE2OTY5NTUzMzEsImRhdGEiOnsiaWQiOjF9fQ.BNU44Ldykb2t05LmLq55S3D9D5cgu2-zG9dazmBrNbrTEKn7zmzTrm7AuEcdgonbJWvomuAth3gtbg8RkkDCL95SbG3K7rQY3MiF8cGk31TjVywheY-T_FcfjxgINbn7uH8vU3TmuqqlTVV_vXC_O3z2Q-onG_G2m2TVvU3guObzKnnfXeFn0OJDNosf0-9x0Vakq6FRudvYZATYJzeAVJ37xWy8co7hbnss4TLUYzhBLXI8PIdFG_GeZtgNyXTZWKJUHDsTygEAR3xTDHXOW2BwDJ77SMPVuuT_4zMgDqC1YMkLvXiffVpvZRaHeWz0ijF90k6z6XsG9EmP8u0DUw','eyJ0eXAiOiJKV1QiLCJhbGciOiJSUzI1NiJ9.eyJpc3MiOiJpbmZpbml0b3BzIiwiaWF0IjoxNjk2OTU0NzMxLCJleHAiOjE2OTY5NTUzMzEsImRhdGEiOnsiaWQiOjF9fQ.BNU44Ldykb2t05LmLq55S3D9D5cgu2-zG9dazmBrNbrTEKn7zmzTrm7AuEcdgonbJWvomuAth3gtbg8RkkDCL95SbG3K7rQY3MiF8cGk31TjVywheY-T_FcfjxgINbn7uH8vU3TmuqqlTVV_vXC_O3z2Q-onG_G2m2TVvU3guObzKnnfXeFn0OJDNosf0-9x0Vakq6FRudvYZATYJzeAVJ37xWy8co7hbnss4TLUYzhBLXI8PIdFG_GeZtgNyXTZWKJUHDsTygEAR3xTDHXOW2BwDJ77SMPVuuT_4zMgDqC1YMkLvXiffVpvZRaHeWz0ijF90k6z6XsG9EmP8u0DUw','2023-10-10 16:18:51','2023-10-10 16:18:51'),(63,1,'eyJ0eXAiOiJKV1QiLCJhbGciOiJSUzI1NiJ9.eyJpc3MiOiJpbmZpbml0b3BzIiwiaWF0IjoxNjk2OTU0Nzg5LCJleHAiOjE2OTY5NTUzODksImRhdGEiOnsiaWQiOjF9fQ.OSNbSx6LTru9X9YPwlij1dzXbLFK8XI8-lnrAJr_RMfmPnn2LUPyDeLYb-p-cIHN2xsmK3D47WhkuPvj3WQmcGBvyFOighVPJ1bggwrzstbjlX8fcDgNWfoSKO6J1IlRr1H0k59vLqZmuC3UIvNXfGipZvaumvDDqFWInsly-LnPbi_9Ubye5agL_7wL05PC0_yb5MLTNN4EgSGNEiTJB-H5ssrF6ybQMb0XJ3x2YAQusW6fg36WjUagPgXFm35GiQ1C1qwS6HnMaAG8DV8ZIiajKTxFwx35XTR-dQbOMPzdJIvkTMytQC7AjgiLVNolIvEzvtV0x4X4VmmWKaJBmw','eyJ0eXAiOiJKV1QiLCJhbGciOiJSUzI1NiJ9.eyJpc3MiOiJpbmZpbml0b3BzIiwiaWF0IjoxNjk2OTU0Nzg5LCJleHAiOjE2OTY5NTUzODksImRhdGEiOnsiaWQiOjF9fQ.OSNbSx6LTru9X9YPwlij1dzXbLFK8XI8-lnrAJr_RMfmPnn2LUPyDeLYb-p-cIHN2xsmK3D47WhkuPvj3WQmcGBvyFOighVPJ1bggwrzstbjlX8fcDgNWfoSKO6J1IlRr1H0k59vLqZmuC3UIvNXfGipZvaumvDDqFWInsly-LnPbi_9Ubye5agL_7wL05PC0_yb5MLTNN4EgSGNEiTJB-H5ssrF6ybQMb0XJ3x2YAQusW6fg36WjUagPgXFm35GiQ1C1qwS6HnMaAG8DV8ZIiajKTxFwx35XTR-dQbOMPzdJIvkTMytQC7AjgiLVNolIvEzvtV0x4X4VmmWKaJBmw','2023-10-10 16:19:49','2023-10-10 16:19:49'),(64,1,'eyJ0eXAiOiJKV1QiLCJhbGciOiJSUzI1NiJ9.eyJpc3MiOiJpbmZpbml0b3BzIiwiaWF0IjoxNjk2OTU0ODk4LCJleHAiOjE2OTY5NTU0OTgsImRhdGEiOnsiaWQiOjF9fQ.OgNI9UbpwVfnEj4q-e6dh926aHy0Koda-vsOIgqFSvN5CKf_wHfYTFv9E2t_RwkeKfj-5OoRWdyESgtE1RRHrUbH_MM6KPsHK2PC3MGYBsC6Yj_-HWtMIHw4LPn8BtBQ9wE4zoh3bTvNkJ2zTl6xzxYWsaKoAn4-2rV-L92rz_xPpQVhov6MwFJDO2StQqXxnTlJo6EIVBpCDc3wGSd8-iRhkjIECwvTQeCEYH7LytieAcg4Za9wuHOZBIdMTvsKkIf-5JVu35xOfj2YhaaEQQZuSAr_52EM-c2I14sUM2ThQRS-mRqzJbZUVebb2Iber0yjpDt89aShiBwzOT489A','eyJ0eXAiOiJKV1QiLCJhbGciOiJSUzI1NiJ9.eyJpc3MiOiJpbmZpbml0b3BzIiwiaWF0IjoxNjk2OTU0ODk4LCJleHAiOjE2OTY5NTU0OTgsImRhdGEiOnsiaWQiOjF9fQ.OgNI9UbpwVfnEj4q-e6dh926aHy0Koda-vsOIgqFSvN5CKf_wHfYTFv9E2t_RwkeKfj-5OoRWdyESgtE1RRHrUbH_MM6KPsHK2PC3MGYBsC6Yj_-HWtMIHw4LPn8BtBQ9wE4zoh3bTvNkJ2zTl6xzxYWsaKoAn4-2rV-L92rz_xPpQVhov6MwFJDO2StQqXxnTlJo6EIVBpCDc3wGSd8-iRhkjIECwvTQeCEYH7LytieAcg4Za9wuHOZBIdMTvsKkIf-5JVu35xOfj2YhaaEQQZuSAr_52EM-c2I14sUM2ThQRS-mRqzJbZUVebb2Iber0yjpDt89aShiBwzOT489A','2023-10-10 16:21:38','2023-10-10 16:21:38'),(65,1,'eyJ0eXAiOiJKV1QiLCJhbGciOiJSUzI1NiJ9.eyJpc3MiOiJpbmZpbml0b3BzIiwiaWF0IjoxNjk3MjAwMzEzLCJleHAiOjE2OTcyMDA5MTMsImRhdGEiOnsiaWQiOjF9fQ.QrFOlgFZ5pCH81zsu6GzDwIMkVypNVdHirqDKOnfTlELZ2X52XpyDos78x5vdKccYOvcsSKEuoXvcVZ4rlZ6FPKv52ENcUSMn4hEUFhCRSlnWzrcaxRDrD3HSs2ClUIpLoBwZZkJDU3QpKGXJa_1J0uUPBNiA_LEuwR1N8E3lQ08AFwGM_p-wqbeQycXEzYtNEZsz11okt58CT05ife10Cgj8k10qHk-vqIhTvUlpAtKUMiZnfjM2vh8VILeFyNl0Q8wQll21Jv5GoUGxHrJGRbymjWkU2cTyBfKCaBdQStEOTYHUDqG7wFVZl8Eeu-aX5pMdMZFPtkvAc3hGaueWg','eyJ0eXAiOiJKV1QiLCJhbGciOiJSUzI1NiJ9.eyJpc3MiOiJpbmZpbml0b3BzIiwiaWF0IjoxNjk3MjAwNDQwLCJleHAiOjE2OTcyMDEwNDAsImRhdGEiOnsiaWQiOjF9fQ.fr_A-ZggK1RwtJXGkeGfyVvQj2UB8-EEEPCpq5edgH0xfqobgKtNLFT6CYGdSV-cK1NjEdm4FFErqo2JMDl2pnJ-KISYAsqlIB7xCiM1xLKOs7VQIzeIrfqohyTRpWlnf_ZYGHdTyv91kh-4jA991Al5-tKR28vfDMc7Fs_NkqGHCE_lIp8h97cPRUsyiDWOhMGoYaOuB3LeKpzrmDuQ1_FMvVmbjehYZXunepSRkorpOYHPk1msTISGy0aFa4UsflywSGZntv0R19p7yJWPQou5-zfJvTUSykBGBEKdXqxBR56TViTuxrj5oXpXDwPp0wKPRXMSZh6j8qvWzxsqDQ','2023-10-13 12:31:53','2023-10-13 12:34:00');
/*!40000 ALTER TABLE `user_tokens` ENABLE KEYS */;
UNLOCK TABLES;

--
-- Table structure for table `users`
--

DROP TABLE IF EXISTS `users`;
/*!40101 SET @saved_cs_client     = @@character_set_client */;
/*!50503 SET character_set_client = utf8mb4 */;
CREATE TABLE `users` (
  `id` int NOT NULL AUTO_INCREMENT,
  `category_id` int DEFAULT NULL,
  `email` varchar(100) CHARACTER SET utf8mb4 COLLATE utf8mb4_general_ci NOT NULL,
  `phone_number` char(50) CHARACTER SET utf8mb4 COLLATE utf8mb4_general_ci NOT NULL DEFAULT '0',
  `first_name` varchar(100) CHARACTER SET utf8mb4 COLLATE utf8mb4_general_ci NOT NULL,
  `surname` varchar(100) CHARACTER SET utf8mb4 COLLATE utf8mb4_general_ci NOT NULL,
  `middle_name` varchar(100) CHARACTER SET utf8mb4 COLLATE utf8mb4_general_ci NOT NULL,
  `password` varchar(500) CHARACTER SET utf8mb4 COLLATE utf8mb4_general_ci NOT NULL DEFAULT '',
  `status` enum('Active','Inactive') COLLATE utf8mb4_general_ci NOT NULL DEFAULT 'Inactive',
  `activated_by` int DEFAULT NULL,
  `deleted` tinyint NOT NULL DEFAULT '0',
  `deleted_by` int DEFAULT NULL,
  `last_login` timestamp NULL DEFAULT NULL,
  `created_by` int DEFAULT NULL,
  `created_at` timestamp NULL DEFAULT CURRENT_TIMESTAMP,
  `updated_at` timestamp NULL DEFAULT NULL,
  PRIMARY KEY (`id`) USING BTREE,
  UNIQUE KEY `unique_email` (`email`) USING BTREE,
  KEY `index_email` (`email`) USING BTREE,
  KEY `fk_user_creator` (`created_by`) USING BTREE,
  KEY `fk_user_category` (`category_id`) USING BTREE,
  CONSTRAINT `fk_user_category` FOREIGN KEY (`category_id`) REFERENCES `user_categories` (`id`) ON DELETE RESTRICT ON UPDATE CASCADE
) ENGINE=InnoDB AUTO_INCREMENT=35 DEFAULT CHARSET=utf8mb4 COLLATE=utf8mb4_general_ci;
/*!40101 SET character_set_client = @saved_cs_client */;

--
-- Dumping data for table `users`
--

LOCK TABLES `users` WRITE;
/*!40000 ALTER TABLE `users` DISABLE KEYS */;
INSERT INTO `users` VALUES (1,1,'kimjose693@gmail.com','0717845485','Admin','Admin','Admin','$2y$10$IrHS8RiC4rmD4iZ3Wjghy.hkhsbUoWfbB7WS4HE6Rp8TtertmAgEa','Active',1,0,NULL,'2023-10-13 00:38:22',NULL,'2023-04-11 07:43:03','2023-10-13 12:38:22'),(31,2,'Kjaio@gmail.com','0790392944','John','Kamau','','$2y$10$C2yeEg0xII8dm3eI93wtgut5lQ0.Uce45Hfy0jzvuwtDRiY0GMBMK','Active',1,0,NULL,'2023-05-24 05:56:17',NULL,'2023-05-24 17:50:58','2023-10-13 12:39:02'),(32,2,'kamau@gmail.co.ke','0789123123','Jack','Kamau','Daniels','$2y$10$3N1Ud8zObUFIw8Vc43X1WePA8qpmguwG.BeYxWGhIBHy4CIlQJm1m','Inactive',NULL,0,NULL,NULL,NULL,'2023-05-24 17:53:26','2023-05-24 17:53:26'),(33,2,'Laga@gmail.com','0789123145','Ligi','Biggi','','$2y$10$HwcRP.FuKhaMhIQA8Ddd9uoeYClkQllbrAxHL171RQr2ptwep/09u','Inactive',NULL,0,NULL,NULL,NULL,'2023-05-24 17:54:55','2023-05-24 17:54:55'),(34,1,'jnkimani693@gmail.com','0717845364','Joseph','Kimani','Ngima','$2y$10$mainw3RYjqJH9R3rrkfvjeQEn.PWmWNSlGUMS5q3WmAJU0ySiejBO','Inactive',NULL,0,NULL,NULL,NULL,'2023-07-01 07:59:23','2023-07-01 07:59:42');
/*!40000 ALTER TABLE `users` ENABLE KEYS */;
UNLOCK TABLES;
/*!40103 SET TIME_ZONE=@OLD_TIME_ZONE */;

/*!40101 SET SQL_MODE=@OLD_SQL_MODE */;
/*!40014 SET FOREIGN_KEY_CHECKS=@OLD_FOREIGN_KEY_CHECKS */;
/*!40014 SET UNIQUE_CHECKS=@OLD_UNIQUE_CHECKS */;
/*!40101 SET CHARACTER_SET_CLIENT=@OLD_CHARACTER_SET_CLIENT */;
/*!40101 SET CHARACTER_SET_RESULTS=@OLD_CHARACTER_SET_RESULTS */;
/*!40101 SET COLLATION_CONNECTION=@OLD_COLLATION_CONNECTION */;
/*!40111 SET SQL_NOTES=@OLD_SQL_NOTES */;

-- Dump completed on 2023-10-13 19:05:08
